[{"file": "BIOMD0000000821_copasi_Reinforcement_learning_based_c.ant"}, {"file": "autogen_report_for_task1.csv"}, {"file": "curation_image.png"}, {"file": "Yazdjer2019 - reinforcement learning-based control of tumor growth under anti-angiogenic therapy.sedml"}, {"file": "plot_1_task1.csv"}, {"file": "Yazdjer2019 - reinforcement learning-based control of tumor growth under anti-angiogenic therapy.xml"}, {"file": "Fig 1.png"}, {"file": "Yazdjer2019 - reinforcement learning-based control of tumor growth under anti-angiogenic therapy.cps"}]