[{"file": "wu_yang_vinnakota_beard_2007_version02.ai"}, {"file": "report.csv"}, {"file": "wu_yang_vinnakota_beard_2007_version03.ai"}, {"file": "simulation_0.sedml"}, {"file": "wu_yang_vinnakota_beard_2007.cellml"}, {"file": "wu_2007.png"}, {"file": "wu_yang_vinnakota_beard_2007_version02.svg"}, {"file": "wu_yang_vinnakota_beard_2007_version03.svg"}, {"file": "wu_yang_vinnakota_beard_2007_version02.xul"}, {"file": "wu_yang_vinnakota_beard_2007_version03.png"}, {"file": "wu_yang_vinnakota_beard_2007_version02.png"}]