[{"file": "2D-BaseModel-PLOS2012.sedml"}, {"file": "3D-BaseModel+SlowNaInactivation-PLOS2012.sedml"}, {"file": "plot.csv"}, {"file": "report.csv"}, {"file": "pcbi.1002524.g008.jpg"}, {"file": "pcbi.1002524.g009.jpg"}, {"file": "3D-UngroupedModel-PLOS2012.sedml"}, {"file": "3D-BaseModel +Noise+Adaptation-PLOS2012.sedml"}, {"file": "pcbi.1002524.g001.jpg"}, {"file": "pcbi.1002524.g002.jpg"}, {"file": "pcbi.1002524.g003.jpg"}, {"file": "pcbi.1002524.g007.jpg"}, {"file": "pcbi.1002524.g006.jpg"}, {"file": "pcbi.1002524.g010.jpg"}, {"file": "pcbi.1002524.g004.jpg"}, {"file": "pcbi.1002524.g005.jpg"}, {"file": "3D-BaseModel +Noise+Adaptation-PLOS2012.svg"}]