[{"file": "Weinstein_2000_AE1_Fig2A.sedml"}, {"file": "documentation.html"}, {"file": "weinstein_2000.png"}, {"file": "documentation-fig2f.html"}, {"file": "Weinstein_2000_AE1_Fig2C.sedml"}, {"file": "documentation-fig3a.html"}, {"file": "Weinstein_2000_AE1_Fig2E.sedml"}, {"file": "Weinstein_2000_AE1_Fig2E.cellml"}, {"file": "Weinstein_2000_AE1_Fig2B.sedml"}, {"file": "Weinstein_2000_AE1_Fig3C.cellml"}, {"file": "Weinstein_2000_AE1_Fig2A.cellml"}, {"file": "Weinstein_2000_AE1_Fig2C.cellml"}, {"file": "Weinstein_2000_AE1_Fig3A.cellml"}, {"file": "Weinstein_2000_AE1_Fig2D.sedml"}, {"file": "weinstein_2000.svg"}, {"file": "Weinstein_2000_AE1_Fig2F.sedml"}, {"file": "documentation-fig2a.html"}, {"file": "Weinstein_2000_AE1_Fig3C.sedml"}, {"file": "documentation-model.html"}, {"file": "documentation-fig3d.html"}, {"file": "documentation-fig2b.html"}, {"file": "Weinstein_2000_AE1_Fig3D.cellml"}, {"file": "Weinstein_2000_AE1_Fig2F.cellml"}, {"file": "Weinstein_2000_AE1_Fig3A.sedml"}, {"file": "diagram.svg"}, {"file": "Weinstein_2000_AE1_Fig2D.cellml"}, {"file": "documentation-fig2c.html"}, {"file": "Weinstein_2000_AE1.cellml"}, {"file": "fig3c.png"}, {"file": "Weinstein_2000_AE1_Fig3B.cellml"}, {"file": "fig3b.png"}, {"file": "fig2f.png"}, {"file": "Weinstein_2000_AE1_Fig3B.sedml"}, {"file": "fig2d.png"}, {"file": "fig2e.png"}, {"file": "fig3a.png"}, {"file": "documentation-fig3b.html"}, {"file": "Units.cellml"}, {"file": "documentation-fig2d.html"}, {"file": "documentation-fig2e.html"}, {"file": "documentation-fig3c.html"}, {"file": "fig2a.png"}, {"file": "fig3d.png"}, {"file": "Weinstein_2000_AE1_Fig3D.sedml"}, {"file": "fig2b.png"}, {"file": "fig2c.png"}, {"file": "Weinstein_2000_AE1_Fig2B.cellml"}]