<?xml version='1.0' encoding='UTF-8' standalone='no'?>
<sbml xmlns="http://www.sbml.org/sbml/level3/version1/core" layout:required="false" level="3" metaid="d3ec2a78-5133-4390-b8f5-049f5d42e25d" render:required="false" version="1" xmlns:layout="http://www.sbml.org/sbml/level3/version1/layout/version1" xmlns:render="http://www.sbml.org/sbml/level3/version1/render/version1">
  <model areaUnits="area" extentUnits="substance" id="MODEL1608160000" lengthUnits="length" metaid="COPASI0" name="Dunster2014 - WBC Interactions (Model1)" substanceUnits="substance" timeUnits="time" volumeUnits="volume">
    <notes>
      <body xmlns="http://www.w3.org/1999/xhtml">
        <div class="dc:title">Dunster2014 - WBC Interactions (Model1)</div>
<div class="dc:description">This is a sub-model of a three-step
inflammatory response modelling study. The model includes distinct
populations of white blood cells namely, macrophages and active and
apoptotic neutrophil populations. Neutrophil apoptosis rate is
predicted to be crucial for the qualitative nature of the
system.</div>
<div class="dc:bibliographicCitation">
  <p>This model is described in the article:</p>
  <div class="bibo:title">
    <a href="http://identifiers.org/pubmed/25053556" title="Access to this publication">The resolution of
    inflammation: a mathematical model of neutrophil and macrophage
    interactions.</a>
  </div>
  <div class="bibo:authorList">Dunster JL, Byrne HM, King JR.</div>
  <div class="bibo:Journal">Bull. Math. Biol. 2014 Aug; 76(8):
  1953-1980</div>
  <p>Abstract:</p>
  <div class="bibo:abstract">
    <p>There is growing interest in inflammation due to its
    involvement in many diverse medical conditions, including
    Alzheimer's disease, cancer, arthritis and asthma. The
    traditional view that resolution of inflammation is a passive
    process is now being superceded by an alternative hypothesis
    whereby its resolution is an active, anti-inflammatory process
    that can be manipulated therapeutically. This shift in mindset
    has stimulated a resurgence of interest in the biological
    mechanisms by which inflammation resolves. The
    anti-inflammatory processes central to the resolution of
    inflammation revolve around macrophages and are closely related
    to pro-inflammatory processes mediated by neutrophils and their
    ability to damage healthy tissue. We develop a spatially
    averaged model of inflammation centring on its resolution,
    accounting for populations of neutrophils and macrophages and
    incorporating both pro- and anti-inflammatory processes. Our
    ordinary differential equation model exhibits two outcomes that
    we relate to healthy and unhealthy states. We use bifurcation
    analysis to investigate how variation in the system parameters
    affects its outcome. We find that therapeutic manipulation of
    the rate of macrophage phagocytosis can aid in resolving
    inflammation but success is critically dependent on the rate of
    neutrophil apoptosis. Indeed our model predicts that an
    effective treatment protocol would take a dual approach,
    targeting macrophage phagocytosis alongside neutrophil
    apoptosis.</p>
  </div>
</div>
<div class="dc:publisher">
  <p>This model is hosted on 
  <a href="http://www.ebi.ac.uk/biomodels/">BioModels Database</a>
  and identified by: 
  <a href="http://identifiers.org/biomodels.db/BIOMD0000000616">BIOMD0000000616</a>.</p>
  <p>To cite BioModels Database, please use: 
  <a href="http://identifiers.org/pubmed/20587024" title="Latest BioModels Database publication">BioModels Database:
  An enhanced, curated and annotated resource for published
  quantitative kinetic models</a>.</p>
</div>
<div class="dc:license">
  <p>To the extent possible under law, all copyright and related or
  neighbouring rights to this encoded model have been dedicated to
  the public domain worldwide. Please refer to 
  <a href="http://creativecommons.org/publicdomain/zero/1.0/" title="Access to: CC0 1.0 Universal (CC0 1.0), Public Domain Dedication">CC0
  Public Domain Dedication</a> for more information.</p>
</div>
</body>
    </notes>
    <annotation>
      <COPASI xmlns="http://www.copasi.org/static/sbml">
        <rdf:RDF xmlns:dcterms="http://purl.org/dc/terms/" xmlns:rdf="http://www.w3.org/1999/02/22-rdf-syntax-ns#" xmlns:vCard="http://www.w3.org/2001/vcard-rdf/3.0#">
          <rdf:Description rdf:about="#COPASI0">
            <dcterms:created>
              <rdf:Description>
                <dcterms:W3CDTF>2016-08-16T15:36:03Z</dcterms:W3CDTF>
              </rdf:Description>
            </dcterms:created>
            <dcterms:creator>
              <rdf:Description>
                <vCard:EMAIL>tvarusai@ebi.ac.uk</vCard:EMAIL>
                <vCard:N>
                  <rdf:Description>
                    <vCard:Family>Varusai</vCard:Family>
                    <vCard:Given>Thawfeek</vCard:Given>
                  </rdf:Description>
                </vCard:N>
                <vCard:ORG>
                  <rdf:Description>
                    <vCard:Orgname>BioModels, EMBL-EBI</vCard:Orgname>
                  </rdf:Description>
                </vCard:ORG>
              </rdf:Description>
            </dcterms:creator>
          </rdf:Description>
        </rdf:RDF>
      </COPASI>
	<rdf:RDF xmlns:rdf="http://www.w3.org/1999/02/22-rdf-syntax-ns#" xmlns:dc="http://purl.org/dc/elements/1.1/" xmlns:vCard="http://www.w3.org/2001/vcard-rdf/3.0#" xmlns:dcterms="http://purl.org/dc/terms/" xmlns:bqmodel="http://biomodels.net/model-qualifiers/" xmlns:bqbiol="http://biomodels.net/biology-qualifiers/">
        <rdf:Description rdf:about="#COPASI0">
	<dc:creator>
	<rdf:Bag>
	<rdf:li rdf:parseType="Resource">
	<vCard:N rdf:parseType="Resource">
	<vCard:Family>Varusai</vCard:Family>
	<vCard:Given>Thawfeek</vCard:Given>
	</vCard:N>
	<vCard:EMAIL>tvarusai@ebi.ac.uk</vCard:EMAIL>
	<vCard:ORG rdf:parseType="Resource">
	<vCard:Orgname>EMBL-EBI</vCard:Orgname>
	</vCard:ORG>
	</rdf:li>
	</rdf:Bag>
	</dc:creator>
	<dcterms:created rdf:parseType="Resource">
	<dcterms:W3CDTF>2016-08-16T15:36:03Z</dcterms:W3CDTF>
	</dcterms:created>
	<dcterms:modified rdf:parseType="Resource">
	<dcterms:W3CDTF>2017-05-26T17:36:59Z</dcterms:W3CDTF>
	</dcterms:modified>
	<bqmodel:is>
	<rdf:Bag>
	<rdf:li rdf:resource="http://identifiers.org/biomodels.db/MODEL1608160000"/>
	</rdf:Bag>
	</bqmodel:is>
	<bqmodel:is>
	<rdf:Bag>
	<rdf:li rdf:resource="http://identifiers.org/biomodels.db/BIOMD0000000616"/>
	</rdf:Bag>
	</bqmodel:is>
	<bqmodel:isDescribedBy>
	<rdf:Bag>
	<rdf:li rdf:resource="http://identifiers.org/pubmed/25053556"/>
	</rdf:Bag>
	</bqmodel:isDescribedBy>
	<bqbiol:isVersionOf>
	<rdf:Bag>
	<rdf:li rdf:resource="http://identifiers.org/go/GO:0006954"/>
	</rdf:Bag>
	</bqbiol:isVersionOf>
	<bqbiol:hasTaxon>
	<rdf:Bag>
	<rdf:li rdf:resource="http://identifiers.org/taxonomy/9606"/>
	</rdf:Bag>
	</bqbiol:hasTaxon>
	<bqbiol:hasProperty>
	<rdf:Bag>
	<rdf:li rdf:resource="urn:miriam:doid:DOID%3A+2914"/>
	</rdf:Bag>
	</bqbiol:hasProperty>
	</rdf:Description>
	
	
	
	
	
	</rdf:RDF>
	</annotation>
      <listOfFunctionDefinitions>
      <functionDefinition id="Function_for_R2" metaid="COPASI24" name="Function for R2">
        <math xmlns="http://www.w3.org/1998/Math/MathML">        
          <lambda>
            <bvar>
              <ci> ModelValue_4 </ci>
            </bvar>
            <bvar>
              <ci> default_compartment </ci>
            </bvar>
            <bvar>
              <ci> n </ci>
            </bvar>
            <apply>
              <divide/>
              <apply>
                <times/>
                <ci> ModelValue_4 </ci>
                <ci> n </ci>
              </apply>
              <ci> default_compartment </ci>
            </apply>
          </lambda>
        </math>
            </functionDefinition>
      <functionDefinition id="Function_for_R1" metaid="COPASI25" name="Function for R1">
        <math xmlns="http://www.w3.org/1998/Math/MathML">        
          <lambda>
            <bvar>
              <ci> c </ci>
            </bvar>
            <bvar>
              <ci> default_compartment </ci>
            </bvar>
            <apply>
              <divide/>
              <ci> c </ci>
              <ci> default_compartment </ci>
            </apply>
          </lambda>
        </math>
            </functionDefinition>
      <functionDefinition id="Function_for_R6" metaid="COPASI26" name="Function for R6">
        <math xmlns="http://www.w3.org/1998/Math/MathML">        
          <lambda>
            <bvar>
              <ci> c </ci>
            </bvar>
            <bvar>
              <ci> default_compartment </ci>
            </bvar>
            <apply>
              <divide/>
              <ci> c </ci>
              <ci> default_compartment </ci>
            </apply>
          </lambda>
        </math>
            </functionDefinition>
      <functionDefinition id="Function_for_R8" metaid="COPASI27" name="Function for R8">
        <math xmlns="http://www.w3.org/1998/Math/MathML">        
          <lambda>
            <bvar>
              <ci> Dunster2014_Model1_WBC_Interactions </ci>
            </bvar>
            <bvar>
              <ci> ModelValue_10 </ci>
            </bvar>
            <bvar>
              <ci> ModelValue_11 </ci>
            </bvar>
            <bvar>
              <ci> ModelValue_8 </ci>
            </bvar>
            <bvar>
              <ci> default_compartment </ci>
            </bvar>
            <apply>
              <divide/>
              <apply>
                <times/>
                <ci> ModelValue_8 </ci>
                <piecewise>
                  <piece>
                    <apply>
                      <power/>
                      <apply>
                        <sin/>
                        <ci> Dunster2014_Model1_WBC_Interactions </ci>
                      </apply>
                      <cn type="integer"> 2 </cn>
                    </apply>
                    <apply>
                      <lt/>
                      <ci> Dunster2014_Model1_WBC_Interactions </ci>
                      <apply>
                        <times/>
                        <ci> ModelValue_10 </ci>
                        <pi/>
                      </apply>
                    </apply>
                  </piece>
                  <otherwise>
                    <cn type="integer"> 0 </cn>
                  </otherwise>
                </piecewise>
                <piecewise>
                  <piece>
                    <cn type="integer"> 1 </cn>
                    <apply>
                      <lt/>
                      <ci> Dunster2014_Model1_WBC_Interactions </ci>
                      <ci> ModelValue_11 </ci>
                    </apply>
                  </piece>
                  <otherwise>
                    <cn type="integer"> 0 </cn>
                  </otherwise>
                </piecewise>
              </apply>
              <ci> default_compartment </ci>
            </apply>
          </lambda>
        </math>
            </functionDefinition>
      <functionDefinition id="Function_for_R5" metaid="COPASI28" name="Function for R5">
        <math xmlns="http://www.w3.org/1998/Math/MathML">        
          <lambda>
            <bvar>
              <ci> ModelValue_6 </ci>
            </bvar>
            <bvar>
              <ci> a </ci>
            </bvar>
            <bvar>
              <ci> default_compartment </ci>
            </bvar>
            <bvar>
              <ci> m </ci>
            </bvar>
            <apply>
              <divide/>
              <apply>
                <times/>
                <ci> ModelValue_6 </ci>
                <ci> m </ci>
                <ci> a </ci>
              </apply>
              <ci> default_compartment </ci>
            </apply>
          </lambda>
        </math>
            </functionDefinition>
      <functionDefinition id="Function_for_R10" metaid="COPASI29" name="Function for R10">
        <math xmlns="http://www.w3.org/1998/Math/MathML">        
          <lambda>
            <bvar>
              <ci> c </ci>
            </bvar>
            <bvar>
              <ci> default_compartment </ci>
            </bvar>
            <apply>
              <divide/>
              <ci> c </ci>
              <ci> default_compartment </ci>
            </apply>
          </lambda>
        </math>
            </functionDefinition>
      <functionDefinition id="Function_for_R3" metaid="COPASI30" name="Function for R3">
        <math xmlns="http://www.w3.org/1998/Math/MathML">        
          <lambda>
            <bvar>
              <ci> ModelValue_4 </ci>
            </bvar>
            <bvar>
              <ci> default_compartment </ci>
            </bvar>
            <bvar>
              <ci> n </ci>
            </bvar>
            <apply>
              <divide/>
              <apply>
                <times/>
                <ci> ModelValue_4 </ci>
                <ci> n </ci>
              </apply>
              <ci> default_compartment </ci>
            </apply>
          </lambda>
        </math>
            </functionDefinition>
      <functionDefinition id="Function_for_R4" metaid="COPASI31" name="Function for R4">
        <math xmlns="http://www.w3.org/1998/Math/MathML">        
          <lambda>
            <bvar>
              <ci> ModelValue_5 </ci>
            </bvar>
            <bvar>
              <ci> a </ci>
            </bvar>
            <bvar>
              <ci> default_compartment </ci>
            </bvar>
            <apply>
              <divide/>
              <apply>
                <times/>
                <ci> ModelValue_5 </ci>
                <ci> a </ci>
              </apply>
              <ci> default_compartment </ci>
            </apply>
          </lambda>
        </math>
            </functionDefinition>
      <functionDefinition id="Function_for_R9" metaid="COPASI32" name="Function for R9">
        <math xmlns="http://www.w3.org/1998/Math/MathML">        
          <lambda>
            <bvar>
              <ci> ModelValue_5 </ci>
            </bvar>
            <bvar>
              <ci> ModelValue_9 </ci>
            </bvar>
            <bvar>
              <ci> a </ci>
            </bvar>
            <bvar>
              <ci> default_compartment </ci>
            </bvar>
            <apply>
              <divide/>
              <apply>
                <times/>
                <ci> ModelValue_5 </ci>
                <apply>
                  <divide/>
                  <apply>
                    <power/>
                    <ci> a </ci>
                    <cn type="integer"> 2 </cn>
                  </apply>
                  <apply>
                    <plus/>
                    <apply>
                      <power/>
                      <ci> ModelValue_9 </ci>
                      <cn type="integer"> 2 </cn>
                    </apply>
                    <apply>
                      <power/>
                      <ci> a </ci>
                      <cn type="integer"> 2 </cn>
                    </apply>
                  </apply>
                </apply>
              </apply>
              <ci> default_compartment </ci>
            </apply>
          </lambda>
        </math>
            </functionDefinition>
      <functionDefinition id="Function_for_R7" metaid="COPASI33" name="Function for R7">
        <math xmlns="http://www.w3.org/1998/Math/MathML">        
          <lambda>
            <bvar>
              <ci> ModelValue_7 </ci>
            </bvar>
            <bvar>
              <ci> default_compartment </ci>
            </bvar>
            <bvar>
              <ci> m </ci>
            </bvar>
            <apply>
              <divide/>
              <apply>
                <times/>
                <ci> ModelValue_7 </ci>
                <ci> m </ci>
              </apply>
              <ci> default_compartment </ci>
            </apply>
          </lambda>
        </math>
            </functionDefinition>
    </listOfFunctionDefinitions>
    <listOfUnitDefinitions>
      <unitDefinition id="length" metaid="_7a4d4b68-0ea4-4987-8e09-328bbfa12ed1" name="length">
        <listOfUnits>
          <unit exponent="1" kind="metre" metaid="_01c45965-6f3a-4dfc-9cb5-27d54524ac05" multiplier="1" scale="0"/>
        </listOfUnits>
      </unitDefinition>
      <unitDefinition id="area" metaid="b1837108-35bd-4d5f-8dbc-35df16f1b37c" name="area">
        <listOfUnits>
          <unit exponent="2" kind="metre" metaid="_62635a42-38e1-48de-9a3d-e2d49941850b" multiplier="1" scale="0"/>
        </listOfUnits>
      </unitDefinition>
      <unitDefinition id="volume" metaid="_20349eb2-5f11-4ac9-85f5-dfa27f8fb5ad" name="volume">
        <listOfUnits>
          <unit exponent="1" kind="litre" metaid="_2fff6677-67e1-469b-90f8-837d623c33a0" multiplier="1" scale="0"/>
        </listOfUnits>
      </unitDefinition>
      <unitDefinition id="time" metaid="_850b4d50-3a53-4a44-ac62-9d9a5dc5c646" name="time">
        <listOfUnits>
          <unit exponent="1" kind="second" metaid="_8ea82822-b0cb-4fb1-9315-a45cf450ad51" multiplier="1" scale="0"/>
        </listOfUnits>
      </unitDefinition>
      <unitDefinition id="substance" metaid="_3638d66b-b787-403f-a1e2-af327f1aca0e" name="substance">
        <listOfUnits>
          <unit exponent="1" kind="mole" metaid="d5b5a700-6714-4aff-9844-6b69885dd483" multiplier="1" scale="0"/>
        </listOfUnits>
      </unitDefinition>
    </listOfUnitDefinitions>
    <listOfCompartments>
      <compartment constant="true" id="default_compartment" metaid="COPASI1" name="Soft_Tissue" sboTerm="SBO:0000410" size="1" spatialDimensions="3" units="litre">
        <annotation>
          <COPASI xmlns="http://www.copasi.org/static/sbml">
            <rdf:RDF xmlns:dcterms="http://purl.org/dc/terms/" xmlns:rdf="http://www.w3.org/1999/02/22-rdf-syntax-ns#">
              <rdf:Description rdf:about="#COPASI1">
                <dcterms:created>
                  <rdf:Description>
                    <dcterms:W3CDTF>2016-08-16T16:06:49Z</dcterms:W3CDTF>
                  </rdf:Description>
                </dcterms:created>
              </rdf:Description>
            </rdf:RDF>
          </COPASI>
	<rdf:RDF xmlns:rdf="http://www.w3.org/1999/02/22-rdf-syntax-ns#" xmlns:bqbiol="http://biomodels.net/biology-qualifiers/">
            <rdf:Description rdf:about="#COPASI1">
              <bqbiol:isVersionOf>
	<rdf:Bag>
	<rdf:li rdf:resource="http://identifiers.org/sbo/SBO:0000410"/>
	</rdf:Bag>
	</bqbiol:isVersionOf>
	
	<bqbiol:isVersionOf>
	<rdf:Bag>
	<rdf:li rdf:resource="urn:miriam:sbo:SBO%3A0000410"/>
	</rdf:Bag>
	</bqbiol:isVersionOf>
	</rdf:Description>
	
	
	
	
	
	
	</rdf:RDF>
	</annotation>
            </compartment>
    </listOfCompartments>
    <listOfSpecies>
      <species boundaryCondition="false" compartment="default_compartment" constant="false" hasOnlySubstanceUnits="false" id="n" initialConcentration="0" metaid="COPASI2" name="n" sboTerm="SBO:0000410" substanceUnits="mole">
        <notes>
          <body xmlns="http://www.w3.org/1999/xhtml">
            <pre>Active neutrophils</pre>
          </body>
        </notes>
        <annotation>
          <COPASI xmlns="http://www.copasi.org/static/sbml">
            <rdf:RDF xmlns:dcterms="http://purl.org/dc/terms/" xmlns:rdf="http://www.w3.org/1999/02/22-rdf-syntax-ns#">
              <rdf:Description rdf:about="#COPASI2">
                <dcterms:created>
                  <rdf:Description>
                    <dcterms:W3CDTF>2016-08-16T16:06:07Z</dcterms:W3CDTF>
                  </rdf:Description>
                </dcterms:created>
              </rdf:Description>
            </rdf:RDF>
          </COPASI>
	<rdf:RDF xmlns:rdf="http://www.w3.org/1999/02/22-rdf-syntax-ns#" xmlns:bqbiol="http://biomodels.net/biology-qualifiers/">
            <rdf:Description rdf:about="#COPASI2">
	<bqbiol:isVersionOf>
	<rdf:Bag>
	<rdf:li rdf:resource="http://identifiers.org/bto/BTO:0000130"/>
	</rdf:Bag>
	</bqbiol:isVersionOf>
	</rdf:Description>
	
	
	
	
	
	</rdf:RDF>
	</annotation>
            </species>
      <species boundaryCondition="false" compartment="default_compartment" constant="false" hasOnlySubstanceUnits="false" id="c" initialConcentration="0" metaid="COPASI3" name="c" sboTerm="SBO:0000410" substanceUnits="mole">
        <notes>
          <body xmlns="http://www.w3.org/1999/xhtml">
            <pre>Pro-inﬂammatory mediators</pre>
          </body>
        </notes>
        <annotation>
          <COPASI xmlns="http://www.copasi.org/static/sbml">
            <rdf:RDF xmlns:dcterms="http://purl.org/dc/terms/" xmlns:rdf="http://www.w3.org/1999/02/22-rdf-syntax-ns#">
              <rdf:Description rdf:about="#COPASI3">
                <dcterms:created>
                  <rdf:Description>
                    <dcterms:W3CDTF>2016-08-16T16:06:20Z</dcterms:W3CDTF>
                  </rdf:Description>
                </dcterms:created>
              </rdf:Description>
            </rdf:RDF>
          </COPASI>
	<rdf:RDF xmlns:rdf="http://www.w3.org/1999/02/22-rdf-syntax-ns#" xmlns:bqbiol="http://biomodels.net/biology-qualifiers/">
            <rdf:Description rdf:about="#COPASI3">
	<bqbiol:isVersionOf>
	<rdf:Bag>
	<rdf:li rdf:resource="http://identifiers.org/uniprot/P10145"/>
	</rdf:Bag>
	</bqbiol:isVersionOf>
	</rdf:Description>
	
	
	
	
	
	</rdf:RDF>
	</annotation>
            </species>
      <species boundaryCondition="false" compartment="default_compartment" constant="false" hasOnlySubstanceUnits="false" id="a" initialConcentration="0" metaid="COPASI4" name="a" sboTerm="SBO:0000410" substanceUnits="mole">
        <notes>
          <body xmlns="http://www.w3.org/1999/xhtml">
            <pre>Apoptotic neutrophils</pre>
          </body>
        </notes>
        <annotation>
          <COPASI xmlns="http://www.copasi.org/static/sbml">
            <rdf:RDF xmlns:dcterms="http://purl.org/dc/terms/" xmlns:rdf="http://www.w3.org/1999/02/22-rdf-syntax-ns#">
              <rdf:Description rdf:about="#COPASI4">
                <dcterms:created>
                  <rdf:Description>
                    <dcterms:W3CDTF>2016-08-16T16:04:51Z</dcterms:W3CDTF>
                  </rdf:Description>
                </dcterms:created>
              </rdf:Description>
            </rdf:RDF>
          </COPASI>
	<rdf:RDF xmlns:rdf="http://www.w3.org/1999/02/22-rdf-syntax-ns#" xmlns:bqbiol="http://biomodels.net/biology-qualifiers/">
            <rdf:Description rdf:about="#COPASI4">
	<bqbiol:isVersionOf>
	<rdf:Bag>
	<rdf:li rdf:resource="http://identifiers.org/bto/BTO:0000130"/>
	</rdf:Bag>
	</bqbiol:isVersionOf>
	</rdf:Description>
	
	
	
	
	
	</rdf:RDF>
	</annotation>
            </species>
      <species boundaryCondition="false" compartment="default_compartment" constant="false" hasOnlySubstanceUnits="false" id="m" initialConcentration="0" metaid="COPASI5" name="m" sboTerm="SBO:0000410" substanceUnits="mole">
        <notes>
          <body xmlns="http://www.w3.org/1999/xhtml">
            <pre>Macrophages</pre>
          </body>
        </notes>
        <annotation>
          <COPASI xmlns="http://www.copasi.org/static/sbml">
            <rdf:RDF xmlns:dcterms="http://purl.org/dc/terms/" xmlns:rdf="http://www.w3.org/1999/02/22-rdf-syntax-ns#">
              <rdf:Description rdf:about="#COPASI5">
                <dcterms:created>
                  <rdf:Description>
                    <dcterms:W3CDTF>2016-08-16T16:06:30Z</dcterms:W3CDTF>
                  </rdf:Description>
                </dcterms:created>
              </rdf:Description>
            </rdf:RDF>
          </COPASI>
	<rdf:RDF xmlns:rdf="http://www.w3.org/1999/02/22-rdf-syntax-ns#" xmlns:bqbiol="http://biomodels.net/biology-qualifiers/">
            <rdf:Description rdf:about="#COPASI5">
	<bqbiol:isVersionOf>
	<rdf:Bag>
	<rdf:li rdf:resource="http://identifiers.org/bto/BTO:0000801"/>
	</rdf:Bag>
	</bqbiol:isVersionOf>
	</rdf:Description>
	
	
	
	
	
	</rdf:RDF>
	</annotation>
            </species>
    </listOfSpecies>
    <listOfParameters>
      <parameter constant="true" id="vt" metaid="COPASI6" name="vt" value="0.1">
        <notes>
          <body xmlns="http://www.w3.org/1999/xhtml">
            <pre>Dimensionless constant nu.tilde (ν˜) relate to rate of neutrophil apoptosis
</pre>
          </body>
        </notes>
        <annotation>
          <COPASI xmlns="http://www.copasi.org/static/sbml">
            <rdf:RDF xmlns:dcterms="http://purl.org/dc/terms/" xmlns:rdf="http://www.w3.org/1999/02/22-rdf-syntax-ns#">
              <rdf:Description rdf:about="#COPASI6">
                <dcterms:created>
                  <rdf:Description>
                    <dcterms:W3CDTF>2016-08-16T16:18:19Z</dcterms:W3CDTF>
                  </rdf:Description>
                </dcterms:created>
              </rdf:Description>
            </rdf:RDF>
          </COPASI>
        </annotation>
            </parameter>
      <parameter constant="true" id="Gat" metaid="COPASI7" name="Gat" value="1">
        <notes>
          <body xmlns="http://www.w3.org/1999/xhtml">
            <pre>Dimensionless constant gamma.a.tilde (γa˜) related to rate of secondary necrosis
</pre>
          </body>
        </notes>
        <annotation>
          <COPASI xmlns="http://www.copasi.org/static/sbml">
            <rdf:RDF xmlns:dcterms="http://purl.org/dc/terms/" xmlns:rdf="http://www.w3.org/1999/02/22-rdf-syntax-ns#">
              <rdf:Description rdf:about="#COPASI7">
                <dcterms:created>
                  <rdf:Description>
                    <dcterms:W3CDTF>2016-08-16T16:15:18Z</dcterms:W3CDTF>
                  </rdf:Description>
                </dcterms:created>
              </rdf:Description>
            </rdf:RDF>
          </COPASI>
        </annotation>
            </parameter>
      <parameter constant="true" id="Tt" metaid="COPASI8" name="Tt" value="0.001">
        <notes>
          <body xmlns="http://www.w3.org/1999/xhtml">
            <pre>Dimensionless constant theta.tilde (φ˜) related to rate at which macrophages engulf neutrophils
</pre>
          </body>
        </notes>
        <annotation>
          <COPASI xmlns="http://www.copasi.org/static/sbml">
            <rdf:RDF xmlns:dcterms="http://purl.org/dc/terms/" xmlns:rdf="http://www.w3.org/1999/02/22-rdf-syntax-ns#">
              <rdf:Description rdf:about="#COPASI8">
                <dcterms:created>
                  <rdf:Description>
                    <dcterms:W3CDTF>2016-08-16T16:17:25Z</dcterms:W3CDTF>
                  </rdf:Description>
                </dcterms:created>
              </rdf:Description>
            </rdf:RDF>
          </COPASI>
        </annotation>
            </parameter>
      <parameter constant="true" id="Gmt" metaid="COPASI9" name="Gmt" value="0.01">
        <notes>
          <body xmlns="http://www.w3.org/1999/xhtml">
            <pre>Dimensionless constant gamma.m.tilde (γm˜) related to rate that macrophages leave the tissue
</pre>
          </body>
        </notes>
        <annotation>
          <COPASI xmlns="http://www.copasi.org/static/sbml">
            <rdf:RDF xmlns:dcterms="http://purl.org/dc/terms/" xmlns:rdf="http://www.w3.org/1999/02/22-rdf-syntax-ns#">
              <rdf:Description rdf:about="#COPASI9">
                <dcterms:created>
                  <rdf:Description>
                    <dcterms:W3CDTF>2016-08-16T16:16:30Z</dcterms:W3CDTF>
                  </rdf:Description>
                </dcterms:created>
              </rdf:Description>
            </rdf:RDF>
          </COPASI>
        </annotation>
            </parameter>
      <parameter constant="true" id="alt" metaid="COPASI10" name="alt" value="0.05">
        <notes>
          <body xmlns="http://www.w3.org/1999/xhtml">
            <pre>Dimensionless constant alpha tilde(α˜) related to rate of production of mediator (c) from initial damage

</pre>
          </body>
        </notes>
        <annotation>
          <COPASI xmlns="http://www.copasi.org/static/sbml">
            <rdf:RDF xmlns:dcterms="http://purl.org/dc/terms/" xmlns:rdf="http://www.w3.org/1999/02/22-rdf-syntax-ns#">
              <rdf:Description rdf:about="#COPASI10">
                <dcterms:created>
                  <rdf:Description>
                    <dcterms:W3CDTF>2016-08-16T16:09:35Z</dcterms:W3CDTF>
                  </rdf:Description>
                </dcterms:created>
              </rdf:Description>
            </rdf:RDF>
          </COPASI>
        </annotation>
            </parameter>
      <parameter constant="true" id="Bat" metaid="COPASI11" name="Bat" value="0.1">
        <notes>
          <body xmlns="http://www.w3.org/1999/xhtml">
            <pre>Dimensionless constant beta.a.tilde (βa˜) related to saturation constant
</pre>
          </body>
        </notes>
        <annotation>
          <COPASI xmlns="http://www.copasi.org/static/sbml">
            <rdf:RDF xmlns:dcterms="http://purl.org/dc/terms/" xmlns:rdf="http://www.w3.org/1999/02/22-rdf-syntax-ns#">
              <rdf:Description rdf:about="#COPASI11">
                <dcterms:created>
                  <rdf:Description>
                    <dcterms:W3CDTF>2016-08-16T16:14:23Z</dcterms:W3CDTF>
                  </rdf:Description>
                </dcterms:created>
              </rdf:Description>
            </rdf:RDF>
          </COPASI>
        </annotation>
            </parameter>
      <parameter constant="true" id="A" metaid="COPASI12" name="A" value="1">
        <notes>
          <body xmlns="http://www.w3.org/1999/xhtml">
            <pre>Cycles of tissue damage</pre>
          </body>
        </notes>
        <annotation>
          <COPASI xmlns="http://www.copasi.org/static/sbml">
            <rdf:RDF xmlns:dcterms="http://purl.org/dc/terms/" xmlns:rdf="http://www.w3.org/1999/02/22-rdf-syntax-ns#">
              <rdf:Description rdf:about="#COPASI12">
                <dcterms:created>
                  <rdf:Description>
                    <dcterms:W3CDTF>2016-08-16T16:08:06Z</dcterms:W3CDTF>
                  </rdf:Description>
                </dcterms:created>
              </rdf:Description>
            </rdf:RDF>
          </COPASI>
        </annotation>
            </parameter>
      <parameter constant="true" id="t1" metaid="COPASI13" name="t1" value="10">
        <notes>
          <body xmlns="http://www.w3.org/1999/xhtml">
            <pre>Time of inducing tissue damage</pre>
          </body>
        </notes>
        <annotation>
          <COPASI xmlns="http://www.copasi.org/static/sbml">
            <rdf:RDF xmlns:dcterms="http://purl.org/dc/terms/" xmlns:rdf="http://www.w3.org/1999/02/22-rdf-syntax-ns#">
              <rdf:Description rdf:about="#COPASI13">
                <dcterms:created>
                  <rdf:Description>
                    <dcterms:W3CDTF>2016-08-16T16:16:44Z</dcterms:W3CDTF>
                  </rdf:Description>
                </dcterms:created>
              </rdf:Description>
            </rdf:RDF>
          </COPASI>
        </annotation>
            </parameter>
    </listOfParameters>
    <listOfReactions>
      <reaction fast="false" id="R1" metaid="COPASI14" name="R1" reversible="true">
        <annotation>
          <COPASI xmlns="http://www.copasi.org/static/sbml">
            <rdf:RDF xmlns:dcterms="http://purl.org/dc/terms/" xmlns:rdf="http://www.w3.org/1999/02/22-rdf-syntax-ns#">
              <rdf:Description rdf:about="#COPASI14">
                <dcterms:created>
                  <rdf:Description>
                    <dcterms:W3CDTF>2016-08-16T15:38:42Z</dcterms:W3CDTF>
                  </rdf:Description>
                </dcterms:created>
              </rdf:Description>
            </rdf:RDF>
          </COPASI>
        </annotation>
              <listOfProducts>
          <speciesReference constant="true" metaid="beee09f9-d2d2-4b91-bc2e-835656337801" species="n" stoichiometry="1"/>
        </listOfProducts>
        <listOfModifiers>
          <modifierSpeciesReference metaid="_51198e52-eb33-495f-a96b-9cd0fc5cb18e" species="c"/>
        </listOfModifiers>
        <kineticLaw metaid="_087c9a52-a6c1-4323-bfc6-fcdacbfdc3f1">
          <math xmlns="http://www.w3.org/1998/Math/MathML">          
            <apply>
              <times/>
              <ci> default_compartment </ci>
              <apply>
                <ci> Function_for_R1 </ci>
                <ci> c </ci>
                <ci> default_compartment </ci>
              </apply>
            </apply>
          </math>
                </kineticLaw>
      </reaction>
      <reaction fast="false" id="R2" metaid="COPASI15" name="R2" reversible="true">
        <annotation>
          <COPASI xmlns="http://www.copasi.org/static/sbml">
            <rdf:RDF xmlns:dcterms="http://purl.org/dc/terms/" xmlns:rdf="http://www.w3.org/1999/02/22-rdf-syntax-ns#">
              <rdf:Description rdf:about="#COPASI15">
                <dcterms:created>
                  <rdf:Description>
                    <dcterms:W3CDTF>2016-08-16T15:38:51Z</dcterms:W3CDTF>
                  </rdf:Description>
                </dcterms:created>
              </rdf:Description>
            </rdf:RDF>
          </COPASI>
        </annotation>
              <listOfReactants>
          <speciesReference constant="true" metaid="_252ff470-d268-4c04-94c2-52fd4eb4612f" species="n" stoichiometry="1"/>
        </listOfReactants>
        <kineticLaw metaid="_79c3c452-3858-4af4-a911-e1fb958f1356">
          <math xmlns="http://www.w3.org/1998/Math/MathML">          
            <apply>
              <times/>
              <ci> default_compartment </ci>
              <apply>
                <ci> Function_for_R2 </ci>
                <ci> vt </ci>
                <ci> default_compartment </ci>
                <ci> n </ci>
              </apply>
            </apply>
          </math>
                </kineticLaw>
      </reaction>
      <reaction fast="false" id="R3" metaid="COPASI16" name="R3" reversible="true">
        <annotation>
          <COPASI xmlns="http://www.copasi.org/static/sbml">
            <rdf:RDF xmlns:dcterms="http://purl.org/dc/terms/" xmlns:rdf="http://www.w3.org/1999/02/22-rdf-syntax-ns#">
              <rdf:Description rdf:about="#COPASI16">
                <dcterms:created>
                  <rdf:Description>
                    <dcterms:W3CDTF>2016-08-16T15:39:37Z</dcterms:W3CDTF>
                  </rdf:Description>
                </dcterms:created>
              </rdf:Description>
            </rdf:RDF>
          </COPASI>
        </annotation>
              <listOfProducts>
          <speciesReference constant="true" metaid="_3058b777-91b5-48ef-b78e-a6743eb9a329" species="a" stoichiometry="1"/>
        </listOfProducts>
        <listOfModifiers>
          <modifierSpeciesReference metaid="f985a082-5f28-4e59-b72c-72ba40d86334" species="n"/>
        </listOfModifiers>
        <kineticLaw metaid="_72ca2c30-a8f4-4a2c-aa26-c36bb98b06be">
          <math xmlns="http://www.w3.org/1998/Math/MathML">          
            <apply>
              <times/>
              <ci> default_compartment </ci>
              <apply>
                <ci> Function_for_R3 </ci>
                <ci> vt </ci>
                <ci> default_compartment </ci>
                <ci> n </ci>
              </apply>
            </apply>
          </math>
                </kineticLaw>
      </reaction>
      <reaction fast="false" id="R4" metaid="COPASI17" name="R4" reversible="true">
        <annotation>
          <COPASI xmlns="http://www.copasi.org/static/sbml">
            <rdf:RDF xmlns:dcterms="http://purl.org/dc/terms/" xmlns:rdf="http://www.w3.org/1999/02/22-rdf-syntax-ns#">
              <rdf:Description rdf:about="#COPASI17">
                <dcterms:created>
                  <rdf:Description>
                    <dcterms:W3CDTF>2016-08-16T15:39:42Z</dcterms:W3CDTF>
                  </rdf:Description>
                </dcterms:created>
              </rdf:Description>
            </rdf:RDF>
          </COPASI>
        </annotation>
              <listOfReactants>
          <speciesReference constant="true" metaid="f5525f63-3e0b-4abf-8627-8d25a43ff1b2" species="a" stoichiometry="1"/>
        </listOfReactants>
        <kineticLaw metaid="f457adbe-0738-4e8c-be28-2b3681bddbce">
          <math xmlns="http://www.w3.org/1998/Math/MathML">          
            <apply>
              <times/>
              <ci> default_compartment </ci>
              <apply>
                <ci> Function_for_R4 </ci>
                <ci> Gat </ci>
                <ci> a </ci>
                <ci> default_compartment </ci>
              </apply>
            </apply>
          </math>
                </kineticLaw>
      </reaction>
      <reaction fast="false" id="R5" metaid="COPASI18" name="R5" reversible="true">
        <annotation>
          <COPASI xmlns="http://www.copasi.org/static/sbml">
            <rdf:RDF xmlns:dcterms="http://purl.org/dc/terms/" xmlns:rdf="http://www.w3.org/1999/02/22-rdf-syntax-ns#">
              <rdf:Description rdf:about="#COPASI18">
                <dcterms:created>
                  <rdf:Description>
                    <dcterms:W3CDTF>2016-08-16T15:39:46Z</dcterms:W3CDTF>
                  </rdf:Description>
                </dcterms:created>
              </rdf:Description>
            </rdf:RDF>
          </COPASI>
        </annotation>
              <listOfReactants>
          <speciesReference constant="true" metaid="c62edd46-8d2b-4efd-9306-5f4c0200dc0d" species="a" stoichiometry="1"/>
        </listOfReactants>
        <listOfModifiers>
          <modifierSpeciesReference metaid="b90bc255-682a-4e4d-95ac-02d790c8ff57" species="m"/>
        </listOfModifiers>
        <kineticLaw metaid="cbcc0595-a06d-46d8-b8a6-6311b56d72f7">
          <math xmlns="http://www.w3.org/1998/Math/MathML">          
            <apply>
              <times/>
              <ci> default_compartment </ci>
              <apply>
                <ci> Function_for_R5 </ci>
                <ci> Tt </ci>
                <ci> a </ci>
                <ci> default_compartment </ci>
                <ci> m </ci>
              </apply>
            </apply>
          </math>
                </kineticLaw>
      </reaction>
      <reaction fast="false" id="R6" metaid="COPASI19" name="R6" reversible="true">
        <annotation>
          <COPASI xmlns="http://www.copasi.org/static/sbml">
            <rdf:RDF xmlns:dcterms="http://purl.org/dc/terms/" xmlns:rdf="http://www.w3.org/1999/02/22-rdf-syntax-ns#">
              <rdf:Description rdf:about="#COPASI19">
                <dcterms:created>
                  <rdf:Description>
                    <dcterms:W3CDTF>2016-08-16T15:39:55Z</dcterms:W3CDTF>
                  </rdf:Description>
                </dcterms:created>
              </rdf:Description>
            </rdf:RDF>
          </COPASI>
        </annotation>
              <listOfProducts>
          <speciesReference constant="true" metaid="_840a0638-513d-4966-8b2f-ffe18bc06e67" species="m" stoichiometry="1"/>
        </listOfProducts>
        <listOfModifiers>
          <modifierSpeciesReference metaid="e614d188-b5c9-4646-9931-a37d47a53d9b" species="c"/>
        </listOfModifiers>
        <kineticLaw metaid="_22ab8dee-276e-4fc1-90aa-44c022a4308b">
          <math xmlns="http://www.w3.org/1998/Math/MathML">          
            <apply>
              <times/>
              <ci> default_compartment </ci>
              <apply>
                <ci> Function_for_R6 </ci>
                <ci> c </ci>
                <ci> default_compartment </ci>
              </apply>
            </apply>
          </math>
                </kineticLaw>
      </reaction>
      <reaction fast="false" id="R7" metaid="COPASI20" name="R7" reversible="true">
        <annotation>
          <COPASI xmlns="http://www.copasi.org/static/sbml">
            <rdf:RDF xmlns:dcterms="http://purl.org/dc/terms/" xmlns:rdf="http://www.w3.org/1999/02/22-rdf-syntax-ns#">
              <rdf:Description rdf:about="#COPASI20">
                <dcterms:created>
                  <rdf:Description>
                    <dcterms:W3CDTF>2016-08-16T15:39:57Z</dcterms:W3CDTF>
                  </rdf:Description>
                </dcterms:created>
              </rdf:Description>
            </rdf:RDF>
          </COPASI>
        </annotation>
              <listOfReactants>
          <speciesReference constant="true" metaid="f7c1b8f1-bea9-4bcf-b30d-d06076db399a" species="m" stoichiometry="1"/>
        </listOfReactants>
        <kineticLaw metaid="bc64c9cf-def2-4e21-8b7b-1f1ac4c321fe">
          <math xmlns="http://www.w3.org/1998/Math/MathML">          
            <apply>
              <times/>
              <ci> default_compartment </ci>
              <apply>
                <ci> Function_for_R7 </ci>
                <ci> Gmt </ci>
                <ci> default_compartment </ci>
                <ci> m </ci>
              </apply>
            </apply>
          </math>
                </kineticLaw>
      </reaction>
      <reaction fast="false" id="R8" metaid="COPASI21" name="R8" reversible="true">
        <annotation>
          <COPASI xmlns="http://www.copasi.org/static/sbml">
            <rdf:RDF xmlns:dcterms="http://purl.org/dc/terms/" xmlns:rdf="http://www.w3.org/1999/02/22-rdf-syntax-ns#">
              <rdf:Description rdf:about="#COPASI21">
                <dcterms:created>
                  <rdf:Description>
                    <dcterms:W3CDTF>2016-08-16T15:40:03Z</dcterms:W3CDTF>
                  </rdf:Description>
                </dcterms:created>
              </rdf:Description>
            </rdf:RDF>
          </COPASI>
        </annotation>
              <listOfProducts>
          <speciesReference constant="true" metaid="_7307e8cb-eb21-41ed-a4f8-19381abfb991" species="c" stoichiometry="1"/>
        </listOfProducts>
        <kineticLaw metaid="_527d534d-c332-4660-a831-3ac9ce54946b">
          <math xmlns="http://www.w3.org/1998/Math/MathML">          
            <apply>
              <times/>
              <ci> default_compartment </ci>
              <apply>
                <ci> Function_for_R8 </ci>
                <csymbol encoding="text" definitionURL="http://www.sbml.org/sbml/symbols/time"> time </csymbol>
                <ci> A </ci>
                <ci> t1 </ci>
                <ci> alt </ci>
                <ci> default_compartment </ci>
              </apply>
            </apply>
          </math>
                </kineticLaw>
      </reaction>
      <reaction fast="false" id="R9" metaid="COPASI22" name="R9" reversible="true">
        <annotation>
          <COPASI xmlns="http://www.copasi.org/static/sbml">
            <rdf:RDF xmlns:dcterms="http://purl.org/dc/terms/" xmlns:rdf="http://www.w3.org/1999/02/22-rdf-syntax-ns#">
              <rdf:Description rdf:about="#COPASI22">
                <dcterms:created>
                  <rdf:Description>
                    <dcterms:W3CDTF>2016-08-16T15:40:27Z</dcterms:W3CDTF>
                  </rdf:Description>
                </dcterms:created>
              </rdf:Description>
            </rdf:RDF>
          </COPASI>
        </annotation>
              <listOfProducts>
          <speciesReference constant="true" metaid="ff2c41eb-1ef6-4c5b-b34a-f04a2b6e2877" species="c" stoichiometry="1"/>
        </listOfProducts>
        <listOfModifiers>
          <modifierSpeciesReference metaid="_15527106-8df3-4577-a15b-72b0399359be" species="a"/>
        </listOfModifiers>
        <kineticLaw metaid="_4728d27a-ad6b-42b2-9077-2c9d7819dbf5">
          <math xmlns="http://www.w3.org/1998/Math/MathML">          
            <apply>
              <times/>
              <ci> default_compartment </ci>
              <apply>
                <ci> Function_for_R9 </ci>
                <ci> Gat </ci>
                <ci> Bat </ci>
                <ci> a </ci>
                <ci> default_compartment </ci>
              </apply>
            </apply>
          </math>
                </kineticLaw>
      </reaction>
      <reaction fast="false" id="R10" metaid="COPASI23" name="R10" reversible="true">
        <annotation>
          <COPASI xmlns="http://www.copasi.org/static/sbml">
            <rdf:RDF xmlns:dcterms="http://purl.org/dc/terms/" xmlns:rdf="http://www.w3.org/1999/02/22-rdf-syntax-ns#">
              <rdf:Description rdf:about="#COPASI23">
                <dcterms:created>
                  <rdf:Description>
                    <dcterms:W3CDTF>2016-08-16T15:38:46Z</dcterms:W3CDTF>
                  </rdf:Description>
                </dcterms:created>
              </rdf:Description>
            </rdf:RDF>
          </COPASI>
        </annotation>
              <listOfReactants>
          <speciesReference constant="true" metaid="_24ef6836-f576-474f-b4cc-705feaff933d" species="c" stoichiometry="1"/>
        </listOfReactants>
        <kineticLaw metaid="_269432e0-1b7f-4e25-a746-5ac8592c4d03">
          <math xmlns="http://www.w3.org/1998/Math/MathML">          
            <apply>
              <times/>
              <ci> default_compartment </ci>
              <apply>
                <ci> Function_for_R10 </ci>
                <ci> c </ci>
                <ci> default_compartment </ci>
              </apply>
            </apply>
          </math>
                </kineticLaw>
      </reaction>
    </listOfReactions>
  </model>
</sbml>