[{"file": "noble_1998c.png"}, {"file": "noble_1998b.png"}, {"file": "simulation_1.sedml"}, {"file": "noble_1998a.png"}, {"file": "noble_1998a.ai"}, {"file": "noble_1998a.xul"}, {"file": "report.csv"}, {"file": "noble_1998c.xul"}, {"file": "noble_1998b.xul"}, {"file": "simulation_0.sedml"}, {"file": "noble_varghese_kohl_noble_1998_c.cellml"}, {"file": "simulation_2.sedml"}, {"file": "noble_1998a.svg"}, {"file": "noble_1998b.svg"}, {"file": "noble_varghese_kohl_noble_1998_a.cellml"}, {"file": "noble_1998c.svg"}, {"file": "noble_1998b.ai"}, {"file": "noble_varghese_kohl_noble_1998_b.cellml"}, {"file": "noble_1998c.ai"}]