<?xml version='1.0' encoding='UTF-8' standalone='no'?>
<sbml xmlns="http://www.sbml.org/sbml/level2/version4" level="2" metaid="_6399a1a9-8324-4e95-bc40-9447c3cb97ea" version="4">
  <model id="Model_1" metaid="COPASI1" name="Schmitz2014 - RNA triplex formation">
    <notes>
      <body xmlns="http://www.w3.org/1999/xhtml">
        <div class="dc:title">Schmitz2014 - RNA triplex formation</div>
<div class="dc:description">The model is parameterized using the
parameters for gene CCDC3 from Supplementary Table S1. The two
miRNAs which form the triplex together with CCDC3 are miR-551b and
miR-138.</div>
<div class="dc:bibliographicCitation">
  <p>This model is described in the article:</p>
  <div class="bibo:title">
    <a href="http://identifiers.org/pubmed/24875477" title="Access to this publication">Cooperative gene regulation
    by microRNA pairs and their identification using a
    computational workflow.</a>
  </div>
  <div class="bibo:authorList">Schmitz U, Lai X, Winter F,
  Wolkenhauer O, Vera J, Gupta SK.</div>
  <div class="bibo:Journal">Nucleic Acids Res. 2014 Jul; 42(12):
  7539-7552</div>
  <p>Abstract:</p>
  <div class="bibo:abstract">
    <p>MicroRNAs (miRNAs) are an integral part of gene regulation
    at the post-transcriptional level. Recently, it has been shown
    that pairs of miRNAs can repress the translation of a target
    mRNA in a cooperative manner, which leads to an enhanced
    effectiveness and specificity in target repression. However, it
    remains unclear which miRNA pairs can synergize and which genes
    are target of cooperative miRNA regulation. In this paper, we
    present a computational workflow for the prediction and
    analysis of cooperating miRNAs and their mutual target genes,
    which we refer to as RNA triplexes. The workflow integrates
    methods of miRNA target prediction; triplex structure analysis;
    molecular dynamics simulations and mathematical modeling for a
    reliable prediction of functional RNA triplexes and target
    repression efficiency. In a case study we analyzed the human
    genome and identified several thousand targets of cooperative
    gene regulation. Our results suggest that miRNA cooperativity
    is a frequent mechanism for an enhanced target repression by
    pairs of miRNAs facilitating distinctive and fine-tuned target
    gene expression patterns. Human RNA triplexes predicted and
    characterized in this study are organized in a web resource at
    www.sbi.uni-rostock.de/triplexrna/.</p>
  </div>
</div>
<div class="dc:publisher">
  <p>This model is hosted on 
  <a href="http://www.ebi.ac.uk/biomodels/">BioModels Database</a>
  and identified by: 
  <a href="http://identifiers.org/biomodels.db/BIOMD0000000530">BIOMD0000000530</a>.</p>
  <p>To cite BioModels Database, please use: 
  <a href="http://identifiers.org/pubmed/20587024" title="Latest BioModels Database publication">BioModels Database:
  An enhanced, curated and annotated resource for published
  quantitative kinetic models</a>.</p>
</div>
<div class="dc:license">
  <p>To the extent possible under law, all copyright and related or
  neighbouring rights to this encoded model have been dedicated to
  the public domain worldwide. Please refer to 
  <a href="http://creativecommons.org/publicdomain/zero/1.0/" title="Access to: CC0 1.0 Universal (CC0 1.0), Public Domain Dedication">CC0
  Public Domain Dedication</a> for more information.</p>
</div>
</body>
    </notes>
    <annotation>
    <COPASI xmlns="http://www.copasi.org/static/sbml">
      <rdf:RDF xmlns:CopasiMT="http://www.copasi.org/RDF/MiriamTerms#" xmlns:dcterms="http://purl.org/dc/terms/" xmlns:rdf="http://www.w3.org/1999/02/22-rdf-syntax-ns#" xmlns:vCard="http://www.w3.org/2001/vcard-rdf/3.0#">
        <rdf:Description rdf:about="#COPASI1">
          <dcterms:bibliographicCitation>
            <rdf:Bag>
              <rdf:li>
                <rdf:Description>
                  <CopasiMT:isDescribedBy rdf:resource="urn:miriam:doi:10.1093/nar/gku465"/>
                </rdf:Description>
              </rdf:li>
            </rdf:Bag>
          </dcterms:bibliographicCitation>
          <dcterms:created>
            <rdf:Description>
              <dcterms:W3CDTF>2013-10-23T20:46:54Z</dcterms:W3CDTF>
            </rdf:Description>
          </dcterms:created>
          <dcterms:creator>
            <rdf:Bag>
              <rdf:li>
                <rdf:Description>
                  <vCard:EMAIL>winter@kapora.de</vCard:EMAIL>
                  <vCard:N>
                    <rdf:Description>
                      <vCard:Family>Winter</vCard:Family>
                      <vCard:Given>Felix</vCard:Given>
                    </rdf:Description>
                  </vCard:N>
                  <vCard:ORG>
                    <rdf:Description>
                      <vCard:Orgname>Universität Rostock</vCard:Orgname>
                    </rdf:Description>
                  </vCard:ORG>
                </rdf:Description>
              </rdf:li>
            </rdf:Bag>
          </dcterms:creator>
          <dcterms:modified>
            <rdf:Description>
              <dcterms:W3CDTF>2014-02-20T22:10:00Z</dcterms:W3CDTF>
            </rdf:Description>
          </dcterms:modified>
        </rdf:Description>
      </rdf:RDF>
    </COPASI>
	<rdf:RDF xmlns:rdf="http://www.w3.org/1999/02/22-rdf-syntax-ns#" xmlns:dc="http://purl.org/dc/elements/1.1/" xmlns:vCard="http://www.w3.org/2001/vcard-rdf/3.0#" xmlns:dcterms="http://purl.org/dc/terms/" xmlns:bqmodel="http://biomodels.net/model-qualifiers/" xmlns:bqbiol="http://biomodels.net/biology-qualifiers/">
        <rdf:Description rdf:about="#COPASI1">
	<dc:creator>
	<rdf:Bag>
	<rdf:li rdf:parseType="Resource">
	<vCard:N rdf:parseType="Resource">
	<vCard:Family>Winter</vCard:Family>
	<vCard:Given>Felix</vCard:Given>
	</vCard:N>
	<vCard:EMAIL>winter@kapora.de</vCard:EMAIL>
	<vCard:ORG rdf:parseType="Resource">
	<vCard:Orgname>University of Rostock</vCard:Orgname>
	</vCard:ORG>
	</rdf:li>
	</rdf:Bag>
	</dc:creator>
	<dcterms:created rdf:parseType="Resource">
	<dcterms:W3CDTF>2013-10-23T20:46:54Z</dcterms:W3CDTF>
	</dcterms:created>
	<dcterms:modified rdf:parseType="Resource">
	<dcterms:W3CDTF>2017-03-07T13:38:58Z</dcterms:W3CDTF>
	</dcterms:modified>
	<bqmodel:is>
	<rdf:Bag>
	<rdf:li rdf:resource="http://identifiers.org/biomodels.db/MODEL1402210000"/>
	</rdf:Bag>
	</bqmodel:is>
	<bqmodel:is>
	<rdf:Bag>
	<rdf:li rdf:resource="http://identifiers.org/biomodels.db/BIOMD0000000530"/>
	</rdf:Bag>
	</bqmodel:is>
	<bqmodel:isDescribedBy>
	<rdf:Bag>
	<rdf:li rdf:resource="http://identifiers.org/pubmed/24875477"/>
	</rdf:Bag>
	</bqmodel:isDescribedBy>
	<bqbiol:isVersionOf>
	<rdf:Bag>
	<rdf:li rdf:resource="http://identifiers.org/go/GO:0010468"/>
	</rdf:Bag>
	</bqbiol:isVersionOf>
	<bqbiol:hasTaxon>
	<rdf:Bag>
	<rdf:li rdf:resource="http://identifiers.org/taxonomy/9606"/>
	</rdf:Bag>
	</bqbiol:hasTaxon>
	</rdf:Description>
	
	
	
	
	</rdf:RDF>
	</annotation>
      <listOfFunctionDefinitions>
      <functionDefinition id="function_1" metaid="_5ede4919-e643-43f4-859d-ebc96f8be83b" name="mRNA synthesis_1">
        <math xmlns="http://www.w3.org/1998/Math/MathML">        
          <lambda>
            <bvar>
              <ci> k_syn_mRNA </ci>
            </bvar>
            <bvar>
              <ci> species_7 </ci>
            </bvar>
            <apply>
              <times/>
              <ci> k_syn_mRNA </ci>
              <ci> species_7 </ci>
            </apply>
          </lambda>
        </math>
            </functionDefinition>
      <functionDefinition id="function_3" metaid="_6711ca7c-24bf-496b-a3da-52f310c5e7dd" name="miRNA_2 synthesis_1">
        <math xmlns="http://www.w3.org/1998/Math/MathML">        
          <lambda>
            <bvar>
              <ci> k_syn_miRNA_2 </ci>
            </bvar>
            <bvar>
              <ci> species_9 </ci>
            </bvar>
            <apply>
              <times/>
              <ci> k_syn_miRNA_2 </ci>
              <ci> species_9 </ci>
            </apply>
          </lambda>
        </math>
            </functionDefinition>
      <functionDefinition id="function_4" metaid="_1d5ea58a-51db-4688-a58b-3e7ed2db6a25" name="protein synthesis_1">
        <math xmlns="http://www.w3.org/1998/Math/MathML">        
          <lambda>
            <bvar>
              <ci> k_syn_prot </ci>
            </bvar>
            <bvar>
              <ci> species_1 </ci>
            </bvar>
            <apply>
              <times/>
              <ci> k_syn_prot </ci>
              <ci> species_1 </ci>
            </apply>
          </lambda>
        </math>
            </functionDefinition>
      <functionDefinition id="function_2" metaid="_52db0da1-ba45-4be9-aff4-de809d678f1c" name="miRNA_1 synthesis_1">
        <math xmlns="http://www.w3.org/1998/Math/MathML">        
          <lambda>
            <bvar>
              <ci> k_syn_miRNA_1 </ci>
            </bvar>
            <bvar>
              <ci> species_8 </ci>
            </bvar>
            <apply>
              <times/>
              <ci> k_syn_miRNA_1 </ci>
              <ci> species_8 </ci>
            </apply>
          </lambda>
        </math>
            </functionDefinition>
    </listOfFunctionDefinitions>
    <listOfUnitDefinitions>
      <unitDefinition id="substance" metaid="eabd2b83-8207-405d-861f-1a25b85a460b" name="substance">
        <listOfUnits>
          <unit exponent="1" kind="mole" metaid="_1b5f544d-3432-4ea1-945e-2bea96236e94" multiplier="1" scale="-3"/>
        </listOfUnits>
      </unitDefinition>
    </listOfUnitDefinitions>
    <listOfCompartments>
      <compartment constant="true" id="compartment_1" metaid="d47baea7-5ca1-48a4-bf82-2fd8203ef159" name="compartment" size="1" spatialDimensions="3"/>
    </listOfCompartments>
    <listOfSpecies>
      <species boundaryCondition="false" compartment="compartment_1" constant="false" hasOnlySubstanceUnits="false" id="species_1" initialConcentration="1" metaid="COPASI2" name="mRNA">
        <annotation>
        <COPASI xmlns="http://www.copasi.org/static/sbml">
          <rdf:RDF xmlns:CopasiMT="http://www.copasi.org/RDF/MiriamTerms#" xmlns:rdf="http://www.w3.org/1999/02/22-rdf-syntax-ns#">
            <rdf:Description rdf:about="#COPASI2">
              <CopasiMT:is>
                <rdf:Bag>
                  <rdf:li rdf:resource="urn:miriam:obo.chebi:CHEBI:33699"/>
                </rdf:Bag>
              </CopasiMT:is>
              <CopasiMT:is>
                <rdf:Bag>
                  <rdf:li rdf:resource="urn:miriam:ensembl:ENSG00000151468"/>
                </rdf:Bag>
              </CopasiMT:is>
            </rdf:Description>
          </rdf:RDF>
        </COPASI>
	<rdf:RDF xmlns:rdf="http://www.w3.org/1999/02/22-rdf-syntax-ns#" xmlns:bqmodel="http://biomodels.net/model-qualifiers/" xmlns:bqbiol="http://biomodels.net/biology-qualifiers/">
            <rdf:Description rdf:about="#COPASI2">
              <bqbiol:is>
	<rdf:Bag>
	<rdf:li rdf:resource="http://identifiers.org/ensembl/ENSG00000151468"/>
	</rdf:Bag>
	</bqbiol:is>
	
	<bqbiol:is>
	<rdf:Bag>
	<rdf:li rdf:resource="http://identifiers.org/chebi/CHEBI:33699"/>
	</rdf:Bag>
	</bqbiol:is>
	</rdf:Description>
	
	
	
	
	</rdf:RDF>
	</annotation>
            </species>
      <species boundaryCondition="false" compartment="compartment_1" constant="false" hasOnlySubstanceUnits="false" id="species_2" initialConcentration="0" metaid="COPASI3" name="miRNA_1">
        <annotation>
        <COPASI xmlns="http://www.copasi.org/static/sbml">
          <rdf:RDF xmlns:CopasiMT="http://www.copasi.org/RDF/MiriamTerms#" xmlns:rdf="http://www.w3.org/1999/02/22-rdf-syntax-ns#">
            <rdf:Description rdf:about="#COPASI3">
              <CopasiMT:is>
                <rdf:Bag>
                  <rdf:li rdf:resource="urn:miriam:mirbase:MI0003575"/>
                </rdf:Bag>
              </CopasiMT:is>
              <CopasiMT:is>
                <rdf:Bag>
                  <rdf:li rdf:resource="urn:miriam:biomodels.sbo:SBO:0000316"/>
                </rdf:Bag>
              </CopasiMT:is>
            </rdf:Description>
          </rdf:RDF>
        </COPASI>
	<rdf:RDF xmlns:rdf="http://www.w3.org/1999/02/22-rdf-syntax-ns#" xmlns:bqmodel="http://biomodels.net/model-qualifiers/" xmlns:bqbiol="http://biomodels.net/biology-qualifiers/">
            <rdf:Description rdf:about="#COPASI3">
              <bqbiol:is>
	<rdf:Bag>
	<rdf:li rdf:resource="http://identifiers.org/mirbase/MI0003575"/>
	</rdf:Bag>
	</bqbiol:is>
	
	<bqbiol:is>
	<rdf:Bag>
	<rdf:li rdf:resource="http://identifiers.org/sbo/SBO:0000316"/>
	</rdf:Bag>
	</bqbiol:is>
	</rdf:Description>
	
	
	
	
	</rdf:RDF>
	</annotation>
            </species>
      <species boundaryCondition="false" compartment="compartment_1" constant="false" hasOnlySubstanceUnits="false" id="species_3" initialConcentration="0" metaid="COPASI4" name="miRNA_2">
        <annotation>
        <COPASI xmlns="http://www.copasi.org/static/sbml">
          <rdf:RDF xmlns:CopasiMT="http://www.copasi.org/RDF/MiriamTerms#" xmlns:rdf="http://www.w3.org/1999/02/22-rdf-syntax-ns#">
            <rdf:Description rdf:about="#COPASI4">
              <CopasiMT:is>
                <rdf:Bag>
                  <rdf:li rdf:resource="urn:miriam:mirbase:MI0000476"/>
                </rdf:Bag>
              </CopasiMT:is>
              <CopasiMT:is>
                <rdf:Bag>
                  <rdf:li rdf:resource="urn:miriam:biomodels.sbo:SBO:0000316"/>
                </rdf:Bag>
              </CopasiMT:is>
            </rdf:Description>
          </rdf:RDF>
        </COPASI>
	<rdf:RDF xmlns:rdf="http://www.w3.org/1999/02/22-rdf-syntax-ns#" xmlns:bqmodel="http://biomodels.net/model-qualifiers/" xmlns:bqbiol="http://biomodels.net/biology-qualifiers/">
            <rdf:Description rdf:about="#COPASI4">
              <bqbiol:is>
	<rdf:Bag>
	<rdf:li rdf:resource="http://identifiers.org/mirbase/MI0000476"/>
	</rdf:Bag>
	</bqbiol:is>
	
	<bqbiol:is>
	<rdf:Bag>
	<rdf:li rdf:resource="http://identifiers.org/sbo/SBO:0000316"/>
	</rdf:Bag>
	</bqbiol:is>
	</rdf:Description>
	
	
	
	
	</rdf:RDF>
	</annotation>
            </species>
      <species boundaryCondition="false" compartment="compartment_1" constant="false" hasOnlySubstanceUnits="false" id="species_4" initialConcentration="0" metaid="COPASI5" name="duplex_1">
        <annotation>
        <COPASI xmlns="http://www.copasi.org/static/sbml">
          <rdf:RDF xmlns:CopasiMT="http://www.copasi.org/RDF/MiriamTerms#" xmlns:rdf="http://www.w3.org/1999/02/22-rdf-syntax-ns#">
            <rdf:Description rdf:about="#COPASI5">
              <CopasiMT:hasPart>
                <rdf:Bag>
                  <rdf:li rdf:resource="urn:miriam:ensembl:ENSG00000151468"/>
                </rdf:Bag>
              </CopasiMT:hasPart>
              <CopasiMT:hasPart>
                <rdf:Bag>
                  <rdf:li rdf:resource="urn:miriam:mirbase:MI0003575"/>
                </rdf:Bag>
              </CopasiMT:hasPart>
            </rdf:Description>
          </rdf:RDF>
        </COPASI>
	<rdf:RDF xmlns:rdf="http://www.w3.org/1999/02/22-rdf-syntax-ns#" xmlns:bqmodel="http://biomodels.net/model-qualifiers/" xmlns:bqbiol="http://biomodels.net/biology-qualifiers/">
            <rdf:Description rdf:about="#COPASI5">
              <bqbiol:hasPart>
	<rdf:Bag>
	<rdf:li rdf:resource="http://identifiers.org/ensembl/ENSG00000151468"/>
	</rdf:Bag>
	</bqbiol:hasPart>
	
	<bqbiol:hasPart>
	<rdf:Bag>
	<rdf:li rdf:resource="http://identifiers.org/mirbase/MI0003575"/>
	</rdf:Bag>
	</bqbiol:hasPart>
	</rdf:Description>
	
	
	
	
	</rdf:RDF>
	</annotation>
            </species>
      <species boundaryCondition="false" compartment="compartment_1" constant="false" hasOnlySubstanceUnits="false" id="species_5" initialConcentration="0" metaid="COPASI6" name="duplex_2">
        <annotation>
        <COPASI xmlns="http://www.copasi.org/static/sbml">
          <rdf:RDF xmlns:CopasiMT="http://www.copasi.org/RDF/MiriamTerms#" xmlns:rdf="http://www.w3.org/1999/02/22-rdf-syntax-ns#">
            <rdf:Description rdf:about="#COPASI6">
              <CopasiMT:hasPart>
                <rdf:Bag>
                  <rdf:li rdf:resource="urn:miriam:mirbase:MI0000476"/>
                </rdf:Bag>
              </CopasiMT:hasPart>
              <CopasiMT:hasPart>
                <rdf:Bag>
                  <rdf:li rdf:resource="urn:miriam:ensembl:ENSG00000151468"/>
                </rdf:Bag>
              </CopasiMT:hasPart>
            </rdf:Description>
          </rdf:RDF>
        </COPASI>
	<rdf:RDF xmlns:rdf="http://www.w3.org/1999/02/22-rdf-syntax-ns#" xmlns:bqmodel="http://biomodels.net/model-qualifiers/" xmlns:bqbiol="http://biomodels.net/biology-qualifiers/">
            <rdf:Description rdf:about="#COPASI6">
              <bqbiol:hasPart>
	<rdf:Bag>
	<rdf:li rdf:resource="http://identifiers.org/ensembl/ENSG00000151468"/>
	</rdf:Bag>
	</bqbiol:hasPart>
	
	<bqbiol:hasPart>
	<rdf:Bag>
	<rdf:li rdf:resource="http://identifiers.org/mirbase/MI0000476"/>
	</rdf:Bag>
	</bqbiol:hasPart>
	</rdf:Description>
	
	
	
	
	</rdf:RDF>
	</annotation>
            </species>
      <species boundaryCondition="false" compartment="compartment_1" constant="false" hasOnlySubstanceUnits="false" id="species_6" initialConcentration="0" metaid="COPASI7" name="triplex">
        <annotation>
        <COPASI xmlns="http://www.copasi.org/static/sbml">
          <rdf:RDF xmlns:CopasiMT="http://www.copasi.org/RDF/MiriamTerms#" xmlns:rdf="http://www.w3.org/1999/02/22-rdf-syntax-ns#">
            <rdf:Description rdf:about="#COPASI7">
              <CopasiMT:hasPart>
                <rdf:Bag>
                  <rdf:li rdf:resource="urn:miriam:mirbase:MI0003575"/>
                </rdf:Bag>
              </CopasiMT:hasPart>
              <CopasiMT:hasPart>
                <rdf:Bag>
                  <rdf:li rdf:resource="urn:miriam:ensembl:ENSG00000151468"/>
                </rdf:Bag>
              </CopasiMT:hasPart>
              <CopasiMT:hasPart>
                <rdf:Bag>
                  <rdf:li rdf:resource="urn:miriam:mirbase:MI0000476"/>
                </rdf:Bag>
              </CopasiMT:hasPart>
            </rdf:Description>
          </rdf:RDF>
        </COPASI>
	<rdf:RDF xmlns:rdf="http://www.w3.org/1999/02/22-rdf-syntax-ns#" xmlns:bqmodel="http://biomodels.net/model-qualifiers/" xmlns:bqbiol="http://biomodels.net/biology-qualifiers/">
            <rdf:Description rdf:about="#COPASI7">
              <bqbiol:hasPart>
	<rdf:Bag>
	<rdf:li rdf:resource="http://identifiers.org/ensembl/ENSG00000151468"/>
	</rdf:Bag>
	</bqbiol:hasPart>
	<bqbiol:hasPart>
	<rdf:Bag>
	<rdf:li rdf:resource="http://identifiers.org/mirbase/MI0003575"/>
	</rdf:Bag>
	</bqbiol:hasPart>
	
	<bqbiol:hasPart>
	<rdf:Bag>
	<rdf:li rdf:resource="http://identifiers.org/mirbase/MI0000476"/>
	</rdf:Bag>
	</bqbiol:hasPart>
	</rdf:Description>
	
	
	
	
	</rdf:RDF>
	</annotation>
            </species>
      <species boundaryCondition="false" compartment="compartment_1" constant="false" hasOnlySubstanceUnits="false" id="species_7" initialConcentration="1" metaid="COPASI8" name="TF_mRNA">
        <annotation>
        <COPASI xmlns="http://www.copasi.org/static/sbml">
          <rdf:RDF xmlns:dcterms="http://purl.org/dc/terms/" xmlns:rdf="http://www.w3.org/1999/02/22-rdf-syntax-ns#">
            <rdf:Description rdf:about="#COPASI8">
              <dcterms:created>
                <rdf:Description>
                  <dcterms:W3CDTF>2014-01-16T19:49:05Z</dcterms:W3CDTF>
                </rdf:Description>
              </dcterms:created>
            </rdf:Description>
          </rdf:RDF>
        </COPASI>
      </annotation>
            </species>
      <species boundaryCondition="false" compartment="compartment_1" constant="false" hasOnlySubstanceUnits="false" id="species_8" initialConcentration="1" metaid="COPASI9" name="TF_miRNA_1">
        <annotation>
        <COPASI xmlns="http://www.copasi.org/static/sbml">
          <rdf:RDF xmlns:dcterms="http://purl.org/dc/terms/" xmlns:rdf="http://www.w3.org/1999/02/22-rdf-syntax-ns#">
            <rdf:Description rdf:about="#COPASI9">
              <dcterms:created>
                <rdf:Description>
                  <dcterms:W3CDTF>2014-01-16T19:48:58Z</dcterms:W3CDTF>
                </rdf:Description>
              </dcterms:created>
            </rdf:Description>
          </rdf:RDF>
        </COPASI>
      </annotation>
            </species>
      <species boundaryCondition="false" compartment="compartment_1" constant="false" hasOnlySubstanceUnits="false" id="species_9" initialConcentration="1" metaid="COPASI10" name="TF_miRNA_2">
        <annotation>
        <COPASI xmlns="http://www.copasi.org/static/sbml">
          <rdf:RDF xmlns:dcterms="http://purl.org/dc/terms/" xmlns:rdf="http://www.w3.org/1999/02/22-rdf-syntax-ns#">
            <rdf:Description rdf:about="#COPASI10">
              <dcterms:created>
                <rdf:Description>
                  <dcterms:W3CDTF>2014-01-16T19:48:47Z</dcterms:W3CDTF>
                </rdf:Description>
              </dcterms:created>
            </rdf:Description>
          </rdf:RDF>
        </COPASI>
      </annotation>
            </species>
      <species boundaryCondition="false" compartment="compartment_1" constant="false" hasOnlySubstanceUnits="false" id="species_10" initialConcentration="1" metaid="COPASI11" name="protein">
        <annotation>
        <COPASI xmlns="http://www.copasi.org/static/sbml">
          <rdf:RDF xmlns:CopasiMT="http://www.copasi.org/RDF/MiriamTerms#" xmlns:rdf="http://www.w3.org/1999/02/22-rdf-syntax-ns#">
            <rdf:Description rdf:about="#COPASI11">
              <CopasiMT:isEncodedBy>
                <rdf:Bag>
                  <rdf:li rdf:resource="urn:miriam:ensembl:ENSG00000151468"/>
                </rdf:Bag>
              </CopasiMT:isEncodedBy>
            </rdf:Description>
          </rdf:RDF>
        </COPASI>
	<rdf:RDF xmlns:rdf="http://www.w3.org/1999/02/22-rdf-syntax-ns#" xmlns:bqmodel="http://biomodels.net/model-qualifiers/" xmlns:bqbiol="http://biomodels.net/biology-qualifiers/">
            <rdf:Description rdf:about="#COPASI11">
	<bqbiol:isEncodedBy>
	<rdf:Bag>
	<rdf:li rdf:resource="http://identifiers.org/ensembl/ENSG00000151468"/>
	</rdf:Bag>
	</bqbiol:isEncodedBy>
	</rdf:Description>
	
	
	
	
	</rdf:RDF>
	</annotation>
            </species>
    </listOfSpecies>
    <listOfReactions>
      <reaction id="reaction_1" metaid="COPASI12" name="duplex 1 association" reversible="false">
        <annotation>
        <COPASI xmlns="http://www.copasi.org/static/sbml">
          <rdf:RDF xmlns:dcterms="http://purl.org/dc/terms/" xmlns:rdf="http://www.w3.org/1999/02/22-rdf-syntax-ns#">
            <rdf:Description rdf:about="#COPASI12">
              <dcterms:created>
                <rdf:Description>
                  <dcterms:W3CDTF>2013-10-23T20:51:55Z</dcterms:W3CDTF>
                </rdf:Description>
              </dcterms:created>
            </rdf:Description>
          </rdf:RDF>
        </COPASI>
      </annotation>
              <listOfReactants>
          <speciesReference metaid="_9cc4641e-6f16-4698-ad19-342ea95859f5" species="species_1" stoichiometry="1"/>
          <speciesReference metaid="_8b69c84c-47ff-4b60-a38e-f51c226baa86" species="species_2" stoichiometry="1"/>
        </listOfReactants>
        <listOfProducts>
          <speciesReference metaid="_7c87e4f1-e25b-4ed3-84c9-299f0b82630c" species="species_4" stoichiometry="1"/>
        </listOfProducts>
        <listOfModifiers>
          <modifierSpeciesReference metaid="_2ca2d12e-1eb5-4704-b49c-1da1ee2d8404" species="species_1"/>
          <modifierSpeciesReference metaid="_6edd0f7c-0cc6-43f4-a832-5abd537915b2" species="species_2"/>
        </listOfModifiers>
        <kineticLaw metaid="d7dbbab0-1549-4b5a-93ba-597e96fe090a">
          <math xmlns="http://www.w3.org/1998/Math/MathML">          
            <apply>
              <times/>
              <ci> compartment_1 </ci>
              <ci> k1 </ci>
              <ci> species_1 </ci>
              <ci> species_2 </ci>
            </apply>
          </math>
                  <listOfParameters>
            <parameter id="k1" metaid="_2d395ae4-7091-47d0-90cb-7f893c19c548" name="k1" value="0.00045298"/>
          </listOfParameters>
        </kineticLaw>
      </reaction>
      <reaction id="reaction_2" metaid="COPASI13" name="duplex 2 association" reversible="false">
        <annotation>
        <COPASI xmlns="http://www.copasi.org/static/sbml">
          <rdf:RDF xmlns:dcterms="http://purl.org/dc/terms/" xmlns:rdf="http://www.w3.org/1999/02/22-rdf-syntax-ns#">
            <rdf:Description rdf:about="#COPASI13">
              <dcterms:created>
                <rdf:Description>
                  <dcterms:W3CDTF>2013-10-23T21:18:14Z</dcterms:W3CDTF>
                </rdf:Description>
              </dcterms:created>
            </rdf:Description>
          </rdf:RDF>
        </COPASI>
      </annotation>
              <listOfReactants>
          <speciesReference metaid="ddfa164f-f8d2-452d-aa19-3b08af85d4a7" species="species_1" stoichiometry="1"/>
          <speciesReference metaid="b2062069-2bd5-4fa5-9fdd-713b33f90ec5" species="species_3" stoichiometry="1"/>
        </listOfReactants>
        <listOfProducts>
          <speciesReference metaid="_2e4eb30c-6ea2-40bc-bcce-18e7119db2e6" species="species_5" stoichiometry="1"/>
        </listOfProducts>
        <listOfModifiers>
          <modifierSpeciesReference metaid="d669b4ee-9d11-4fe1-8cfb-462dc9ae51ef" species="species_1"/>
          <modifierSpeciesReference metaid="db42e8c2-ef45-4f71-beb5-efc3b81045f4" species="species_3"/>
        </listOfModifiers>
        <kineticLaw metaid="_692930a8-5289-4e50-b571-e9b679dd1af6">
          <math xmlns="http://www.w3.org/1998/Math/MathML">          
            <apply>
              <times/>
              <ci> compartment_1 </ci>
              <ci> k1 </ci>
              <ci> species_1 </ci>
              <ci> species_3 </ci>
            </apply>
          </math>
                  <listOfParameters>
            <parameter id="k1" metaid="_19a470e0-4055-409c-be41-289fd7fc9cfe" name="k1" value="1.30837E-5"/>
          </listOfParameters>
        </kineticLaw>
      </reaction>
      <reaction id="reaction_3" metaid="COPASI14" name="triplex association" reversible="false">
        <annotation>
        <COPASI xmlns="http://www.copasi.org/static/sbml">
          <rdf:RDF xmlns:dcterms="http://purl.org/dc/terms/" xmlns:rdf="http://www.w3.org/1999/02/22-rdf-syntax-ns#">
            <rdf:Description rdf:about="#COPASI14">
              <dcterms:created>
                <rdf:Description>
                  <dcterms:W3CDTF>2013-10-23T21:20:35Z</dcterms:W3CDTF>
                </rdf:Description>
              </dcterms:created>
            </rdf:Description>
          </rdf:RDF>
        </COPASI>
      </annotation>
              <listOfReactants>
          <speciesReference metaid="_650a846d-8be4-4a80-84cc-d9ae982eae47" species="species_1" stoichiometry="1"/>
          <speciesReference metaid="_921428f5-2717-424c-aea9-4ab87c7383d1" species="species_2" stoichiometry="1"/>
          <speciesReference metaid="e736b27b-d833-43c7-ac33-e84406f1f426" species="species_3" stoichiometry="1"/>
        </listOfReactants>
        <listOfProducts>
          <speciesReference metaid="a833f1d0-43d8-4fe4-894e-d6ab1295e522" species="species_6" stoichiometry="1"/>
        </listOfProducts>
        <listOfModifiers>
          <modifierSpeciesReference metaid="_075695ab-aab9-452d-a20f-34f83ac5d9f6" species="species_1"/>
          <modifierSpeciesReference metaid="_452c8034-04e9-4bb0-ad5b-2a6c74d81b72" species="species_2"/>
          <modifierSpeciesReference metaid="d277a19a-1715-4355-97cd-b686069baac8" species="species_3"/>
        </listOfModifiers>
        <kineticLaw metaid="_38f030de-26f2-4684-8f30-1d4ccac0fe8c">
          <math xmlns="http://www.w3.org/1998/Math/MathML">          
            <apply>
              <times/>
              <ci> compartment_1 </ci>
              <ci> k1 </ci>
              <ci> species_1 </ci>
              <ci> species_2 </ci>
              <ci> species_3 </ci>
            </apply>
          </math>
                  <listOfParameters>
            <parameter id="k1" metaid="e4210113-1927-413a-985b-618293676350" name="k1" value="0.999534"/>
          </listOfParameters>
        </kineticLaw>
      </reaction>
      <reaction id="reaction_4" metaid="COPASI15" name="mRNA synthesis" reversible="false">
        <annotation>
        <COPASI xmlns="http://www.copasi.org/static/sbml">
          <rdf:RDF xmlns:dcterms="http://purl.org/dc/terms/" xmlns:rdf="http://www.w3.org/1999/02/22-rdf-syntax-ns#">
            <rdf:Description rdf:about="#COPASI15">
              <dcterms:created>
                <rdf:Description>
                  <dcterms:W3CDTF>2014-01-16T19:26:22Z</dcterms:W3CDTF>
                </rdf:Description>
              </dcterms:created>
            </rdf:Description>
          </rdf:RDF>
        </COPASI>
      </annotation>
              <listOfProducts>
          <speciesReference metaid="c0ebc0c0-c39c-4111-88ef-06fa5b6fedfa" species="species_1" stoichiometry="1"/>
        </listOfProducts>
        <listOfModifiers>
          <modifierSpeciesReference metaid="_596c2e19-6577-470f-b81d-1eb7998bb8b5" species="species_7"/>
          <modifierSpeciesReference metaid="_1c03ee91-da6f-4f6d-9333-fd0d5d1173f6" species="species_7"/>
        </listOfModifiers>
        <kineticLaw metaid="_8972e261-c495-4f27-bdd6-42a43a6259f0">
          <math xmlns="http://www.w3.org/1998/Math/MathML">          
            <apply>
              <times/>
              <ci> compartment_1 </ci>
              <apply>
                <ci> function_1 </ci>
                <ci> k_syn_mRNA </ci>
                <ci> species_7 </ci>
              </apply>
            </apply>
          </math>
                  <listOfParameters>
            <parameter id="k_syn_mRNA" metaid="_0e9dc673-2469-4d79-b1c0-9bb78f86a042" name="k_syn_mRNA" value="1"/>
          </listOfParameters>
        </kineticLaw>
      </reaction>
      <reaction id="reaction_5" metaid="COPASI16" name="miRNA_1 synthesis" reversible="false">
        <annotation>
        <COPASI xmlns="http://www.copasi.org/static/sbml">
          <rdf:RDF xmlns:dcterms="http://purl.org/dc/terms/" xmlns:rdf="http://www.w3.org/1999/02/22-rdf-syntax-ns#">
            <rdf:Description rdf:about="#COPASI16">
              <dcterms:created>
                <rdf:Description>
                  <dcterms:W3CDTF>2014-01-16T19:25:59Z</dcterms:W3CDTF>
                </rdf:Description>
              </dcterms:created>
            </rdf:Description>
          </rdf:RDF>
        </COPASI>
      </annotation>
              <listOfProducts>
          <speciesReference metaid="_4f9cbbdd-b30d-4f3b-98f6-7607b27a7437" species="species_2" stoichiometry="1"/>
        </listOfProducts>
        <listOfModifiers>
          <modifierSpeciesReference metaid="_5671f29b-1ee8-45d1-ac52-8fea687e0943" species="species_8"/>
          <modifierSpeciesReference metaid="_1f740540-0556-4cc6-a190-107896ae91d3" species="species_8"/>
        </listOfModifiers>
        <kineticLaw metaid="_125daad6-a8ab-4e70-a424-68320bab793d">
          <math xmlns="http://www.w3.org/1998/Math/MathML">          
            <apply>
              <times/>
              <ci> compartment_1 </ci>
              <apply>
                <ci> function_2 </ci>
                <ci> k_syn_miRNA_1 </ci>
                <ci> species_8 </ci>
              </apply>
            </apply>
          </math>
                  <listOfParameters>
            <parameter id="k_syn_miRNA_1" metaid="_19816e40-abf1-449d-a65d-40e02b61ee0a" name="k_syn_miRNA_1" value="1"/>
          </listOfParameters>
        </kineticLaw>
      </reaction>
      <reaction id="reaction_6" metaid="COPASI17" name="miRNA_2 synthesis" reversible="false">
        <annotation>
        <COPASI xmlns="http://www.copasi.org/static/sbml">
          <rdf:RDF xmlns:dcterms="http://purl.org/dc/terms/" xmlns:rdf="http://www.w3.org/1999/02/22-rdf-syntax-ns#">
            <rdf:Description rdf:about="#COPASI17">
              <dcterms:created>
                <rdf:Description>
                  <dcterms:W3CDTF>2013-10-23T20:59:34Z</dcterms:W3CDTF>
                </rdf:Description>
              </dcterms:created>
            </rdf:Description>
          </rdf:RDF>
        </COPASI>
      </annotation>
              <listOfProducts>
          <speciesReference metaid="_60d71555-7bce-4de6-b81b-40d82c4283b5" species="species_3" stoichiometry="1"/>
        </listOfProducts>
        <listOfModifiers>
          <modifierSpeciesReference metaid="_3bd4389f-cfa3-4c66-868c-cb23e14c8066" species="species_9"/>
          <modifierSpeciesReference metaid="f7d3131f-d92a-458b-8b37-ec9bef26a378" species="species_9"/>
        </listOfModifiers>
        <kineticLaw metaid="_8e09697a-c175-4b53-84b3-f9889ffc5304">
          <math xmlns="http://www.w3.org/1998/Math/MathML">          
            <apply>
              <times/>
              <ci> compartment_1 </ci>
              <apply>
                <ci> function_3 </ci>
                <ci> k_syn_miRNA_2 </ci>
                <ci> species_9 </ci>
              </apply>
            </apply>
          </math>
                  <listOfParameters>
            <parameter id="k_syn_miRNA_2" metaid="_37f27886-7a09-47aa-b024-b4da7db32e59" name="k_syn_miRNA_2" value="1"/>
          </listOfParameters>
        </kineticLaw>
      </reaction>
      <reaction id="reaction_7" metaid="COPASI18" name="mRNA degradation" reversible="false">
        <annotation>
        <COPASI xmlns="http://www.copasi.org/static/sbml">
          <rdf:RDF xmlns:dcterms="http://purl.org/dc/terms/" xmlns:rdf="http://www.w3.org/1999/02/22-rdf-syntax-ns#">
            <rdf:Description rdf:about="#COPASI18">
              <dcterms:created>
                <rdf:Description>
                  <dcterms:W3CDTF>2014-01-16T19:26:15Z</dcterms:W3CDTF>
                </rdf:Description>
              </dcterms:created>
            </rdf:Description>
          </rdf:RDF>
        </COPASI>
      </annotation>
              <listOfReactants>
          <speciesReference metaid="abb73242-dae5-4a11-b482-2bbc3b435f35" species="species_1" stoichiometry="1"/>
        </listOfReactants>
        <listOfModifiers>
          <modifierSpeciesReference metaid="f54c92ad-a933-4984-a340-8d93a721188b" species="species_1"/>
        </listOfModifiers>
        <kineticLaw metaid="_3baccbd0-573f-4203-9ac7-32a158cd3688">
          <math xmlns="http://www.w3.org/1998/Math/MathML">          
            <apply>
              <times/>
              <ci> compartment_1 </ci>
              <ci> k1 </ci>
              <ci> species_1 </ci>
            </apply>
          </math>
                  <listOfParameters>
            <parameter id="k1" metaid="e1a0d17c-982d-43f8-bcf0-7f925fb3ff79" name="k1" value="1"/>
          </listOfParameters>
        </kineticLaw>
      </reaction>
      <reaction id="reaction_8" metaid="COPASI19" name="miRNA_1 degradation" reversible="false">
        <annotation>
        <COPASI xmlns="http://www.copasi.org/static/sbml">
          <rdf:RDF xmlns:dcterms="http://purl.org/dc/terms/" xmlns:rdf="http://www.w3.org/1999/02/22-rdf-syntax-ns#">
            <rdf:Description rdf:about="#COPASI19">
              <dcterms:created>
                <rdf:Description>
                  <dcterms:W3CDTF>2014-01-16T19:25:53Z</dcterms:W3CDTF>
                </rdf:Description>
              </dcterms:created>
            </rdf:Description>
          </rdf:RDF>
        </COPASI>
      </annotation>
              <listOfReactants>
          <speciesReference metaid="_8d4a0cc6-f836-4c10-bf99-601090a7ea43" species="species_2" stoichiometry="1"/>
        </listOfReactants>
        <listOfModifiers>
          <modifierSpeciesReference metaid="_23bbad00-c855-404f-af50-2a837362ae9d" species="species_2"/>
        </listOfModifiers>
        <kineticLaw metaid="_91dfa044-af4e-4d2e-9d74-9861470111bb">
          <math xmlns="http://www.w3.org/1998/Math/MathML">          
            <apply>
              <times/>
              <ci> compartment_1 </ci>
              <ci> k1 </ci>
              <ci> species_2 </ci>
            </apply>
          </math>
                  <listOfParameters>
            <parameter id="k1" metaid="_088ffcce-8dbe-4d5b-b3c7-8d333682853f" name="k1" value="1"/>
          </listOfParameters>
        </kineticLaw>
      </reaction>
      <reaction id="reaction_9" metaid="COPASI20" name="miRNA_2 degradation" reversible="false">
        <annotation>
        <COPASI xmlns="http://www.copasi.org/static/sbml">
          <rdf:RDF xmlns:dcterms="http://purl.org/dc/terms/" xmlns:rdf="http://www.w3.org/1999/02/22-rdf-syntax-ns#">
            <rdf:Description rdf:about="#COPASI20">
              <dcterms:created>
                <rdf:Description>
                  <dcterms:W3CDTF>2013-10-23T20:59:34Z</dcterms:W3CDTF>
                </rdf:Description>
              </dcterms:created>
            </rdf:Description>
          </rdf:RDF>
        </COPASI>
      </annotation>
              <listOfReactants>
          <speciesReference metaid="a626e97b-2589-4bb3-8c12-2f40e61d5392" species="species_3" stoichiometry="1"/>
        </listOfReactants>
        <listOfModifiers>
          <modifierSpeciesReference metaid="_9ce41294-3501-4d67-b505-94d62fddfc13" species="species_3"/>
        </listOfModifiers>
        <kineticLaw metaid="a1a0bc63-e8fb-4d28-a7bd-28190068c845">
          <math xmlns="http://www.w3.org/1998/Math/MathML">          
            <apply>
              <times/>
              <ci> compartment_1 </ci>
              <ci> k1 </ci>
              <ci> species_3 </ci>
            </apply>
          </math>
                  <listOfParameters>
            <parameter id="k1" metaid="e72a025e-7d1e-4817-a52a-7d1c7117a21b" name="k1" value="1"/>
          </listOfParameters>
        </kineticLaw>
      </reaction>
      <reaction id="reaction_10" metaid="COPASI21" name="duplex 1 dissociation" reversible="false">
        <annotation>
        <COPASI xmlns="http://www.copasi.org/static/sbml">
          <rdf:RDF xmlns:dcterms="http://purl.org/dc/terms/" xmlns:rdf="http://www.w3.org/1999/02/22-rdf-syntax-ns#">
            <rdf:Description rdf:about="#COPASI21">
              <dcterms:created>
                <rdf:Description>
                  <dcterms:W3CDTF>2013-10-23T21:17:53Z</dcterms:W3CDTF>
                </rdf:Description>
              </dcterms:created>
            </rdf:Description>
          </rdf:RDF>
        </COPASI>
      </annotation>
              <listOfReactants>
          <speciesReference metaid="_7c44a49b-bd09-4cf1-8580-cce005e8f50c" species="species_4" stoichiometry="1"/>
        </listOfReactants>
        <listOfProducts>
          <speciesReference metaid="_135d139c-b83e-437d-9f22-4c3489a4a156" species="species_2" stoichiometry="1"/>
          <speciesReference metaid="_496efc5d-09fb-4807-b866-36eb60bd3e09" species="species_1" stoichiometry="1"/>
        </listOfProducts>
        <listOfModifiers>
          <modifierSpeciesReference metaid="_4b031337-713d-459d-974b-d02c96993db2" species="species_4"/>
        </listOfModifiers>
        <kineticLaw metaid="_3c7ff0c4-0751-4329-a355-dba876287e5a">
          <math xmlns="http://www.w3.org/1998/Math/MathML">          
            <apply>
              <times/>
              <ci> compartment_1 </ci>
              <ci> k1 </ci>
              <ci> species_4 </ci>
            </apply>
          </math>
                  <listOfParameters>
            <parameter id="k1" metaid="cfd289f6-da1e-4ae6-9c66-0cda5e403d4c" name="k1" value="0.249955"/>
          </listOfParameters>
        </kineticLaw>
      </reaction>
      <reaction id="reaction_11" metaid="COPASI22" name="duplex 2 dissociation" reversible="false">
        <annotation>
        <COPASI xmlns="http://www.copasi.org/static/sbml">
          <rdf:RDF xmlns:dcterms="http://purl.org/dc/terms/" xmlns:rdf="http://www.w3.org/1999/02/22-rdf-syntax-ns#">
            <rdf:Description rdf:about="#COPASI22">
              <dcterms:created>
                <rdf:Description>
                  <dcterms:W3CDTF>2013-10-23T21:20:03Z</dcterms:W3CDTF>
                </rdf:Description>
              </dcterms:created>
            </rdf:Description>
          </rdf:RDF>
        </COPASI>
      </annotation>
              <listOfReactants>
          <speciesReference metaid="d5dea9ad-fee0-4bca-9a40-52e9288b0d41" species="species_5" stoichiometry="1"/>
        </listOfReactants>
        <listOfProducts>
          <speciesReference metaid="_6cbf1ae3-3d2a-4d4e-bc68-6a1cf5782557" species="species_3" stoichiometry="1"/>
          <speciesReference metaid="_84eba3bc-5e19-4d5c-ace0-f97ea7753383" species="species_1" stoichiometry="1"/>
        </listOfProducts>
        <listOfModifiers>
          <modifierSpeciesReference metaid="_54d25f78-73a2-4f80-8059-cd360cc3a44d" species="species_5"/>
        </listOfModifiers>
        <kineticLaw metaid="_143849c2-55ca-4bc5-b47d-f9c9f77f8871">
          <math xmlns="http://www.w3.org/1998/Math/MathML">          
            <apply>
              <times/>
              <ci> compartment_1 </ci>
              <ci> k1 </ci>
              <ci> species_5 </ci>
            </apply>
          </math>
                  <listOfParameters>
            <parameter id="k1" metaid="_31086e10-db95-400c-ae48-634c993912bb" name="k1" value="0.241033"/>
          </listOfParameters>
        </kineticLaw>
      </reaction>
      <reaction id="reaction_12" metaid="COPASI23" name="triplex dissociation" reversible="false">
        <annotation>
        <COPASI xmlns="http://www.copasi.org/static/sbml">
          <rdf:RDF xmlns:dcterms="http://purl.org/dc/terms/" xmlns:rdf="http://www.w3.org/1999/02/22-rdf-syntax-ns#">
            <rdf:Description rdf:about="#COPASI23">
              <dcterms:created>
                <rdf:Description>
                  <dcterms:W3CDTF>2013-10-23T21:21:11Z</dcterms:W3CDTF>
                </rdf:Description>
              </dcterms:created>
            </rdf:Description>
          </rdf:RDF>
        </COPASI>
      </annotation>
              <listOfReactants>
          <speciesReference metaid="_2e586ed1-caa2-420d-a74e-7efa4312a57e" species="species_6" stoichiometry="1"/>
        </listOfReactants>
        <listOfProducts>
          <speciesReference metaid="be7447dc-26a5-4cee-91af-88c7d99d9a81" species="species_2" stoichiometry="1"/>
          <speciesReference metaid="e95d2f01-1264-4d0f-b412-02e18284d623" species="species_3" stoichiometry="1"/>
          <speciesReference metaid="_2498700f-3882-43d4-a722-294eba733ed3" species="species_1" stoichiometry="1"/>
        </listOfProducts>
        <listOfModifiers>
          <modifierSpeciesReference metaid="f49ebe5c-1b17-4b06-bb61-0d92d7b40574" species="species_6"/>
        </listOfModifiers>
        <kineticLaw metaid="b468026c-a8d0-4ca0-a303-52abe8266d80">
          <math xmlns="http://www.w3.org/1998/Math/MathML">          
            <apply>
              <times/>
              <ci> compartment_1 </ci>
              <ci> k1 </ci>
              <ci> species_6 </ci>
            </apply>
          </math>
                  <listOfParameters>
            <parameter id="k1" metaid="_6e8f53ab-fc23-4a9e-b1fa-c4ad6eb0a634" name="k1" value="0.187796"/>
          </listOfParameters>
        </kineticLaw>
      </reaction>
      <reaction id="reaction_13" metaid="COPASI24" name="duplex 1 degradation" reversible="false">
        <annotation>
        <COPASI xmlns="http://www.copasi.org/static/sbml">
          <rdf:RDF xmlns:dcterms="http://purl.org/dc/terms/" xmlns:rdf="http://www.w3.org/1999/02/22-rdf-syntax-ns#">
            <rdf:Description rdf:about="#COPASI24">
              <dcterms:created>
                <rdf:Description>
                  <dcterms:W3CDTF>2013-10-28T21:43:21Z</dcterms:W3CDTF>
                </rdf:Description>
              </dcterms:created>
            </rdf:Description>
          </rdf:RDF>
        </COPASI>
      </annotation>
              <listOfReactants>
          <speciesReference metaid="dac0425b-a2fd-4a61-93e3-93c3e5ca41c3" species="species_4" stoichiometry="1"/>
        </listOfReactants>
        <listOfModifiers>
          <modifierSpeciesReference metaid="_567faf12-70bc-404e-ab00-a7dba526cc5f" species="species_4"/>
        </listOfModifiers>
        <kineticLaw metaid="_67daa45d-60da-4e62-8a31-50e0fe4c0ff9">
          <math xmlns="http://www.w3.org/1998/Math/MathML">          
            <apply>
              <times/>
              <ci> compartment_1 </ci>
              <ci> k1 </ci>
              <ci> species_4 </ci>
            </apply>
          </math>
                  <listOfParameters>
            <parameter id="k1" metaid="fc1aae2f-d7b2-48c1-a486-56a54aff5943" name="k1" value="1"/>
          </listOfParameters>
        </kineticLaw>
      </reaction>
      <reaction id="reaction_14" metaid="COPASI25" name="duplex 2 degradation" reversible="false">
        <annotation>
        <COPASI xmlns="http://www.copasi.org/static/sbml">
          <rdf:RDF xmlns:dcterms="http://purl.org/dc/terms/" xmlns:rdf="http://www.w3.org/1999/02/22-rdf-syntax-ns#">
            <rdf:Description rdf:about="#COPASI25">
              <dcterms:created>
                <rdf:Description>
                  <dcterms:W3CDTF>2014-01-16T19:25:42Z</dcterms:W3CDTF>
                </rdf:Description>
              </dcterms:created>
            </rdf:Description>
          </rdf:RDF>
        </COPASI>
      </annotation>
              <listOfReactants>
          <speciesReference metaid="_628d4695-4b83-452f-9701-bb98aaa732d8" species="species_5" stoichiometry="1"/>
        </listOfReactants>
        <listOfModifiers>
          <modifierSpeciesReference metaid="_65ccb648-a89e-4322-8777-56ecfacddc1a" species="species_5"/>
        </listOfModifiers>
        <kineticLaw metaid="e01e31ff-9628-4624-9f51-b47765e42143">
          <math xmlns="http://www.w3.org/1998/Math/MathML">          
            <apply>
              <times/>
              <ci> compartment_1 </ci>
              <ci> k1 </ci>
              <ci> species_5 </ci>
            </apply>
          </math>
                  <listOfParameters>
            <parameter id="k1" metaid="_21e36119-aaa2-41de-8010-8ff7ace75790" name="k1" value="1"/>
          </listOfParameters>
        </kineticLaw>
      </reaction>
      <reaction id="reaction_15" metaid="COPASI26" name="triplex degradation" reversible="false">
        <annotation>
        <COPASI xmlns="http://www.copasi.org/static/sbml">
          <rdf:RDF xmlns:dcterms="http://purl.org/dc/terms/" xmlns:rdf="http://www.w3.org/1999/02/22-rdf-syntax-ns#">
            <rdf:Description rdf:about="#COPASI26">
              <dcterms:created>
                <rdf:Description>
                  <dcterms:W3CDTF>2013-10-28T21:44:51Z</dcterms:W3CDTF>
                </rdf:Description>
              </dcterms:created>
            </rdf:Description>
          </rdf:RDF>
        </COPASI>
      </annotation>
              <listOfReactants>
          <speciesReference metaid="_9c08e5fa-4a70-4432-bdde-a59fa3219615" species="species_6" stoichiometry="1"/>
        </listOfReactants>
        <listOfModifiers>
          <modifierSpeciesReference metaid="_6b096a33-187f-45aa-b2c6-d25967996b26" species="species_6"/>
        </listOfModifiers>
        <kineticLaw metaid="f715de8c-8005-48ad-b732-b68b9917209e">
          <math xmlns="http://www.w3.org/1998/Math/MathML">          
            <apply>
              <times/>
              <ci> compartment_1 </ci>
              <ci> k1 </ci>
              <ci> species_6 </ci>
            </apply>
          </math>
                  <listOfParameters>
            <parameter id="k1" metaid="_8633e322-9fa3-4aae-bb23-ddbbbc33fe7b" name="k1" value="1"/>
          </listOfParameters>
        </kineticLaw>
      </reaction>
      <reaction id="reaction_16" metaid="COPASI27" name="protein synthesis" reversible="false">
        <annotation>
        <COPASI xmlns="http://www.copasi.org/static/sbml">
          <rdf:RDF xmlns:dcterms="http://purl.org/dc/terms/" xmlns:rdf="http://www.w3.org/1999/02/22-rdf-syntax-ns#">
            <rdf:Description rdf:about="#COPASI27">
              <dcterms:created>
                <rdf:Description>
                  <dcterms:W3CDTF>2014-02-20T22:03:30Z</dcterms:W3CDTF>
                </rdf:Description>
              </dcterms:created>
            </rdf:Description>
          </rdf:RDF>
        </COPASI>
      </annotation>
              <listOfProducts>
          <speciesReference metaid="_98c5169f-a7d5-4d7d-b4a0-365a271ae14d" species="species_10" stoichiometry="1"/>
        </listOfProducts>
        <listOfModifiers>
          <modifierSpeciesReference metaid="_007f4def-cfe2-420c-b26f-cc61f8b62511" species="species_1"/>
          <modifierSpeciesReference metaid="_81b0c20b-bbff-4dfb-ad96-9e8ae337f331" species="species_1"/>
        </listOfModifiers>
        <kineticLaw metaid="_8da267b2-8242-40d0-890c-2482d5738ef6">
          <math xmlns="http://www.w3.org/1998/Math/MathML">          
            <apply>
              <times/>
              <ci> compartment_1 </ci>
              <apply>
                <ci> function_4 </ci>
                <ci> k_syn_prot </ci>
                <ci> species_1 </ci>
              </apply>
            </apply>
          </math>
                  <listOfParameters>
            <parameter id="k_syn_prot" metaid="_56940696-a203-463c-90cd-b81c22ac031b" name="k_syn_prot" value="1"/>
          </listOfParameters>
        </kineticLaw>
      </reaction>
      <reaction id="reaction_17" metaid="COPASI28" name="protein degradation" reversible="false">
        <annotation>
        <COPASI xmlns="http://www.copasi.org/static/sbml">
          <rdf:RDF xmlns:dcterms="http://purl.org/dc/terms/" xmlns:rdf="http://www.w3.org/1999/02/22-rdf-syntax-ns#">
            <rdf:Description rdf:about="#COPASI28">
              <dcterms:created>
                <rdf:Description>
                  <dcterms:W3CDTF>2014-02-20T22:05:30Z</dcterms:W3CDTF>
                </rdf:Description>
              </dcterms:created>
            </rdf:Description>
          </rdf:RDF>
        </COPASI>
      </annotation>
              <listOfReactants>
          <speciesReference metaid="f784b7b1-5f39-4abc-b951-5c2e22577d19" species="species_10" stoichiometry="1"/>
        </listOfReactants>
        <listOfModifiers>
          <modifierSpeciesReference metaid="ece6b53e-856b-45d6-8109-96a1e002cf1b" species="species_10"/>
        </listOfModifiers>
        <kineticLaw metaid="_355078d7-7029-4197-bc4a-3b08db8589a1">
          <math xmlns="http://www.w3.org/1998/Math/MathML">          
            <apply>
              <times/>
              <ci> compartment_1 </ci>
              <ci> k1 </ci>
              <ci> species_10 </ci>
            </apply>
          </math>
                  <listOfParameters>
            <parameter id="k1" metaid="_39a4a1de-891e-40bd-bc32-fbef59397c4a" name="k1" value="1"/>
          </listOfParameters>
        </kineticLaw>
      </reaction>
    </listOfReactions>
  </model>
</sbml>