[{"file": "VCDB_102802266-Song-JBiolChem-2016.ant"}, {"file": "biomodel_102802266_Application0.xml"}, {"file": "plot2d_DA0_1___BAY607550.csv"}, {"file": "report_DA0_1.csv"}, {"file": "report_DA0_1___MMPX.csv"}, {"file": "plot2d_DA0_1___MMPX.csv"}, {"file": "biomodel_102802266.sedml"}, {"file": "plot2d_DA1_0.csv"}, {"file": "plot2d_DA0_1.csv"}, {"file": "diagram.png"}, {"file": "report_DA0_1___BAY607550.csv"}, {"file": "report_DA0_1___SNAP.csv"}, {"file": "plot2d_DA0_1___SNAP.csv"}, {"file": "report_DA1_0.csv"}]