[{"file": "proctor_2007c.png"}, {"file": "proctor_2007b.png"}, {"file": "proctor_tsirigotis_gray_2007.cellml"}, {"file": "proctor_2007a.png"}, {"file": "proctor_2007e.png"}, {"file": "proctor_2007a.xul"}, {"file": "proctor_2007d.png"}, {"file": "report.csv"}, {"file": "simulation_0.sedml"}, {"file": "proctor_2007d.ai"}, {"file": "proctor_2007d.svg"}, {"file": "proctor_2007e.svg"}, {"file": "proctor_2007a.svg"}, {"file": "proctor_2007a.ai"}, {"file": "proctor_2007b.svg"}, {"file": "proctor_2007e.ai"}, {"file": "proctor_2007a_remade.ai"}, {"file": "proctor_2007c.svg"}, {"file": "proctor_2007b.ai"}, {"file": "proctor_2007a_remade.svg"}, {"file": "proctor_2007c.ai"}, {"file": "proctor_2007a_remade.xul"}]