<?xml version='1.0' encoding='UTF-8' standalone='no'?>
<sbml xmlns="http://www.sbml.org/sbml/level2" level="2" metaid="metaid_0000001" version="1">
  <model id="Model_0" metaid="metaid_0000009" name="McClean2007_CrossTalk">
    <notes>
      <body xmlns="http://www.w3.org/1999/xhtml">
        <p>This model encoded according to the paper      <i>Cross-talk and decision making in MAP kinase pathways.</i>
          Supplementary Figure 2 has been reproduced by COPASI4.0.20 (development) using parameter scan method. You probably need to uncheck "always use initial conditions" in copasi when you simulate for the second run in order to get the figure. S1 scale from 0 to 12. Keep in mind that the y axis is the fractions of  excited X3 and Y3, meaning that X3P and Y3P are normalized by total concentration X3T and Y3T.      </p>
            <p>The results from modeling the pathway in Supplementary Figure1a, including both activation and inhibition. According to the paper, the value of ka and kd should in the orange region (ka belongs [0,1], kd belongs [1,10]) so assigned ka=0, kd=1.</p>
            <p>The author made the simplifying assumption that the interactions between the pathways are symmetric. Thus the k12xy=k12yx=ka, k33xy=k33yx=kd.</p>
            <br/>
            <p>To the extent possible under law, all copyright and related or neighbouring rights to this encoded model have been dedicated to the public domain worldwide. Please refer to      <a href="http://creativecommons.org/publicdomain/zero/1.0/" title="Creative Commons CC0">CC0 Public Domain Dedication</a>
          for more information.      </p>
            <p>In summary, you are entitled to use this encoded model in absolutely any manner you deem suitable, verbatim, or with modification, alone or embedded it in a larger context, redistribute it, commercially or not, in a restricted way or not.</p>
            <br/>
            <p>To cite BioModels Database, please use:      <a href="http://www.ncbi.nlm.nih.gov/pubmed/20587024" target="_blank">Li C, Donizelli M, Rodriguez N, Dharuri H, Endler L, Chelliah V, Li L, He E, Henry A, Stefan MI, Snoep JL, Hucka M, Le Novère N, Laibe C (2010) BioModels Database: An enhanced, curated and annotated resource for published quantitative kinetic models. BMC Syst Biol., 4:92.</a>
                </p>
            </body>
      
    </notes>
    <annotation>
      <rdf:RDF xmlns:rdf="http://www.w3.org/1999/02/22-rdf-syntax-ns#" xmlns:bqmodel="http://biomodels.net/model-qualifiers/" xmlns:vCard="http://www.w3.org/2001/vcard-rdf/3.0#" xmlns:dc="http://purl.org/dc/elements/1.1/" xmlns:dcterms="http://purl.org/dc/terms/" xmlns:bqbiol="http://biomodels.net/biology-qualifiers/">
        <rdf:Description rdf:about="#metaid_0000009">
	<dc:creator>
	<rdf:Bag>
	<rdf:li rdf:parseType="Resource">
	<vCard:N rdf:parseType="Resource">
	<vCard:Family>He</vCard:Family>
	<vCard:Given>Enuo</vCard:Given>
	</vCard:N>
	<vCard:EMAIL>enuo@caltech.edu</vCard:EMAIL>
	<vCard:ORG rdf:parseType="Resource">
	<vCard:Orgname>BNMC</vCard:Orgname>
	</vCard:ORG>
	</rdf:li>
	<rdf:li rdf:parseType="Resource">
	<vCard:N rdf:parseType="Resource">
	<vCard:Family>Waltermann</vCard:Family>
	<vCard:Given>Christian</vCard:Given>
	</vCard:N>
	<vCard:EMAIL>christian.waltermann@molgen.mpg.de</vCard:EMAIL>
	<vCard:ORG rdf:parseType="Resource">
	<vCard:Orgname>Max Planck Institute For Molecular Genetics</vCard:Orgname>
	</vCard:ORG>
	</rdf:li>
	</rdf:Bag>
	</dc:creator>
	<dcterms:created rdf:parseType="Resource">
	<dcterms:W3CDTF>2007-05-08T09:29:14Z</dcterms:W3CDTF>
	</dcterms:created>
	<dcterms:modified rdf:parseType="Resource">
	<dcterms:W3CDTF>2012-07-05T16:32:26Z</dcterms:W3CDTF>
	</dcterms:modified>
	<bqmodel:is>
	<rdf:Bag>
	<rdf:li rdf:resource="http://identifiers.org/biomodels.db/MODEL7321452458"/>
	</rdf:Bag>
	</bqmodel:is>
	<bqmodel:is>
	<rdf:Bag>
	<rdf:li rdf:resource="http://identifiers.org/biomodels.db/BIOMD0000000116"/>
	</rdf:Bag>
	</bqmodel:is>
	<bqmodel:isDescribedBy>
	<rdf:Bag>
	<rdf:li rdf:resource="http://identifiers.org/pubmed/17259986"/>
	</rdf:Bag>
	</bqmodel:isDescribedBy>
	<bqbiol:hasTaxon>
	<rdf:Bag>
	<rdf:li rdf:resource="http://identifiers.org/taxonomy/4932"/>
	</rdf:Bag>
	</bqbiol:hasTaxon>
	<bqbiol:isVersionOf>
	<rdf:Bag>
	<rdf:li rdf:resource="http://identifiers.org/go/GO:0000161"/>
	<rdf:li rdf:resource="http://identifiers.org/go/GO:0019236"/>
	</rdf:Bag>
	</bqbiol:isVersionOf>
	</rdf:Description>
	
      </rdf:RDF>
    </annotation>
      <listOfCompartments>
      <compartment id="compartment_0" metaid="compartment_0" name="cell" size="1">
        <annotation>
          <rdf:RDF xmlns:rdf="http://www.w3.org/1999/02/22-rdf-syntax-ns#" xmlns:bqmodel="http://biomodels.net/model-qualifiers/" xmlns:bqbiol="http://biomodels.net/biology-qualifiers/">
            <rdf:Description rdf:about="#compartment_0">
	<bqbiol:isVersionOf>
	<rdf:Bag>
	<rdf:li rdf:resource="http://identifiers.org/go/GO:0005623"/>
	</rdf:Bag>
	</bqbiol:isVersionOf>
	</rdf:Description>
	
          </rdf:RDF>
        </annotation>
            </compartment>
    </listOfCompartments>
    <listOfSpecies>
      <species compartment="compartment_0" id="species_0" initialConcentration="1.023667" metaid="species_0" name="X1p">
        <notes>
          <p xmlns="http://www.w3.org/1999/xhtml">
        The initial value for each species taken from the original submitted model, they are the concentration of the species when arrived to the steady states.</p>
          
        </notes>
        <annotation>
          <rdf:RDF xmlns:rdf="http://www.w3.org/1999/02/22-rdf-syntax-ns#" xmlns:bqmodel="http://biomodels.net/model-qualifiers/" xmlns:bqbiol="http://biomodels.net/biology-qualifiers/">
            <rdf:Description rdf:about="#species_0">
	<bqbiol:is>
	<rdf:Bag>
	<rdf:li rdf:resource="http://identifiers.org/uniprot/P23561"/>
	</rdf:Bag>
	</bqbiol:is>
	</rdf:Description>
	
          </rdf:RDF>
        </annotation>
            </species>
      <species compartment="compartment_0" id="species_1" initialConcentration="2.154231" metaid="species_1" name="X2p">
        <annotation>
          <rdf:RDF xmlns:rdf="http://www.w3.org/1999/02/22-rdf-syntax-ns#" xmlns:bqmodel="http://biomodels.net/model-qualifiers/" xmlns:bqbiol="http://biomodels.net/biology-qualifiers/">
            <rdf:Description rdf:about="#species_1">
	<bqbiol:is>
	<rdf:Bag>
	<rdf:li rdf:resource="http://identifiers.org/uniprot/P06784"/>
	</rdf:Bag>
	</bqbiol:is>
	</rdf:Description>
	
          </rdf:RDF>
        </annotation>
            </species>
      <species compartment="compartment_0" id="species_2" initialConcentration="6.271793" metaid="species_2" name="X3p">
        <annotation>
          <rdf:RDF xmlns:rdf="http://www.w3.org/1999/02/22-rdf-syntax-ns#" xmlns:bqmodel="http://biomodels.net/model-qualifiers/" xmlns:bqbiol="http://biomodels.net/biology-qualifiers/">
            <rdf:Description rdf:about="#species_2">
	<bqbiol:is>
	<rdf:Bag>
	<rdf:li rdf:resource="http://identifiers.org/uniprot/P16892"/>
	</rdf:Bag>
	</bqbiol:is>
	</rdf:Description>
	
          </rdf:RDF>
        </annotation>
            </species>
      <species compartment="compartment_0" id="species_3" initialConcentration="3.203692" metaid="species_3" name="Y1p">
        <annotation>
          <rdf:RDF xmlns:rdf="http://www.w3.org/1999/02/22-rdf-syntax-ns#" xmlns:bqmodel="http://biomodels.net/model-qualifiers/" xmlns:bqbiol="http://biomodels.net/biology-qualifiers/">
            <rdf:Description rdf:about="#species_3">
	<bqbiol:is>
	<rdf:Bag>
	<rdf:li rdf:resource="http://identifiers.org/uniprot/P23561"/>
	</rdf:Bag>
	</bqbiol:is>
	</rdf:Description>
	
          </rdf:RDF>
        </annotation>
            </species>
      <species compartment="compartment_0" id="species_4" initialConcentration="8.232192" metaid="species_4" name="Y2p">
        <annotation>
          <rdf:RDF xmlns:rdf="http://www.w3.org/1999/02/22-rdf-syntax-ns#" xmlns:bqmodel="http://biomodels.net/model-qualifiers/" xmlns:bqbiol="http://biomodels.net/biology-qualifiers/">
            <rdf:Description rdf:about="#species_4">
	<bqbiol:is>
	<rdf:Bag>
	<rdf:li rdf:resource="http://identifiers.org/uniprot/P08018"/>
	</rdf:Bag>
	</bqbiol:is>
	</rdf:Description>
	
          </rdf:RDF>
        </annotation>
            </species>
      <species compartment="compartment_0" id="species_5" initialConcentration="9.312021" metaid="species_5" name="Y3p">
        <annotation>
          <rdf:RDF xmlns:rdf="http://www.w3.org/1999/02/22-rdf-syntax-ns#" xmlns:bqmodel="http://biomodels.net/model-qualifiers/" xmlns:bqbiol="http://biomodels.net/biology-qualifiers/">
            <rdf:Description rdf:about="#species_5">
	<bqbiol:is>
	<rdf:Bag>
	<rdf:li rdf:resource="http://identifiers.org/uniprot/P32485"/>
	</rdf:Bag>
	</bqbiol:is>
	</rdf:Description>
	
          </rdf:RDF>
        </annotation>
            </species>
    </listOfSpecies>
    <listOfParameters>
      <parameter id="parameter_0" metaid="metaid_0000020" name="X1T" value="10"/>
      <parameter id="parameter_1" metaid="metaid_0000021" name="X2T" value="10"/>
      <parameter id="parameter_2" metaid="metaid_0000022" name="X3T" value="10"/>
      <parameter id="parameter_3" metaid="metaid_0000023" name="Y1T" value="10"/>
      <parameter id="parameter_4" metaid="metaid_0000024" name="Y2T" value="10"/>
      <parameter id="parameter_5" metaid="metaid_0000025" name="Y3T" value="10"/>
      <parameter id="parameter_6" metaid="metaid_0000026" name="kx" value="1"/>
      <parameter id="parameter_7" metaid="metaid_0000027" name="S1" value="8.5">
        <notes>
          <p xmlns="http://www.w3.org/1999/xhtml">
        Use parameter scan value from 0 to 12.</p>
          
        </notes>
      </parameter>
      <parameter id="parameter_8" metaid="metaid_0000028" name="Kmx" value="1"/>
      <parameter id="parameter_9" metaid="metaid_0000029" name="k12x" value="1"/>
      <parameter id="parameter_10" metaid="metaid_0000030" name="k23x" value="1"/>
      <parameter id="parameter_11" metaid="metaid_0000031" name="kd" value="1"/>
      <parameter id="parameter_12" metaid="metaid_0000032" name="ka" value="0"/>
      <parameter id="parameter_13" metaid="metaid_0000033" name="Kmyx" value="1"/>
      <parameter id="parameter_14" metaid="metaid_0000034" name="S2" value="5"/>
      <parameter id="parameter_15" metaid="metaid_0000035" name="ky" value="1"/>
      <parameter id="parameter_16" metaid="metaid_0000036" name="Kmy" value="1"/>
      <parameter id="parameter_17" metaid="metaid_0000037" name="k12y" value="1"/>
      <parameter id="parameter_18" metaid="metaid_0000038" name="k23y" value="1"/>
      <parameter id="parameter_19" metaid="metaid_0000039" name="Kmxy" value="1"/>
    </listOfParameters>
    <listOfReactions>
      <reaction id="reaction_0" metaid="metaid_0000040" name="X1 activats X2" reversible="false">
        <annotation>
          <rdf:RDF xmlns:rdf="http://www.w3.org/1999/02/22-rdf-syntax-ns#" xmlns:bqmodel="http://biomodels.net/model-qualifiers/" xmlns:bqbiol="http://biomodels.net/biology-qualifiers/">
            <rdf:Description rdf:about="#metaid_0000040">
	<bqbiol:isVersionOf>
	<rdf:Bag>
	<rdf:li rdf:resource="http://identifiers.org/ec-code/2.7.11.1"/>
	<rdf:li rdf:resource="http://identifiers.org/go/GO:0004709"/>
	<rdf:li rdf:resource="http://identifiers.org/go/GO:0000186"/>
	</rdf:Bag>
	</bqbiol:isVersionOf>
	</rdf:Description>
	
          </rdf:RDF>
        </annotation>
              <listOfReactants>
          <speciesReference metaid="_307950" species="species_0"/>
        </listOfReactants>
        <listOfProducts>
          <speciesReference metaid="_307962" species="species_1"/>
        </listOfProducts>
        <kineticLaw metaid="_307974">
          <math xmlns="http://www.w3.org/1998/Math/MathML">          
            <apply>
              <times/>
              <ci> compartment_0 </ci>
              <ci> parameter_9 </ci>
              <ci> species_0 </ci>
              <apply>
                <minus/>
                <ci> parameter_1 </ci>
                <ci> species_1 </ci>
              </apply>
            </apply>
          </math>
                </kineticLaw>
      </reaction>
      <reaction id="reaction_1" metaid="metaid_0000041" name="S1 activates X1" reversible="false">
        <annotation>
          <rdf:RDF xmlns:rdf="http://www.w3.org/1999/02/22-rdf-syntax-ns#" xmlns:bqmodel="http://biomodels.net/model-qualifiers/" xmlns:bqbiol="http://biomodels.net/biology-qualifiers/">
            <rdf:Description rdf:about="#metaid_0000041">
	<bqbiol:isVersionOf>
	<rdf:Bag>
	<rdf:li rdf:resource="http://identifiers.org/go/GO:0005186"/>
	<rdf:li rdf:resource="http://identifiers.org/go/GO:0000185"/>
	</rdf:Bag>
	</bqbiol:isVersionOf>
	</rdf:Description>
	
          </rdf:RDF>
        </annotation>
              <listOfProducts>
          <speciesReference metaid="_307986" species="species_0"/>
        </listOfProducts>
        <kineticLaw metaid="_307998">
          <math xmlns="http://www.w3.org/1998/Math/MathML">          
            <apply>
              <times/>
              <apply>
                <divide/>
                <apply>
                  <times/>
                  <ci> compartment_0 </ci>
                  <ci> parameter_6 </ci>
                  <ci> parameter_7 </ci>
                </apply>
                <apply>
                  <plus/>
                  <cn type="integer"> 1 </cn>
                  <apply>
                    <divide/>
                    <ci> parameter_7 </ci>
                    <ci> parameter_8 </ci>
                  </apply>
                </apply>
              </apply>
              <apply>
                <minus/>
                <ci> parameter_0 </ci>
                <ci> species_0 </ci>
              </apply>
            </apply>
          </math>
                </kineticLaw>
      </reaction>
      <reaction id="reaction_2" metaid="metaid_0000042" name="X2 activates X3" reversible="false">
        <annotation>
          <rdf:RDF xmlns:rdf="http://www.w3.org/1999/02/22-rdf-syntax-ns#" xmlns:bqmodel="http://biomodels.net/model-qualifiers/" xmlns:bqbiol="http://biomodels.net/biology-qualifiers/">
            <rdf:Description rdf:about="#metaid_0000042">
	<bqbiol:isVersionOf>
	<rdf:Bag>
	<rdf:li rdf:resource="http://identifiers.org/ec-code/2.7.12.2"/>
	<rdf:li rdf:resource="http://identifiers.org/go/GO:0004708"/>
	<rdf:li rdf:resource="http://identifiers.org/go/GO:0000187"/>
	</rdf:Bag>
	</bqbiol:isVersionOf>
	</rdf:Description>
	
          </rdf:RDF>
        </annotation>
              <listOfReactants>
          <speciesReference metaid="_308010" species="species_1"/>
        </listOfReactants>
        <listOfProducts>
          <speciesReference metaid="_308022" species="species_2"/>
        </listOfProducts>
        <kineticLaw metaid="_308034">
          <math xmlns="http://www.w3.org/1998/Math/MathML">          
            <apply>
              <times/>
              <ci> compartment_0 </ci>
              <ci> parameter_10 </ci>
              <ci> species_1 </ci>
              <apply>
                <minus/>
                <ci> parameter_2 </ci>
                <ci> species_2 </ci>
              </apply>
            </apply>
          </math>
                </kineticLaw>
      </reaction>
      <reaction id="reaction_3" metaid="metaid_0000043" name="S2 activates Y1" reversible="false">
        <annotation>
          <rdf:RDF xmlns:rdf="http://www.w3.org/1999/02/22-rdf-syntax-ns#" xmlns:bqmodel="http://biomodels.net/model-qualifiers/" xmlns:bqbiol="http://biomodels.net/biology-qualifiers/">
            <rdf:Description rdf:about="#metaid_0000043">
	<bqbiol:isVersionOf>
	<rdf:Bag>
	<rdf:li rdf:resource="http://identifiers.org/go/GO:0043575"/>
	<rdf:li rdf:resource="http://identifiers.org/go/GO:0000167"/>
	</rdf:Bag>
	</bqbiol:isVersionOf>
	</rdf:Description>
	
          </rdf:RDF>
        </annotation>
              <listOfProducts>
          <speciesReference metaid="_308046" species="species_3"/>
        </listOfProducts>
        <kineticLaw metaid="_308058">
          <math xmlns="http://www.w3.org/1998/Math/MathML">          
            <apply>
              <times/>
              <apply>
                <divide/>
                <apply>
                  <times/>
                  <ci> compartment_0 </ci>
                  <ci> parameter_15 </ci>
                  <ci> parameter_14 </ci>
                </apply>
                <apply>
                  <plus/>
                  <cn type="integer"> 1 </cn>
                  <apply>
                    <divide/>
                    <ci> parameter_14 </ci>
                    <ci> parameter_16 </ci>
                  </apply>
                </apply>
              </apply>
              <apply>
                <minus/>
                <ci> parameter_3 </ci>
                <ci> species_3 </ci>
              </apply>
            </apply>
          </math>
                </kineticLaw>
      </reaction>
      <reaction id="reaction_4" metaid="metaid_0000044" name="Y1p activates Y2p" reversible="false">
        <annotation>
          <rdf:RDF xmlns:rdf="http://www.w3.org/1999/02/22-rdf-syntax-ns#" xmlns:bqmodel="http://biomodels.net/model-qualifiers/" xmlns:bqbiol="http://biomodels.net/biology-qualifiers/">
            <rdf:Description rdf:about="#metaid_0000044">
	<bqbiol:isVersionOf>
	<rdf:Bag>
	<rdf:li rdf:resource="http://identifiers.org/ec-code/2.7.11.1"/>
	<rdf:li rdf:resource="http://identifiers.org/go/GO:0004709"/>
	<rdf:li rdf:resource="http://identifiers.org/go/GO:0000186"/>
	</rdf:Bag>
	</bqbiol:isVersionOf>
	</rdf:Description>
	
          </rdf:RDF>
        </annotation>
              <listOfReactants>
          <speciesReference metaid="_308070" species="species_3"/>
        </listOfReactants>
        <listOfProducts>
          <speciesReference metaid="_308082" species="species_4"/>
        </listOfProducts>
        <kineticLaw metaid="_308094">
          <math xmlns="http://www.w3.org/1998/Math/MathML">          
            <apply>
              <times/>
              <ci> compartment_0 </ci>
              <ci> parameter_17 </ci>
              <ci> species_3 </ci>
              <apply>
                <minus/>
                <ci> parameter_4 </ci>
                <ci> species_4 </ci>
              </apply>
            </apply>
          </math>
                </kineticLaw>
      </reaction>
      <reaction id="reaction_5" metaid="metaid_0000045" name="Y2p activates Y3p" reversible="false">
        <annotation>
          <rdf:RDF xmlns:rdf="http://www.w3.org/1999/02/22-rdf-syntax-ns#" xmlns:bqmodel="http://biomodels.net/model-qualifiers/" xmlns:bqbiol="http://biomodels.net/biology-qualifiers/">
            <rdf:Description rdf:about="#metaid_0000045">
	<bqbiol:isVersionOf>
	<rdf:Bag>
	<rdf:li rdf:resource="http://identifiers.org/ec-code/2.7.12.2"/>
	<rdf:li rdf:resource="http://identifiers.org/go/GO:0005078"/>
	<rdf:li rdf:resource="http://identifiers.org/go/GO:0004708"/>
	<rdf:li rdf:resource="http://identifiers.org/go/GO:0000187"/>
	</rdf:Bag>
	</bqbiol:isVersionOf>
	</rdf:Description>
	
          </rdf:RDF>
        </annotation>
              <listOfReactants>
          <speciesReference metaid="_308106" species="species_4"/>
        </listOfReactants>
        <listOfProducts>
          <speciesReference metaid="_308118" species="species_5"/>
        </listOfProducts>
        <kineticLaw metaid="_308130">
          <math xmlns="http://www.w3.org/1998/Math/MathML">          
            <apply>
              <times/>
              <ci> compartment_0 </ci>
              <ci> parameter_18 </ci>
              <ci> species_4 </ci>
              <apply>
                <minus/>
                <ci> parameter_5 </ci>
                <ci> species_5 </ci>
              </apply>
            </apply>
          </math>
                </kineticLaw>
      </reaction>
      <reaction id="reaction_6" metaid="metaid_0000046" name="X1p activates Y2p" reversible="false">
        <annotation>
          <rdf:RDF xmlns:rdf="http://www.w3.org/1999/02/22-rdf-syntax-ns#" xmlns:bqmodel="http://biomodels.net/model-qualifiers/" xmlns:bqbiol="http://biomodels.net/biology-qualifiers/">
            <rdf:Description rdf:about="#metaid_0000046">
	<bqbiol:isVersionOf>
	<rdf:Bag>
	<rdf:li rdf:resource="http://identifiers.org/ec-code/2.7.11.1"/>
	<rdf:li rdf:resource="http://identifiers.org/go/GO:0004709"/>
	<rdf:li rdf:resource="http://identifiers.org/go/GO:0000186"/>
	</rdf:Bag>
	</bqbiol:isVersionOf>
	</rdf:Description>
	
          </rdf:RDF>
        </annotation>
              <listOfReactants>
          <speciesReference metaid="_308142" species="species_0"/>
        </listOfReactants>
        <listOfProducts>
          <speciesReference metaid="_308154" species="species_4"/>
        </listOfProducts>
        <kineticLaw metaid="_308166">
          <math xmlns="http://www.w3.org/1998/Math/MathML">          
            <apply>
              <times/>
              <ci> compartment_0 </ci>
              <ci> parameter_12 </ci>
              <ci> species_0 </ci>
              <apply>
                <minus/>
                <ci> parameter_4 </ci>
                <ci> species_4 </ci>
              </apply>
            </apply>
          </math>
                </kineticLaw>
      </reaction>
      <reaction id="reaction_7" metaid="metaid_0000047" name="Y1p activates X2p" reversible="false">
        <annotation>
          <rdf:RDF xmlns:rdf="http://www.w3.org/1999/02/22-rdf-syntax-ns#" xmlns:bqmodel="http://biomodels.net/model-qualifiers/" xmlns:bqbiol="http://biomodels.net/biology-qualifiers/">
            <rdf:Description rdf:about="#metaid_0000047">
	<bqbiol:isVersionOf>
	<rdf:Bag>
	<rdf:li rdf:resource="http://identifiers.org/ec-code/2.7.11.1"/>
	<rdf:li rdf:resource="http://identifiers.org/go/GO:0000186"/>
	<rdf:li rdf:resource="http://identifiers.org/go/GO:0004709"/>
	</rdf:Bag>
	</bqbiol:isVersionOf>
	</rdf:Description>
	
          </rdf:RDF>
        </annotation>
              <listOfReactants>
          <speciesReference metaid="_308178" species="species_3"/>
        </listOfReactants>
        <listOfProducts>
          <speciesReference metaid="_308190" species="species_1"/>
        </listOfProducts>
        <kineticLaw metaid="_308202">
          <math xmlns="http://www.w3.org/1998/Math/MathML">          
            <apply>
              <times/>
              <ci> compartment_0 </ci>
              <ci> parameter_12 </ci>
              <ci> species_3 </ci>
              <apply>
                <minus/>
                <ci> parameter_1 </ci>
                <ci> species_1 </ci>
              </apply>
            </apply>
          </math>
                </kineticLaw>
      </reaction>
      <reaction id="reaction_8" metaid="metaid_0000048" name="X3p inhibited by Y3p" reversible="false">
        <annotation>
          <rdf:RDF xmlns:rdf="http://www.w3.org/1999/02/22-rdf-syntax-ns#" xmlns:bqmodel="http://biomodels.net/model-qualifiers/" xmlns:bqbiol="http://biomodels.net/biology-qualifiers/">
            <rdf:Description rdf:about="#metaid_0000048">
	<bqbiol:isVersionOf>
	<rdf:Bag>
	<rdf:li rdf:resource="http://identifiers.org/go/GO:0000188"/>
	</rdf:Bag>
	</bqbiol:isVersionOf>
	</rdf:Description>
	
          </rdf:RDF>
        </annotation>
              <listOfReactants>
          <speciesReference metaid="_308214" species="species_2"/>
        </listOfReactants>
        <listOfModifiers>
          <modifierSpeciesReference metaid="_308226" species="species_5"/>
        </listOfModifiers>
        <kineticLaw metaid="_308238">
          <math xmlns="http://www.w3.org/1998/Math/MathML">          
            <apply>
              <divide/>
              <apply>
                <times/>
                <ci> compartment_0 </ci>
                <ci> parameter_11 </ci>
                <ci> species_5 </ci>
                <ci> species_2 </ci>
              </apply>
              <apply>
                <plus/>
                <cn type="integer"> 1 </cn>
                <apply>
                  <divide/>
                  <ci> species_2 </ci>
                  <ci> parameter_13 </ci>
                </apply>
              </apply>
            </apply>
          </math>
                </kineticLaw>
      </reaction>
      <reaction id="reaction_9" metaid="metaid_0000049" name="Y3p inhibited by X3p" reversible="false">
        <annotation>
          <rdf:RDF xmlns:rdf="http://www.w3.org/1999/02/22-rdf-syntax-ns#" xmlns:bqmodel="http://biomodels.net/model-qualifiers/" xmlns:bqbiol="http://biomodels.net/biology-qualifiers/">
            <rdf:Description rdf:about="#metaid_0000049">
	<bqbiol:isVersionOf>
	<rdf:Bag>
	<rdf:li rdf:resource="http://identifiers.org/go/GO:0000188"/>
	</rdf:Bag>
	</bqbiol:isVersionOf>
	</rdf:Description>
	
          </rdf:RDF>
        </annotation>
              <listOfReactants>
          <speciesReference metaid="_308250" species="species_5"/>
        </listOfReactants>
        <listOfModifiers>
          <modifierSpeciesReference metaid="_308262" species="species_2"/>
        </listOfModifiers>
        <kineticLaw metaid="_308274">
          <math xmlns="http://www.w3.org/1998/Math/MathML">          
            <apply>
              <divide/>
              <apply>
                <times/>
                <ci> compartment_0 </ci>
                <ci> parameter_11 </ci>
                <ci> species_5 </ci>
                <ci> species_2 </ci>
              </apply>
              <apply>
                <plus/>
                <cn type="integer"> 1 </cn>
                <apply>
                  <divide/>
                  <ci> species_5 </ci>
                  <ci> parameter_19 </ci>
                </apply>
              </apply>
            </apply>
          </math>
                </kineticLaw>
      </reaction>
    </listOfReactions>
  </model>
</sbml>