<?xml version="1.0" encoding="UTF-8"?>
<!-- Created by COPASI version 4.28 (Build 221) on 2020-04-16 09:58 with libSBML version 5.18.0. -->
<sbml xmlns="http://www.sbml.org/sbml/level3/version1/core" xmlns:layout="http://www.sbml.org/sbml/level3/version1/layout/version1" xmlns:render="http://www.sbml.org/sbml/level3/version1/render/version1" level="3" version="1" layout:required="false" render:required="false">
  <model metaid="COPASI0" id="Miao2010___Innate_and_adaptive_immune_responses_to_primary_Influenza_A_Virus_infection_1" name="Miao2010 - Innate and adaptive immune responses to primary Influenza A Virus infection_1" substanceUnits="substance" timeUnits="time" volumeUnits="volume" areaUnits="area" lengthUnits="length" extentUnits="substance">
    <notes>
     <body xmlns="http://www.w3.org/1999/xhtml">
          <div>
    Model 1 of the Miao et. al. 2010. This model cannot be readily simulated. The model requires time course arrays of parameters values of A_G, A_M and T_E. This feature is not implemented.
          </div>
        
        <div class="dc:publisher">
          <p>This model is hosted on 
  <a href="http://www.ebi.ac.uk/biomodels/">BioModels Database</a>
  and identified by: 
  <a href="http://identifiers.org/biomodels.db/BIOMD0000000546">BIOMD0000000546</a>.</p>
          <p>To cite BioModels Database, please use: 
  <a href="http://identifiers.org/pubmed/31701150" title="Latest BioModels Database publication">BioModels-15 Years of Sharing Computational Models in Life Science</a>.</p>
        </div>
        <div class="dc:license">
          <p>To the extent possible under law, all copyright and related or
  neighbouring rights to this encoded model have been dedicated to
  the public domain worldwide. Please refer to 
  <a href="http://creativecommons.org/publicdomain/zero/1.0/" title="Access to: CC0 1.0 Universal (CC0 1.0), Public Domain Dedication">CC0
  Public Domain Dedication</a> for more information.</p>
        </div>
      </body>
    </notes>
    <annotation>
      <celldesigner:extension xmlns:celldesigner="http://www.sbml.org/2001/ns/celldesigner">
        <celldesigner:modelVersion>4.0</celldesigner:modelVersion>
        <celldesigner:modelDisplay sizeX="600" sizeY="400"/>
        <celldesigner:listOfCompartmentAliases/>
        <celldesigner:listOfComplexSpeciesAliases/>
        <celldesigner:listOfSpeciesAliases>
          <celldesigner:speciesAlias id="sa1" species="s1">
            <celldesigner:activity>inactive</celldesigner:activity>
            <celldesigner:bounds h="40.0" w="80.0" x="98.0" y="117.0"/>
            <celldesigner:font size="12"/>
            <celldesigner:view state="usual"/>
            <celldesigner:usualView>
              <celldesigner:innerPosition x="0.0" y="0.0"/>
              <celldesigner:boxSize height="40.0" width="80.0"/>
              <celldesigner:singleLine width="1.0"/>
              <celldesigner:paint color="ffccffcc" scheme="Color"/>
            </celldesigner:usualView>
            <celldesigner:briefView>
              <celldesigner:innerPosition x="0.0" y="0.0"/>
              <celldesigner:boxSize height="60.0" width="80.0"/>
              <celldesigner:singleLine width="1.0"/>
              <celldesigner:paint color="3fff0000" scheme="Color"/>
            </celldesigner:briefView>
            <celldesigner:info angle="-1.5707963267948966" state="empty"/>
          </celldesigner:speciesAlias>
          <celldesigner:speciesAlias id="sa2" species="s2">
            <celldesigner:activity>inactive</celldesigner:activity>
            <celldesigner:bounds h="40.0" w="80.0" x="374.0" y="114.0"/>
            <celldesigner:font size="12"/>
            <celldesigner:view state="usual"/>
            <celldesigner:usualView>
              <celldesigner:innerPosition x="0.0" y="0.0"/>
              <celldesigner:boxSize height="40.0" width="80.0"/>
              <celldesigner:singleLine width="1.0"/>
              <celldesigner:paint color="ffccffcc" scheme="Color"/>
            </celldesigner:usualView>
            <celldesigner:briefView>
              <celldesigner:innerPosition x="0.0" y="0.0"/>
              <celldesigner:boxSize height="60.0" width="80.0"/>
              <celldesigner:singleLine width="1.0"/>
              <celldesigner:paint color="3fff0000" scheme="Color"/>
            </celldesigner:briefView>
            <celldesigner:info angle="-1.5707963267948966" state="empty"/>
          </celldesigner:speciesAlias>
          <celldesigner:speciesAlias id="sa3" species="s3">
            <celldesigner:activity>inactive</celldesigner:activity>
            <celldesigner:bounds h="40.0" w="80.0" x="237.0" y="289.0"/>
            <celldesigner:font size="12"/>
            <celldesigner:view state="usual"/>
            <celldesigner:usualView>
              <celldesigner:innerPosition x="0.0" y="0.0"/>
              <celldesigner:boxSize height="40.0" width="80.0"/>
              <celldesigner:singleLine width="1.0"/>
              <celldesigner:paint color="ffccffcc" scheme="Color"/>
            </celldesigner:usualView>
            <celldesigner:briefView>
              <celldesigner:innerPosition x="0.0" y="0.0"/>
              <celldesigner:boxSize height="60.0" width="80.0"/>
              <celldesigner:singleLine width="1.0"/>
              <celldesigner:paint color="3fff0000" scheme="Color"/>
            </celldesigner:briefView>
            <celldesigner:info angle="-1.5707963267948966" state="empty"/>
          </celldesigner:speciesAlias>
          <celldesigner:speciesAlias id="sa4" species="s4">
            <celldesigner:activity>inactive</celldesigner:activity>
            <celldesigner:bounds h="25.0" w="70.0" x="53.0" y="14.5"/>
            <celldesigner:font size="12"/>
            <celldesigner:view state="usual"/>
            <celldesigner:usualView>
              <celldesigner:innerPosition x="0.0" y="0.0"/>
              <celldesigner:boxSize height="25.0" width="70.0"/>
              <celldesigner:singleLine width="1.0"/>
              <celldesigner:paint color="7fcccccc" scheme="Color"/>
            </celldesigner:usualView>
            <celldesigner:briefView>
              <celldesigner:innerPosition x="0.0" y="0.0"/>
              <celldesigner:boxSize height="60.0" width="80.0"/>
              <celldesigner:singleLine width="1.0"/>
              <celldesigner:paint color="3fff0000" scheme="Color"/>
            </celldesigner:briefView>
            <celldesigner:info angle="-1.5707963267948966" state="empty"/>
          </celldesigner:speciesAlias>
          <celldesigner:speciesAlias id="sa5" species="s5">
            <celldesigner:activity>inactive</celldesigner:activity>
            <celldesigner:bounds h="25.0" w="70.0" x="421.0" y="10.5"/>
            <celldesigner:font size="12"/>
            <celldesigner:view state="usual"/>
            <celldesigner:usualView>
              <celldesigner:innerPosition x="0.0" y="0.0"/>
              <celldesigner:boxSize height="25.0" width="70.0"/>
              <celldesigner:singleLine width="1.0"/>
              <celldesigner:paint color="7fcccccc" scheme="Color"/>
            </celldesigner:usualView>
            <celldesigner:briefView>
              <celldesigner:innerPosition x="0.0" y="0.0"/>
              <celldesigner:boxSize height="60.0" width="80.0"/>
              <celldesigner:singleLine width="1.0"/>
              <celldesigner:paint color="3fff0000" scheme="Color"/>
            </celldesigner:briefView>
            <celldesigner:info angle="-1.5707963267948966" state="empty"/>
          </celldesigner:speciesAlias>
          <celldesigner:speciesAlias id="sa6" species="s6">
            <celldesigner:activity>inactive</celldesigner:activity>
            <celldesigner:bounds h="25.0" w="70.0" x="156.0" y="366.5"/>
            <celldesigner:font size="12"/>
            <celldesigner:view state="usual"/>
            <celldesigner:usualView>
              <celldesigner:innerPosition x="0.0" y="0.0"/>
              <celldesigner:boxSize height="25.0" width="70.0"/>
              <celldesigner:singleLine width="1.0"/>
              <celldesigner:paint color="7fcccccc" scheme="Color"/>
            </celldesigner:usualView>
            <celldesigner:briefView>
              <celldesigner:innerPosition x="0.0" y="0.0"/>
              <celldesigner:boxSize height="60.0" width="80.0"/>
              <celldesigner:singleLine width="1.0"/>
              <celldesigner:paint color="3fff0000" scheme="Color"/>
            </celldesigner:briefView>
            <celldesigner:info angle="-1.5707963267948966" state="empty"/>
          </celldesigner:speciesAlias>
          <celldesigner:speciesAlias id="sa7" species="s7">
            <celldesigner:activity>inactive</celldesigner:activity>
            <celldesigner:bounds h="25.0" w="70.0" x="495.0" y="295.5"/>
            <celldesigner:font size="12"/>
            <celldesigner:view state="usual"/>
            <celldesigner:usualView>
              <celldesigner:innerPosition x="0.0" y="0.0"/>
              <celldesigner:boxSize height="25.0" width="70.0"/>
              <celldesigner:singleLine width="1.0"/>
              <celldesigner:paint color="7fcccccc" scheme="Color"/>
            </celldesigner:usualView>
            <celldesigner:briefView>
              <celldesigner:innerPosition x="0.0" y="0.0"/>
              <celldesigner:boxSize height="60.0" width="80.0"/>
              <celldesigner:singleLine width="1.0"/>
              <celldesigner:paint color="3fff0000" scheme="Color"/>
            </celldesigner:briefView>
            <celldesigner:info angle="-1.5707963267948966" state="empty"/>
          </celldesigner:speciesAlias>
        </celldesigner:listOfSpeciesAliases>
        <celldesigner:listOfGroups/>
        <celldesigner:listOfProteins>
          <celldesigner:protein id="pr1" name="Ep" type="GENERIC"/>
          <celldesigner:protein id="pr2" name="Eps" type="GENERIC"/>
          <celldesigner:protein id="pr3" name="V" type="GENERIC"/>
        </celldesigner:listOfProteins>
        <celldesigner:listOfGenes/>
        <celldesigner:listOfRNAs/>
        <celldesigner:listOfAntisenseRNAs/>
        <celldesigner:listOfLayers/>
        <celldesigner:listOfBlockDiagrams/>
      </celldesigner:extension>
      <rdf:RDF xmlns:rdf="http://www.w3.org/1999/02/22-rdf-syntax-ns#" xmlns:dcterms="http://purl.org/dc/terms/" xmlns:vCard="http://www.w3.org/2001/vcard-rdf/3.0#" xmlns:vCard4="http://www.w3.org/2006/vcard/ns#" xmlns:bqbiol="http://biomodels.net/biology-qualifiers/" xmlns:bqmodel="http://biomodels.net/model-qualifiers/">
        <rdf:Description rdf:about="#COPASI0">
          <dcterms:creator>
            <rdf:Bag>
              <rdf:li rdf:parseType="Resource">
                <vCard:N rdf:parseType="Resource">
                  <vCard:Family>Leblanc</vCard:Family>
                  <vCard:Given>Alain</vCard:Given>
                </vCard:N>
                <vCard:EMAIL>alain_leblanc@urmc.rochester.edu</vCard:EMAIL>
                <vCard:ORG rdf:parseType="Resource">
                  <vCard:Orgname>University of Rochester Medical Center</vCard:Orgname>
                </vCard:ORG>
              </rdf:li>
              <rdf:li rdf:parseType="Resource">
                <vCard:N rdf:parseType="Resource">
                  <vCard:Family>Chelliah</vCard:Family>
                  <vCard:Given>Vijayalakshmi</vCard:Given>
                </vCard:N>
                <vCard:EMAIL>viji@ebi.ac.uk</vCard:EMAIL>
                <vCard:ORG rdf:parseType="Resource">
                  <vCard:Orgname>EMBL-EBI</vCard:Orgname>
                </vCard:ORG>
              </rdf:li>
              <rdf:li rdf:parseType="Resource">
                <vCard:N rdf:parseType="Resource">
                  <vCard:Family>Rahuman</vCard:Family>
                  <vCard:Given>Sheriff</vCard:Given>
                </vCard:N>
                <vCard:EMAIL>sheriff@ebi.ac.uk</vCard:EMAIL>
                <vCard:ORG rdf:parseType="Resource">
                  <vCard:Orgname>EMBL-EBI</vCard:Orgname>
                </vCard:ORG>
              </rdf:li>
            </rdf:Bag>
          </dcterms:creator>
          <dcterms:created rdf:parseType="Resource">
            <dcterms:W3CDTF>2014-09-04T16:07:56Z</dcterms:W3CDTF>
          </dcterms:created>
          <dcterms:modified rdf:parseType="Resource">
            <dcterms:W3CDTF>2014-10-10T11:00:17Z</dcterms:W3CDTF>
          </dcterms:modified>
          <bqbiol:hasVersion>
            <rdf:Bag>
              <rdf:li rdf:resource="http://identifiers.org/doid/DOID:8469"/>
            </rdf:Bag>
          </bqbiol:hasVersion>
          <bqbiol:is>
            <rdf:Bag>
              <rdf:li rdf:resource="http://identifiers.org/biomodels.db/BIOMD0000000546"/>
            </rdf:Bag>
          </bqbiol:is>
          <bqbiol:is>
            <rdf:Bag>
              <rdf:li rdf:resource="http://identifiers.org/biomodels.db/MODEL1405150000"/>
            </rdf:Bag>
          </bqbiol:is>
          <bqbiol:isVersionOf>
            <rdf:Bag>
              <rdf:li rdf:resource="http://identifiers.org/go/GO:0002250"/>
            </rdf:Bag>
          </bqbiol:isVersionOf>
          <bqbiol:isVersionOf>
            <rdf:Bag>
              <rdf:li rdf:resource="http://identifiers.org/go/GO:0045087"/>
            </rdf:Bag>
          </bqbiol:isVersionOf>
          <bqbiol:hasTaxon>
            <rdf:Bag>
              <rdf:li rdf:resource="http://identifiers.org/taxonomy/39107"/>
            </rdf:Bag>
          </bqbiol:hasTaxon>
          <bqbiol:hasTaxon>
            <rdf:Bag>
              <rdf:li rdf:resource="http://identifiers.org/taxonomy/132504"/>
            </rdf:Bag>
          </bqbiol:hasTaxon>
          <bqmodel:isDerivedFrom>
            <rdf:Bag>
              <rdf:li rdf:resource="http://identifiers.org/doid/DOID:8469"/>
              <rdf:li rdf:resource="http://identifiers.org/biomodels.db/BIOMD0000000546"/>
              <rdf:li rdf:resource="http://identifiers.org/biomodels.db/MODEL1405150000"/>
              <rdf:li rdf:resource="http://identifiers.org/go/GO:0002250"/>
              <rdf:li rdf:resource="http://identifiers.org/go/GO:0045087"/>
              <rdf:li rdf:resource="http://identifiers.org/taxonomy/39107"/>
              <rdf:li rdf:resource="http://identifiers.org/taxonomy/132504"/>
              <rdf:li rdf:resource="http://identifiers.org/biomodels.db/BIOMD0000000546"/>
            </rdf:Bag>
          </bqmodel:isDerivedFrom>
          <bqmodel:isDerivedFrom>
            <rdf:Bag>
              <rdf:li rdf:resource="http://identifiers.org/biomodels.db/MODEL1406230000"/>
            </rdf:Bag>
          </bqmodel:isDerivedFrom>
          <bqbiol:isDescribedBy>
            <rdf:Bag>
              <rdf:li rdf:resource="http://identifiers.org/biomodels.db/MODEL1406230000"/>
              <rdf:li rdf:resource="http://identifiers.org/pubmed/20410284"/>
            </rdf:Bag>
          </bqbiol:isDescribedBy>
        </rdf:Description>
      </rdf:RDF>
      <COPASI xmlns="http://www.copasi.org/static/sbml">
        <rdf:RDF xmlns:CopasiMT="http://www.copasi.org/RDF/MiriamTerms#" xmlns:bqbiol="http://biomodels.net/biology-qualifiers/" xmlns:bqmodel="http://biomodels.net/model-qualifiers/" xmlns:dcterms="http://purl.org/dc/terms/" xmlns:rdf="http://www.w3.org/1999/02/22-rdf-syntax-ns#" xmlns:vCard="http://www.w3.org/2001/vcard-rdf/3.0#">
          <rdf:Description rdf:about="#COPASI0">
            <bqbiol:hasTaxon>
              <rdf:Bag>
                <rdf:li rdf:resource="http://identifiers.org/taxonomy/132504"/>
              </rdf:Bag>
            </bqbiol:hasTaxon>
            <bqbiol:hasTaxon>
              <rdf:Bag>
                <rdf:li rdf:resource="http://identifiers.org/taxonomy/39107"/>
              </rdf:Bag>
            </bqbiol:hasTaxon>
            <bqmodel:isDerivedFrom>
              <rdf:Bag>
                <rdf:li rdf:resource="http://identifiers.org/biomodels.db/BIOMD0000000546"/>
                <rdf:li rdf:resource="http://identifiers.org/biomodels.db/MODEL1405150000"/>
                <rdf:li rdf:resource="http://identifiers.org/doid/DOID:8469"/>
                <rdf:li rdf:resource="http://identifiers.org/go/GO:0002250"/>
                <rdf:li rdf:resource="http://identifiers.org/go/GO:0045087"/>
                <rdf:li rdf:resource="http://identifiers.org/taxonomy/132504"/>
                <rdf:li rdf:resource="http://identifiers.org/taxonomy/39107"/>
              </rdf:Bag>
            </bqmodel:isDerivedFrom>
            <bqmodel:isDerivedFrom>
              <rdf:Bag>
                <rdf:li rdf:resource="http://identifiers.org/biomodels.db/MODEL1406230000"/>
              </rdf:Bag>
            </bqmodel:isDerivedFrom>
            <dcterms:bibliographicCitation>
              <rdf:Bag>
                <rdf:li>
                  <rdf:Description>
                    <CopasiMT:isDescribedBy rdf:resource="http://identifiers.org/pubmed/20410284"/>
                  </rdf:Description>
                </rdf:li>
              </rdf:Bag>
            </dcterms:bibliographicCitation>
            <dcterms:created>
              <rdf:Description>
                <dcterms:W3CDTF>2014-09-04T16:07:56Z</dcterms:W3CDTF>
              </rdf:Description>
            </dcterms:created>
            <dcterms:creator>
              <rdf:Bag>
                <rdf:li>
                  <rdf:Description>
                    <vCard:EMAIL>alain_leblanc@urmc.rochester.edu</vCard:EMAIL>
                    <vCard:N>
                      <rdf:Description>
                        <vCard:Family>Leblanc</vCard:Family>
                        <vCard:Given>Alain</vCard:Given>
                      </rdf:Description>
                    </vCard:N>
                    <vCard:ORG>
                      <rdf:Description>
                        <vCard:Orgname>University of Rochester Medical Center</vCard:Orgname>
                      </rdf:Description>
                    </vCard:ORG>
                  </rdf:Description>
                </rdf:li>
                <rdf:li>
                  <rdf:Description>
                    <vCard:EMAIL>viji@ebi.ac.uk</vCard:EMAIL>
                    <vCard:N>
                      <rdf:Description>
                        <vCard:Family>Chelliah</vCard:Family>
                        <vCard:Given>Vijayalakshmi</vCard:Given>
                      </rdf:Description>
                    </vCard:N>
                    <vCard:ORG>
                      <rdf:Description>
                        <vCard:Orgname>EMBL-EBI</vCard:Orgname>
                      </rdf:Description>
                    </vCard:ORG>
                  </rdf:Description>
                </rdf:li>
                <rdf:li>
                  <rdf:Description>
                    <vCard:EMAIL>sheriff@ebi.ac.uk</vCard:EMAIL>
                    <vCard:N>
                      <rdf:Description>
                        <vCard:Family>Rahuman</vCard:Family>
                        <vCard:Given>Sheriff</vCard:Given>
                      </rdf:Description>
                    </vCard:N>
                    <vCard:ORG>
                      <rdf:Description>
                        <vCard:Orgname>EMBL-EBI</vCard:Orgname>
                      </rdf:Description>
                    </vCard:ORG>
                  </rdf:Description>
                </rdf:li>
              </rdf:Bag>
            </dcterms:creator>
            <dcterms:modified>
              <rdf:Description>
                <dcterms:W3CDTF>2014-10-10T11:00:17Z</dcterms:W3CDTF>
              </rdf:Description>
            </dcterms:modified>
            <CopasiMT:hasVersion>
              <rdf:Bag>
                <rdf:li rdf:resource="http://identifiers.org/doid/DOID:8469"/>
              </rdf:Bag>
            </CopasiMT:hasVersion>
            <CopasiMT:is>
              <rdf:Bag>
                <rdf:li rdf:resource="http://identifiers.org/biomodels.db/MODEL1405150000"/>
              </rdf:Bag>
            </CopasiMT:is>
            <CopasiMT:is>
              <rdf:Bag>
                <rdf:li rdf:resource="http://identifiers.org/biomodels.db/BIOMD0000000546"/>
              </rdf:Bag>
            </CopasiMT:is>
            <CopasiMT:isDescribedBy>
              <rdf:Bag>
                <rdf:li rdf:resource="http://identifiers.org/biomodels.db/MODEL1406230000"/>
              </rdf:Bag>
            </CopasiMT:isDescribedBy>
            <CopasiMT:isVersionOf>
              <rdf:Bag>
                <rdf:li rdf:resource="http://identifiers.org/go/GO:0002250"/>
              </rdf:Bag>
            </CopasiMT:isVersionOf>
            <CopasiMT:isVersionOf>
              <rdf:Bag>
                <rdf:li rdf:resource="http://identifiers.org/go/GO:0045087"/>
              </rdf:Bag>
            </CopasiMT:isVersionOf>
          </rdf:Description>
        </rdf:RDF>
      </COPASI>
    </annotation>
    <listOfFunctionDefinitions>
      <functionDefinition metaid="COPASI24" id="Function_for_re9_neutralization_by_IgM" name="Function for re9 neutralization by IgM">
        <annotation>
          <COPASI xmlns="http://www.copasi.org/static/sbml">
            <rdf:RDF xmlns:dcterms="http://purl.org/dc/terms/" xmlns:rdf="http://www.w3.org/1999/02/22-rdf-syntax-ns#">
              <rdf:Description rdf:about="#COPASI24">
                <dcterms:created>
                  <rdf:Description>
                    <dcterms:W3CDTF>2020-04-14T08:45:09Z</dcterms:W3CDTF>
                  </rdf:Description>
                </dcterms:created>
              </rdf:Description>
            </rdf:RDF>
          </COPASI>
        </annotation>
        <math xmlns="http://www.w3.org/1998/Math/MathML">
          <lambda>
            <bvar>
              <ci> Kvm </ci>
            </bvar>
            <bvar>
              <ci> V </ci>
            </bvar>
            <bvar>
              <ci> Am </ci>
            </bvar>
            <apply>
              <times/>
              <ci> Kvm </ci>
              <ci> V </ci>
              <ci> Am </ci>
            </apply>
          </lambda>
        </math>
      </functionDefinition>
      <functionDefinition metaid="COPASI25" id="Function_for_re8_neutralization_by_IgG" name="Function for re8 neutralization by IgG">
        <annotation>
          <COPASI xmlns="http://www.copasi.org/static/sbml">
            <rdf:RDF xmlns:dcterms="http://purl.org/dc/terms/" xmlns:rdf="http://www.w3.org/1999/02/22-rdf-syntax-ns#">
              <rdf:Description rdf:about="#COPASI25">
                <dcterms:created>
                  <rdf:Description>
                    <dcterms:W3CDTF>2020-04-14T08:45:09Z</dcterms:W3CDTF>
                  </rdf:Description>
                </dcterms:created>
              </rdf:Description>
            </rdf:RDF>
          </COPASI>
        </annotation>
        <math xmlns="http://www.w3.org/1998/Math/MathML">
          <lambda>
            <bvar>
              <ci> Kvg </ci>
            </bvar>
            <bvar>
              <ci> V </ci>
            </bvar>
            <bvar>
              <ci> Ag </ci>
            </bvar>
            <apply>
              <times/>
              <ci> Kvg </ci>
              <ci> V </ci>
              <ci> Ag </ci>
            </apply>
          </lambda>
        </math>
      </functionDefinition>
      <functionDefinition metaid="COPASI26" id="Function_for_re4_Killing_of_Infected_Epithelial_cells_by_Te_Cells" name="Function for re4 Killing of Infected Epithelial cells by Te Cells">
        <annotation>
          <COPASI xmlns="http://www.copasi.org/static/sbml">
            <rdf:RDF xmlns:dcterms="http://purl.org/dc/terms/" xmlns:rdf="http://www.w3.org/1999/02/22-rdf-syntax-ns#">
              <rdf:Description rdf:about="#COPASI26">
                <dcterms:created>
                  <rdf:Description>
                    <dcterms:W3CDTF>2020-04-14T08:59:43Z</dcterms:W3CDTF>
                  </rdf:Description>
                </dcterms:created>
              </rdf:Description>
            </rdf:RDF>
          </COPASI>
        </annotation>
        <math xmlns="http://www.w3.org/1998/Math/MathML">
          <lambda>
            <bvar>
              <ci> ke </ci>
            </bvar>
            <bvar>
              <ci> Eps </ci>
            </bvar>
            <bvar>
              <ci> Te </ci>
            </bvar>
            <apply>
              <times/>
              <ci> ke </ci>
              <ci> Eps </ci>
              <ci> Te </ci>
            </apply>
          </lambda>
        </math>
      </functionDefinition>
      <functionDefinition metaid="COPASI27" id="Function_for_re7" name="Function for re7">
        <annotation>
          <COPASI xmlns="http://www.copasi.org/static/sbml">
            <rdf:RDF xmlns:dcterms="http://purl.org/dc/terms/" xmlns:rdf="http://www.w3.org/1999/02/22-rdf-syntax-ns#">
              <rdf:Description rdf:about="#COPASI27">
                <dcterms:created>
                  <rdf:Description>
                    <dcterms:W3CDTF>2020-04-04T22:44:26Z</dcterms:W3CDTF>
                  </rdf:Description>
                </dcterms:created>
              </rdf:Description>
            </rdf:RDF>
          </COPASI>
        </annotation>
        <math xmlns="http://www.w3.org/1998/Math/MathML">
          <lambda>
            <bvar>
              <ci> pi_a </ci>
            </bvar>
            <bvar>
              <ci> s2 </ci>
            </bvar>
            <apply>
              <times/>
              <ci> pi_a </ci>
              <ci> s2 </ci>
            </apply>
          </lambda>
        </math>
      </functionDefinition>
      <functionDefinition metaid="COPASI28" id="Function_for_re1_1_0" name="Function for re1_1">
        <annotation>
          <COPASI xmlns="http://www.copasi.org/static/sbml">
            <rdf:RDF xmlns:dcterms="http://purl.org/dc/terms/" xmlns:rdf="http://www.w3.org/1999/02/22-rdf-syntax-ns#">
              <rdf:Description rdf:about="#COPASI28">
                <dcterms:created>
                  <rdf:Description>
                    <dcterms:W3CDTF>2020-04-04T22:44:26Z</dcterms:W3CDTF>
                  </rdf:Description>
                </dcterms:created>
              </rdf:Description>
            </rdf:RDF>
          </COPASI>
        </annotation>
        <math xmlns="http://www.w3.org/1998/Math/MathML">
          <lambda>
            <bvar>
              <ci> beta_a </ci>
            </bvar>
            <bvar>
              <ci> default </ci>
            </bvar>
            <bvar>
              <ci> s1 </ci>
            </bvar>
            <bvar>
              <ci> s3 </ci>
            </bvar>
            <apply>
              <times/>
              <ci> beta_a </ci>
              <ci> s1 </ci>
              <ci> s3 </ci>
              <ci> default </ci>
            </apply>
          </lambda>
        </math>
      </functionDefinition>
      <functionDefinition metaid="COPASI29" id="Function_for_re3" name="Function for re3">
        <annotation>
          <COPASI xmlns="http://www.copasi.org/static/sbml">
            <rdf:RDF xmlns:dcterms="http://purl.org/dc/terms/" xmlns:rdf="http://www.w3.org/1999/02/22-rdf-syntax-ns#">
              <rdf:Description rdf:about="#COPASI29">
                <dcterms:created>
                  <rdf:Description>
                    <dcterms:W3CDTF>2020-04-04T22:44:26Z</dcterms:W3CDTF>
                  </rdf:Description>
                </dcterms:created>
              </rdf:Description>
            </rdf:RDF>
          </COPASI>
        </annotation>
        <math xmlns="http://www.w3.org/1998/Math/MathML">
          <lambda>
            <bvar>
              <ci> rho_E </ci>
            </bvar>
            <bvar>
              <ci> s1 </ci>
            </bvar>
            <apply>
              <times/>
              <ci> rho_E </ci>
              <ci> s1 </ci>
            </apply>
          </lambda>
        </math>
      </functionDefinition>
    </listOfFunctionDefinitions>
    <listOfUnitDefinitions>
      <unitDefinition id="length" name="length">
        <listOfUnits>
          <unit kind="metre" exponent="1" scale="0" multiplier="1"/>
        </listOfUnits>
      </unitDefinition>
      <unitDefinition id="area" name="area">
        <listOfUnits>
          <unit kind="metre" exponent="2" scale="0" multiplier="1"/>
        </listOfUnits>
      </unitDefinition>
      <unitDefinition id="volume" name="volume">
        <listOfUnits>
          <unit kind="litre" exponent="1" scale="0" multiplier="1"/>
        </listOfUnits>
      </unitDefinition>
      <unitDefinition id="time" name="time">
        <listOfUnits>
          <unit kind="second" exponent="1" scale="0" multiplier="86400"/>
        </listOfUnits>
      </unitDefinition>
      <unitDefinition id="substance" name="substance">
        <listOfUnits>
          <unit kind="mole" exponent="1" scale="0" multiplier="1"/>
        </listOfUnits>
      </unitDefinition>
      <unitDefinition id="unit_0" name="mol">
        <listOfUnits>
          <unit kind="mole" exponent="1" scale="0" multiplier="1"/>
        </listOfUnits>
      </unitDefinition>
    </listOfUnitDefinitions>
    <listOfCompartments>
      <compartment metaid="COPASI1" id="default" name="default" spatialDimensions="3" size="1" units="volume" constant="true">
        <annotation>
          <rdf:RDF xmlns:rdf="http://www.w3.org/1999/02/22-rdf-syntax-ns#" xmlns:dcterms="http://purl.org/dc/terms/" xmlns:vCard="http://www.w3.org/2001/vcard-rdf/3.0#" xmlns:vCard4="http://www.w3.org/2006/vcard/ns#" xmlns:bqbiol="http://biomodels.net/biology-qualifiers/" xmlns:bqmodel="http://biomodels.net/model-qualifiers/">
            <rdf:Description rdf:about="#COPASI1">
              <bqbiol:isVersionOf>
                <rdf:Bag>
                  <rdf:li rdf:resource="http://identifiers.org/fma/FMA:7195"/>
                </rdf:Bag>
              </bqbiol:isVersionOf>
            </rdf:Description>
          </rdf:RDF>
          <COPASI xmlns="http://www.copasi.org/static/sbml">
            <rdf:RDF xmlns:CopasiMT="http://www.copasi.org/RDF/MiriamTerms#" xmlns:rdf="http://www.w3.org/1999/02/22-rdf-syntax-ns#">
              <rdf:Description rdf:about="#COPASI1">
                <CopasiMT:isVersionOf>
                  <rdf:Bag>
                    <rdf:li rdf:resource="http://identifiers.org/fma/FMA:7195"/>
                  </rdf:Bag>
                </CopasiMT:isVersionOf>
              </rdf:Description>
            </rdf:RDF>
          </COPASI>
        </annotation>
      </compartment>
    </listOfCompartments>
    <listOfSpecies>
      <species metaid="COPASI2" id="s1" name="Ep" compartment="default" initialConcentration="580000" substanceUnits="substance" hasOnlySubstanceUnits="false" boundaryCondition="false" constant="false">
        <notes>
          <p xmlns="http://www.w3.org/1999/xhtml">
        Initial no. of uninfected and infectible epithelial cells per lung</p>
        </notes>
        <annotation>
          <celldesigner:extension xmlns:celldesigner="http://www.sbml.org/2001/ns/celldesigner">
            <celldesigner:positionToCompartment>inside</celldesigner:positionToCompartment>
            <celldesigner:speciesIdentity>
              <celldesigner:class>PROTEIN</celldesigner:class>
              <celldesigner:proteinReference>pr1</celldesigner:proteinReference>
            </celldesigner:speciesIdentity>
          </celldesigner:extension>
          <rdf:RDF xmlns:rdf="http://www.w3.org/1999/02/22-rdf-syntax-ns#" xmlns:dcterms="http://purl.org/dc/terms/" xmlns:vCard="http://www.w3.org/2001/vcard-rdf/3.0#" xmlns:vCard4="http://www.w3.org/2006/vcard/ns#" xmlns:bqbiol="http://biomodels.net/biology-qualifiers/" xmlns:bqmodel="http://biomodels.net/model-qualifiers/">
            <rdf:Description rdf:about="#COPASI2">
              <bqbiol:isVersionOf>
                <rdf:Bag>
                  <rdf:li rdf:resource="http://identifiers.org/fma/FMA:66768"/>
                </rdf:Bag>
              </bqbiol:isVersionOf>
            </rdf:Description>
          </rdf:RDF>
          <COPASI xmlns="http://www.copasi.org/static/sbml">
            <rdf:RDF xmlns:CopasiMT="http://www.copasi.org/RDF/MiriamTerms#" xmlns:rdf="http://www.w3.org/1999/02/22-rdf-syntax-ns#">
              <rdf:Description rdf:about="#COPASI2">
                <CopasiMT:isVersionOf>
                  <rdf:Bag>
                    <rdf:li rdf:resource="http://identifiers.org/fma/FMA:66768"/>
                  </rdf:Bag>
                </CopasiMT:isVersionOf>
              </rdf:Description>
            </rdf:RDF>
          </COPASI>
        </annotation>
      </species>
      <species metaid="COPASI3" id="s2" name="Eps" compartment="default" initialConcentration="0" substanceUnits="substance" hasOnlySubstanceUnits="false" boundaryCondition="false" constant="false">
        <notes>
          <p xmlns="http://www.w3.org/1999/xhtml">
        This entity is refered as Ep* in the paper. Infected epithelial cells per lung.</p>
        </notes>
        <annotation>
          <celldesigner:extension xmlns:celldesigner="http://www.sbml.org/2001/ns/celldesigner">
            <celldesigner:positionToCompartment>inside</celldesigner:positionToCompartment>
            <celldesigner:speciesIdentity>
              <celldesigner:class>PROTEIN</celldesigner:class>
              <celldesigner:proteinReference>pr2</celldesigner:proteinReference>
            </celldesigner:speciesIdentity>
            <celldesigner:listOfCatalyzedReactions>
              <celldesigner:catalyzed reaction="re7"/>
            </celldesigner:listOfCatalyzedReactions>
          </celldesigner:extension>
          <rdf:RDF xmlns:rdf="http://www.w3.org/1999/02/22-rdf-syntax-ns#" xmlns:dcterms="http://purl.org/dc/terms/" xmlns:vCard="http://www.w3.org/2001/vcard-rdf/3.0#" xmlns:vCard4="http://www.w3.org/2006/vcard/ns#" xmlns:bqbiol="http://biomodels.net/biology-qualifiers/" xmlns:bqmodel="http://biomodels.net/model-qualifiers/">
            <rdf:Description rdf:about="#COPASI3">
              <bqbiol:isVersionOf>
                <rdf:Bag>
                  <rdf:li rdf:resource="http://identifiers.org/fma/FMA:66768"/>
                </rdf:Bag>
              </bqbiol:isVersionOf>
            </rdf:Description>
          </rdf:RDF>
          <COPASI xmlns="http://www.copasi.org/static/sbml">
            <rdf:RDF xmlns:CopasiMT="http://www.copasi.org/RDF/MiriamTerms#" xmlns:rdf="http://www.w3.org/1999/02/22-rdf-syntax-ns#">
              <rdf:Description rdf:about="#COPASI3">
                <CopasiMT:isVersionOf>
                  <rdf:Bag>
                    <rdf:li rdf:resource="http://identifiers.org/fma/FMA:66768"/>
                  </rdf:Bag>
                </CopasiMT:isVersionOf>
              </rdf:Description>
            </rdf:RDF>
          </COPASI>
        </annotation>
      </species>
      <species metaid="COPASI4" id="s3" name="V" compartment="default" initialConcentration="1000" substanceUnits="substance" hasOnlySubstanceUnits="false" boundaryCondition="false" constant="false">
        <notes>
          <p xmlns="http://www.w3.org/1999/xhtml">
        Infective viral titer (EID50/ml)</p>
        </notes>
        <annotation>
          <celldesigner:extension xmlns:celldesigner="http://www.sbml.org/2001/ns/celldesigner">
            <celldesigner:positionToCompartment>inside</celldesigner:positionToCompartment>
            <celldesigner:speciesIdentity>
              <celldesigner:class>PROTEIN</celldesigner:class>
              <celldesigner:proteinReference>pr3</celldesigner:proteinReference>
            </celldesigner:speciesIdentity>
            <celldesigner:listOfCatalyzedReactions>
              <celldesigner:catalyzed reaction="re1"/>
            </celldesigner:listOfCatalyzedReactions>
          </celldesigner:extension>
          <rdf:RDF xmlns:rdf="http://www.w3.org/1999/02/22-rdf-syntax-ns#" xmlns:dcterms="http://purl.org/dc/terms/" xmlns:vCard="http://www.w3.org/2001/vcard-rdf/3.0#" xmlns:vCard4="http://www.w3.org/2006/vcard/ns#" xmlns:bqbiol="http://biomodels.net/biology-qualifiers/" xmlns:bqmodel="http://biomodels.net/model-qualifiers/">
            <rdf:Description rdf:about="#COPASI4">
              <bqbiol:isVersionOf>
                <rdf:Bag>
                  <rdf:li rdf:resource="http://identifiers.org/taxonomy/132504"/>
                </rdf:Bag>
              </bqbiol:isVersionOf>
            </rdf:Description>
          </rdf:RDF>
          <COPASI xmlns="http://www.copasi.org/static/sbml">
            <rdf:RDF xmlns:CopasiMT="http://www.copasi.org/RDF/MiriamTerms#" xmlns:rdf="http://www.w3.org/1999/02/22-rdf-syntax-ns#">
              <rdf:Description rdf:about="#COPASI4">
                <CopasiMT:isVersionOf>
                  <rdf:Bag>
                    <rdf:li rdf:resource="http://identifiers.org/taxonomy/132504"/>
                  </rdf:Bag>
                </CopasiMT:isVersionOf>
              </rdf:Description>
            </rdf:RDF>
          </COPASI>
        </annotation>
      </species>
    </listOfSpecies>
    <listOfParameters>
      <parameter metaid="COPASI5" id="rho_E" name="rho_E" value="6.2e-08" units="unit_0" constant="true">
        <notes>
          <p xmlns="http://www.w3.org/1999/xhtml">
        Net growth rate of uninfected epithelial cells (per day)</p>
        </notes>
        <annotation>
          <COPASI xmlns="http://www.copasi.org/static/sbml">
            <rdf:RDF xmlns:dcterms="http://purl.org/dc/terms/" xmlns:rdf="http://www.w3.org/1999/02/22-rdf-syntax-ns#">
              <rdf:Description rdf:about="#COPASI5">
                <dcterms:created>
                  <rdf:Description>
                    <dcterms:W3CDTF>2020-04-04T22:44:26Z</dcterms:W3CDTF>
                  </rdf:Description>
                </dcterms:created>
              </rdf:Description>
            </rdf:RDF>
          </COPASI>
        </annotation>
      </parameter>
      <parameter metaid="COPASI6" id="beta_a" name="beta_a" value="1e-06" units="unit_0" constant="true">
        <notes>
          <p xmlns="http://www.w3.org/1999/xhtml">
        alpha x the infection rate of uninfected epithelial cells ml*per(EID50*day)</p>
        </notes>
        <annotation>
          <COPASI xmlns="http://www.copasi.org/static/sbml">
            <rdf:RDF xmlns:dcterms="http://purl.org/dc/terms/" xmlns:rdf="http://www.w3.org/1999/02/22-rdf-syntax-ns#">
              <rdf:Description rdf:about="#COPASI6">
                <dcterms:created>
                  <rdf:Description>
                    <dcterms:W3CDTF>2020-04-04T22:44:26Z</dcterms:W3CDTF>
                  </rdf:Description>
                </dcterms:created>
              </rdf:Description>
            </rdf:RDF>
          </COPASI>
        </annotation>
      </parameter>
      <parameter metaid="COPASI7" id="delta_Es" name="delta_Es" value="0.6" units="unit_0" constant="true">
        <notes>
          <p xmlns="http://www.w3.org/1999/xhtml">
        Death rate of infected epithelial cells (per day)</p>
        </notes>
        <annotation>
          <COPASI xmlns="http://www.copasi.org/static/sbml">
            <rdf:RDF xmlns:dcterms="http://purl.org/dc/terms/" xmlns:rdf="http://www.w3.org/1999/02/22-rdf-syntax-ns#">
              <rdf:Description rdf:about="#COPASI7">
                <dcterms:created>
                  <rdf:Description>
                    <dcterms:W3CDTF>2020-04-04T22:44:26Z</dcterms:W3CDTF>
                  </rdf:Description>
                </dcterms:created>
              </rdf:Description>
            </rdf:RDF>
          </COPASI>
        </annotation>
      </parameter>
      <parameter metaid="COPASI8" id="pi_a" name="pi_a" value="100" units="unit_0" constant="true">
        <annotation>
          <COPASI xmlns="http://www.copasi.org/static/sbml">
            <rdf:RDF xmlns:dcterms="http://purl.org/dc/terms/" xmlns:rdf="http://www.w3.org/1999/02/22-rdf-syntax-ns#">
              <rdf:Description rdf:about="#COPASI8">
                <dcterms:created>
                  <rdf:Description>
                    <dcterms:W3CDTF>2020-04-04T22:44:26Z</dcterms:W3CDTF>
                  </rdf:Description>
                </dcterms:created>
              </rdf:Description>
            </rdf:RDF>
          </COPASI>
        </annotation>
      </parameter>
      <parameter metaid="COPASI9" id="c_V" name="c_V" value="4.2" units="unit_0" constant="true">
        <notes>
          <p xmlns="http://www.w3.org/1999/xhtml">
        Virus clearance rate (reduction of infectious viral titer)  (per day)</p>
        </notes>
        <annotation>
          <COPASI xmlns="http://www.copasi.org/static/sbml">
            <rdf:RDF xmlns:dcterms="http://purl.org/dc/terms/" xmlns:rdf="http://www.w3.org/1999/02/22-rdf-syntax-ns#">
              <rdf:Description rdf:about="#COPASI9">
                <dcterms:created>
                  <rdf:Description>
                    <dcterms:W3CDTF>2020-04-04T22:44:26Z</dcterms:W3CDTF>
                  </rdf:Description>
                </dcterms:created>
              </rdf:Description>
            </rdf:RDF>
          </COPASI>
        </annotation>
      </parameter>
      <parameter metaid="COPASI10" id="k_E" name="k_E" value="0" constant="true">
        <annotation>
          <COPASI xmlns="http://www.copasi.org/static/sbml">
            <rdf:RDF xmlns:dcterms="http://purl.org/dc/terms/" xmlns:rdf="http://www.w3.org/1999/02/22-rdf-syntax-ns#">
              <rdf:Description rdf:about="#COPASI10">
                <dcterms:created>
                  <rdf:Description>
                    <dcterms:W3CDTF>2020-04-15T08:41:53Z</dcterms:W3CDTF>
                  </rdf:Description>
                </dcterms:created>
              </rdf:Description>
            </rdf:RDF>
          </COPASI>
        </annotation>
      </parameter>
      <parameter metaid="COPASI11" id="k_VG" name="k_VG" value="0" constant="true">
        <annotation>
          <COPASI xmlns="http://www.copasi.org/static/sbml">
            <rdf:RDF xmlns:dcterms="http://purl.org/dc/terms/" xmlns:rdf="http://www.w3.org/1999/02/22-rdf-syntax-ns#">
              <rdf:Description rdf:about="#COPASI11">
                <dcterms:created>
                  <rdf:Description>
                    <dcterms:W3CDTF>2020-04-15T08:53:27Z</dcterms:W3CDTF>
                  </rdf:Description>
                </dcterms:created>
              </rdf:Description>
            </rdf:RDF>
          </COPASI>
        </annotation>
      </parameter>
      <parameter metaid="COPASI12" id="k_VM" name="k_VM" value="0" constant="true">
        <annotation>
          <COPASI xmlns="http://www.copasi.org/static/sbml">
            <rdf:RDF xmlns:dcterms="http://purl.org/dc/terms/" xmlns:rdf="http://www.w3.org/1999/02/22-rdf-syntax-ns#">
              <rdf:Description rdf:about="#COPASI12">
                <dcterms:created>
                  <rdf:Description>
                    <dcterms:W3CDTF>2020-04-15T08:53:37Z</dcterms:W3CDTF>
                  </rdf:Description>
                </dcterms:created>
              </rdf:Description>
            </rdf:RDF>
          </COPASI>
        </annotation>
      </parameter>
      <parameter metaid="COPASI13" id="T_E_T" name="T_E(T)" value="0" constant="true">
        <notes>
          <body xmlns="http://www.w3.org/1999/xhtml">
            <pre>Experimentally measured time course Effector CD8+T cells per lung</pre>
          </body>
        </notes>
        <annotation>
          <COPASI xmlns="http://www.copasi.org/static/sbml">
            <rdf:RDF xmlns:dcterms="http://purl.org/dc/terms/" xmlns:rdf="http://www.w3.org/1999/02/22-rdf-syntax-ns#">
              <rdf:Description rdf:about="#COPASI13">
                <dcterms:created>
                  <rdf:Description>
                    <dcterms:W3CDTF>2020-04-15T08:54:10Z</dcterms:W3CDTF>
                  </rdf:Description>
                </dcterms:created>
              </rdf:Description>
            </rdf:RDF>
          </COPASI>
        </annotation>
      </parameter>
      <parameter metaid="COPASI14" id="A_G_T" name="A_G(T)" value="0" constant="true">
        <notes>
          <body xmlns="http://www.w3.org/1999/xhtml">
            <pre>An array of experimentally measured Serum IgG antibody (pg/ml)</pre>
          </body>
        </notes>
        <annotation>
          <COPASI xmlns="http://www.copasi.org/static/sbml">
            <rdf:RDF xmlns:dcterms="http://purl.org/dc/terms/" xmlns:rdf="http://www.w3.org/1999/02/22-rdf-syntax-ns#">
              <rdf:Description rdf:about="#COPASI14">
                <dcterms:created>
                  <rdf:Description>
                    <dcterms:W3CDTF>2020-04-15T08:54:19Z</dcterms:W3CDTF>
                  </rdf:Description>
                </dcterms:created>
              </rdf:Description>
            </rdf:RDF>
          </COPASI>
        </annotation>
      </parameter>
      <parameter metaid="COPASI15" id="A_M_T" name="A_M(T)" value="0" constant="true">
        <notes>
          <body xmlns="http://www.w3.org/1999/xhtml">
            <pre>An array of experimentally measured Serum IgM antibody (pg/ml)</pre>
          </body>
        </notes>
        <annotation>
          <COPASI xmlns="http://www.copasi.org/static/sbml">
            <rdf:RDF xmlns:dcterms="http://purl.org/dc/terms/" xmlns:rdf="http://www.w3.org/1999/02/22-rdf-syntax-ns#">
              <rdf:Description rdf:about="#COPASI15">
                <dcterms:created>
                  <rdf:Description>
                    <dcterms:W3CDTF>2020-04-15T08:54:26Z</dcterms:W3CDTF>
                  </rdf:Description>
                </dcterms:created>
              </rdf:Description>
            </rdf:RDF>
          </COPASI>
        </annotation>
      </parameter>
    </listOfParameters>
    <listOfReactions>
      <reaction metaid="COPASI16" id="re1" name="re1 Viral Infection of epithelial cells" reversible="false" fast="false">
        <annotation>
          <celldesigner:extension xmlns:celldesigner="http://www.sbml.org/2001/ns/celldesigner">
            <celldesigner:reactionType>STATE_TRANSITION</celldesigner:reactionType>
            <celldesigner:baseReactants>
              <celldesigner:baseReactant alias="sa1" species="s1">
                <celldesigner:linkAnchor position="E"/>
              </celldesigner:baseReactant>
            </celldesigner:baseReactants>
            <celldesigner:baseProducts>
              <celldesigner:baseProduct alias="sa2" species="s2">
                <celldesigner:linkAnchor position="W"/>
              </celldesigner:baseProduct>
            </celldesigner:baseProducts>
            <celldesigner:connectScheme connectPolicy="direct" rectangleIndex="0">
              <celldesigner:listOfLineDirection>
                <celldesigner:lineDirection index="0" value="unknown"/>
              </celldesigner:listOfLineDirection>
            </celldesigner:connectScheme>
            <celldesigner:line color="ff000000" width="1.0"/>
            <celldesigner:listOfModification>
              <celldesigner:modification aliases="sa3" modifiers="s3" targetLineIndex="-1,3" type="TRIGGER">
                <celldesigner:connectScheme connectPolicy="direct">
                  <celldesigner:listOfLineDirection>
                    <celldesigner:lineDirection index="0" value="unknown"/>
                  </celldesigner:listOfLineDirection>
                </celldesigner:connectScheme>
                <celldesigner:linkTarget alias="sa3" species="s3">
                  <celldesigner:linkAnchor position="N"/>
                </celldesigner:linkTarget>
                <celldesigner:line color="ff000000" width="1.0"/>
              </celldesigner:modification>
            </celldesigner:listOfModification>
          </celldesigner:extension>
          <COPASI xmlns="http://www.copasi.org/static/sbml">
            <rdf:RDF xmlns:dcterms="http://purl.org/dc/terms/" xmlns:rdf="http://www.w3.org/1999/02/22-rdf-syntax-ns#">
              <rdf:Description rdf:about="#COPASI16">
                <dcterms:created>
                  <rdf:Description>
                    <dcterms:W3CDTF>2020-04-04T22:44:26Z</dcterms:W3CDTF>
                  </rdf:Description>
                </dcterms:created>
              </rdf:Description>
            </rdf:RDF>
          </COPASI>
        </annotation>
        <listOfReactants>
          <speciesReference species="s1" stoichiometry="1" constant="true"/>
        </listOfReactants>
        <listOfProducts>
          <speciesReference species="s2" stoichiometry="1" constant="true"/>
        </listOfProducts>
        <listOfModifiers>
          <modifierSpeciesReference species="s3"/>
        </listOfModifiers>
        <kineticLaw>
          <math xmlns="http://www.w3.org/1998/Math/MathML">
            <apply>
              <times/>
              <ci> default </ci>
              <apply>
                <ci> Function_for_re1_1_0 </ci>
                <ci> beta_a </ci>
                <ci> default </ci>
                <ci> s1 </ci>
                <ci> s3 </ci>
              </apply>
            </apply>
          </math>
        </kineticLaw>
      </reaction>
      <reaction metaid="COPASI17" id="re3" name="re3 Growth of uninfected epithelial cells" reversible="false" fast="false">
        <annotation>
          <celldesigner:extension xmlns:celldesigner="http://www.sbml.org/2001/ns/celldesigner">
            <celldesigner:reactionType>STATE_TRANSITION</celldesigner:reactionType>
            <celldesigner:baseReactants>
              <celldesigner:baseReactant alias="sa4" species="s4">
                <celldesigner:linkAnchor position="SSE"/>
              </celldesigner:baseReactant>
            </celldesigner:baseReactants>
            <celldesigner:baseProducts>
              <celldesigner:baseProduct alias="sa1" species="s1">
                <celldesigner:linkAnchor position="NNW"/>
              </celldesigner:baseProduct>
            </celldesigner:baseProducts>
            <celldesigner:connectScheme connectPolicy="direct" rectangleIndex="0">
              <celldesigner:listOfLineDirection>
                <celldesigner:lineDirection index="0" value="unknown"/>
              </celldesigner:listOfLineDirection>
            </celldesigner:connectScheme>
            <celldesigner:line color="ff000000" width="1.0"/>
          </celldesigner:extension>
          <COPASI xmlns="http://www.copasi.org/static/sbml">
            <rdf:RDF xmlns:dcterms="http://purl.org/dc/terms/" xmlns:rdf="http://www.w3.org/1999/02/22-rdf-syntax-ns#">
              <rdf:Description rdf:about="#COPASI17">
                <dcterms:created>
                  <rdf:Description>
                    <dcterms:W3CDTF>2020-04-04T22:44:26Z</dcterms:W3CDTF>
                  </rdf:Description>
                </dcterms:created>
              </rdf:Description>
            </rdf:RDF>
          </COPASI>
        </annotation>
        <listOfProducts>
          <speciesReference species="s1" stoichiometry="1" constant="true"/>
        </listOfProducts>
        <kineticLaw>
          <math xmlns="http://www.w3.org/1998/Math/MathML">
            <apply>
              <times/>
              <ci> default </ci>
              <apply>
                <ci> Function_for_re3 </ci>
                <ci> rho_E </ci>
                <ci> s1 </ci>
              </apply>
            </apply>
          </math>
        </kineticLaw>
      </reaction>
      <reaction metaid="COPASI18" id="re5" name="re5 Death of infected epithelial cells" reversible="false" fast="false">
        <annotation>
          <celldesigner:extension xmlns:celldesigner="http://www.sbml.org/2001/ns/celldesigner">
            <celldesigner:reactionType>STATE_TRANSITION</celldesigner:reactionType>
            <celldesigner:baseReactants>
              <celldesigner:baseReactant alias="sa2" species="s2">
                <celldesigner:linkAnchor position="NNE"/>
              </celldesigner:baseReactant>
            </celldesigner:baseReactants>
            <celldesigner:baseProducts>
              <celldesigner:baseProduct alias="sa5" species="s5">
                <celldesigner:linkAnchor position="S"/>
              </celldesigner:baseProduct>
            </celldesigner:baseProducts>
            <celldesigner:connectScheme connectPolicy="direct" rectangleIndex="0">
              <celldesigner:listOfLineDirection>
                <celldesigner:lineDirection index="0" value="unknown"/>
              </celldesigner:listOfLineDirection>
            </celldesigner:connectScheme>
            <celldesigner:line color="ff000000" width="1.0"/>
          </celldesigner:extension>
          <COPASI xmlns="http://www.copasi.org/static/sbml">
            <rdf:RDF xmlns:dcterms="http://purl.org/dc/terms/" xmlns:rdf="http://www.w3.org/1999/02/22-rdf-syntax-ns#">
              <rdf:Description rdf:about="#COPASI18">
                <dcterms:created>
                  <rdf:Description>
                    <dcterms:W3CDTF>2020-04-04T22:44:26Z</dcterms:W3CDTF>
                  </rdf:Description>
                </dcterms:created>
              </rdf:Description>
            </rdf:RDF>
          </COPASI>
        </annotation>
        <listOfReactants>
          <speciesReference species="s2" stoichiometry="1" constant="true"/>
        </listOfReactants>
        <kineticLaw>
          <math xmlns="http://www.w3.org/1998/Math/MathML">
            <apply>
              <times/>
              <ci> default </ci>
              <ci> delta_Es </ci>
              <ci> s2 </ci>
            </apply>
          </math>
        </kineticLaw>
      </reaction>
      <reaction metaid="COPASI19" id="re6" name="re6 Viral Clearance" reversible="false" fast="false">
        <annotation>
          <celldesigner:extension xmlns:celldesigner="http://www.sbml.org/2001/ns/celldesigner">
            <celldesigner:reactionType>STATE_TRANSITION</celldesigner:reactionType>
            <celldesigner:baseReactants>
              <celldesigner:baseReactant alias="sa3" species="s3">
                <celldesigner:linkAnchor position="SSW"/>
              </celldesigner:baseReactant>
            </celldesigner:baseReactants>
            <celldesigner:baseProducts>
              <celldesigner:baseProduct alias="sa6" species="s6">
                <celldesigner:linkAnchor position="NE"/>
              </celldesigner:baseProduct>
            </celldesigner:baseProducts>
            <celldesigner:connectScheme connectPolicy="direct" rectangleIndex="0">
              <celldesigner:listOfLineDirection>
                <celldesigner:lineDirection index="0" value="unknown"/>
              </celldesigner:listOfLineDirection>
            </celldesigner:connectScheme>
            <celldesigner:line color="ff000000" width="1.0"/>
          </celldesigner:extension>
          <COPASI xmlns="http://www.copasi.org/static/sbml">
            <rdf:RDF xmlns:dcterms="http://purl.org/dc/terms/" xmlns:rdf="http://www.w3.org/1999/02/22-rdf-syntax-ns#">
              <rdf:Description rdf:about="#COPASI19">
                <dcterms:created>
                  <rdf:Description>
                    <dcterms:W3CDTF>2020-04-04T22:44:26Z</dcterms:W3CDTF>
                  </rdf:Description>
                </dcterms:created>
              </rdf:Description>
            </rdf:RDF>
          </COPASI>
        </annotation>
        <listOfReactants>
          <speciesReference species="s3" stoichiometry="1" constant="true"/>
        </listOfReactants>
        <kineticLaw>
          <math xmlns="http://www.w3.org/1998/Math/MathML">
            <apply>
              <times/>
              <ci> default </ci>
              <ci> c_V </ci>
              <ci> s3 </ci>
            </apply>
          </math>
        </kineticLaw>
      </reaction>
      <reaction metaid="COPASI20" id="re7" name="re7 Production of virus from infected epithelial cells" reversible="false" fast="false">
        <annotation>
          <celldesigner:extension xmlns:celldesigner="http://www.sbml.org/2001/ns/celldesigner">
            <celldesigner:reactionType>STATE_TRANSITION</celldesigner:reactionType>
            <celldesigner:baseReactants>
              <celldesigner:baseReactant alias="sa7" species="s7">
                <celldesigner:linkAnchor position="WSW"/>
              </celldesigner:baseReactant>
            </celldesigner:baseReactants>
            <celldesigner:baseProducts>
              <celldesigner:baseProduct alias="sa3" species="s3">
                <celldesigner:linkAnchor position="E"/>
              </celldesigner:baseProduct>
            </celldesigner:baseProducts>
            <celldesigner:connectScheme connectPolicy="direct" rectangleIndex="0">
              <celldesigner:listOfLineDirection>
                <celldesigner:lineDirection index="0" value="unknown"/>
              </celldesigner:listOfLineDirection>
            </celldesigner:connectScheme>
            <celldesigner:line color="ff000000" width="1.0"/>
            <celldesigner:listOfModification>
              <celldesigner:modification aliases="sa2" modifiers="s2" targetLineIndex="-1,6" type="TRIGGER">
                <celldesigner:connectScheme connectPolicy="direct">
                  <celldesigner:listOfLineDirection>
                    <celldesigner:lineDirection index="0" value="unknown"/>
                  </celldesigner:listOfLineDirection>
                </celldesigner:connectScheme>
                <celldesigner:linkTarget alias="sa2" species="s2">
                  <celldesigner:linkAnchor position="S"/>
                </celldesigner:linkTarget>
                <celldesigner:line color="ff000000" width="1.0"/>
              </celldesigner:modification>
            </celldesigner:listOfModification>
          </celldesigner:extension>
          <COPASI xmlns="http://www.copasi.org/static/sbml">
            <rdf:RDF xmlns:dcterms="http://purl.org/dc/terms/" xmlns:rdf="http://www.w3.org/1999/02/22-rdf-syntax-ns#">
              <rdf:Description rdf:about="#COPASI20">
                <dcterms:created>
                  <rdf:Description>
                    <dcterms:W3CDTF>2020-04-04T22:44:26Z</dcterms:W3CDTF>
                  </rdf:Description>
                </dcterms:created>
              </rdf:Description>
            </rdf:RDF>
          </COPASI>
        </annotation>
        <listOfProducts>
          <speciesReference species="s3" stoichiometry="1" constant="true"/>
        </listOfProducts>
        <listOfModifiers>
          <modifierSpeciesReference species="s2"/>
        </listOfModifiers>
        <kineticLaw>
          <math xmlns="http://www.w3.org/1998/Math/MathML">
            <apply>
              <times/>
              <ci> default </ci>
              <apply>
                <ci> Function_for_re7 </ci>
                <ci> pi_a </ci>
                <ci> s2 </ci>
              </apply>
            </apply>
          </math>
        </kineticLaw>
      </reaction>
      <reaction metaid="COPASI21" id="re4_Killing_of_Infected_Epithelial_cells_by_Te_Cells" name="re4 Killing of Infected Epithelial cells by Te Cells" reversible="false" fast="false">
        <annotation>
          <COPASI xmlns="http://www.copasi.org/static/sbml">
            <rdf:RDF xmlns:dcterms="http://purl.org/dc/terms/" xmlns:rdf="http://www.w3.org/1999/02/22-rdf-syntax-ns#">
              <rdf:Description rdf:about="#COPASI21">
                <dcterms:created>
                  <rdf:Description>
                    <dcterms:W3CDTF>2020-04-14T08:58:34Z</dcterms:W3CDTF>
                  </rdf:Description>
                </dcterms:created>
              </rdf:Description>
            </rdf:RDF>
          </COPASI>
        </annotation>
        <listOfReactants>
          <speciesReference species="s2" stoichiometry="1" constant="true"/>
        </listOfReactants>
        <kineticLaw>
          <math xmlns="http://www.w3.org/1998/Math/MathML">
            <apply>
              <times/>
              <ci> default </ci>
              <apply>
                <ci> Function_for_re4_Killing_of_Infected_Epithelial_cells_by_Te_Cells </ci>
                <ci> k_E </ci>
                <ci> s2 </ci>
                <ci> T_E_T </ci>
              </apply>
            </apply>
          </math>
        </kineticLaw>
      </reaction>
      <reaction metaid="COPASI22" id="re8_Neutralization_of_virus_by_IgG" name="re8 Neutralization of virus by IgG" reversible="false" fast="false">
        <annotation>
          <COPASI xmlns="http://www.copasi.org/static/sbml">
            <rdf:RDF xmlns:dcterms="http://purl.org/dc/terms/" xmlns:rdf="http://www.w3.org/1999/02/22-rdf-syntax-ns#">
              <rdf:Description rdf:about="#COPASI22">
                <dcterms:created>
                  <rdf:Description>
                    <dcterms:W3CDTF>2020-04-15T08:49:24Z</dcterms:W3CDTF>
                  </rdf:Description>
                </dcterms:created>
              </rdf:Description>
            </rdf:RDF>
          </COPASI>
        </annotation>
        <listOfReactants>
          <speciesReference species="s3" stoichiometry="1" constant="true"/>
        </listOfReactants>
        <kineticLaw>
          <math xmlns="http://www.w3.org/1998/Math/MathML">
            <apply>
              <times/>
              <ci> default </ci>
              <apply>
                <ci> Function_for_re8_neutralization_by_IgG </ci>
                <ci> k_VG </ci>
                <ci> s3 </ci>
                <ci> A_G_T </ci>
              </apply>
            </apply>
          </math>
        </kineticLaw>
      </reaction>
      <reaction metaid="COPASI23" id="re9_Neutralization_of_virus_by_IgM" name="re9 Neutralization of virus by IgM" reversible="false" fast="false">
        <annotation>
          <COPASI xmlns="http://www.copasi.org/static/sbml">
            <rdf:RDF xmlns:dcterms="http://purl.org/dc/terms/" xmlns:rdf="http://www.w3.org/1999/02/22-rdf-syntax-ns#">
              <rdf:Description rdf:about="#COPASI23">
                <dcterms:created>
                  <rdf:Description>
                    <dcterms:W3CDTF>2020-04-15T08:49:40Z</dcterms:W3CDTF>
                  </rdf:Description>
                </dcterms:created>
              </rdf:Description>
            </rdf:RDF>
          </COPASI>
        </annotation>
        <listOfReactants>
          <speciesReference species="s3" stoichiometry="1" constant="true"/>
        </listOfReactants>
        <kineticLaw>
          <math xmlns="http://www.w3.org/1998/Math/MathML">
            <apply>
              <times/>
              <ci> default </ci>
              <apply>
                <ci> Function_for_re9_neutralization_by_IgM </ci>
                <ci> k_VM </ci>
                <ci> s3 </ci>
                <ci> A_M_T </ci>
              </apply>
            </apply>
          </math>
        </kineticLaw>
      </reaction>
    </listOfReactions>
    <layout:listOfLayouts xmlns:xsi="http://www.w3.org/2001/XMLSchema-instance" xmlns:layout="http://www.sbml.org/sbml/level3/version1/layout/version1">
      <layout:layout layout:id="layout_0" layout:name="COPASI autolayout">
        <layout:dimensions layout:width="352.621930130471" layout:height="388.847713471497"/>
        <layout:listOfSpeciesGlyphs>
          <layout:speciesGlyph layout:id="layout_glyph_0" layout:species="s1">
            <layout:boundingBox>
              <layout:position layout:x="262.220180873381" layout:y="205.42768167663"/>
              <layout:dimensions layout:width="36" layout:height="28"/>
            </layout:boundingBox>
          </layout:speciesGlyph>
          <layout:speciesGlyph layout:id="layout_glyph_1" layout:species="s2">
            <layout:boundingBox>
              <layout:position layout:x="144.456944944346" layout:y="249.148482418126"/>
              <layout:dimensions layout:width="52" layout:height="28"/>
            </layout:boundingBox>
          </layout:speciesGlyph>
          <layout:speciesGlyph layout:id="layout_glyph_2" layout:species="s3">
            <layout:boundingBox>
              <layout:position layout:x="90.1490421544648" layout:y="134.521369383146"/>
              <layout:dimensions layout:width="28" layout:height="28"/>
            </layout:boundingBox>
          </layout:speciesGlyph>
          <layout:speciesGlyph layout:id="layout_glyph_3" render:objectRole="invisible">
            <layout:boundingBox>
              <layout:position layout:x="332.404532171637" layout:y="236.703341253901"/>
              <layout:dimensions layout:width="1" layout:height="1"/>
            </layout:boundingBox>
          </layout:speciesGlyph>
          <layout:speciesGlyph layout:id="layout_glyph_4" render:objectRole="invisible">
            <layout:boundingBox>
              <layout:position layout:x="44.4439956803554" layout:y="0"/>
              <layout:dimensions layout:width="1" layout:height="1"/>
            </layout:boundingBox>
          </layout:speciesGlyph>
          <layout:speciesGlyph layout:id="layout_glyph_5" render:objectRole="invisible">
            <layout:boundingBox>
              <layout:position layout:x="0" layout:y="256.529248443016"/>
              <layout:dimensions layout:width="1" layout:height="1"/>
            </layout:boundingBox>
          </layout:speciesGlyph>
          <layout:speciesGlyph layout:id="layout_glyph_6" render:objectRole="invisible">
            <layout:boundingBox>
              <layout:position layout:x="382.586144120777" layout:y="362.567186423108"/>
              <layout:dimensions layout:width="1" layout:height="1"/>
            </layout:boundingBox>
          </layout:speciesGlyph>
        </layout:listOfSpeciesGlyphs>
        <layout:listOfReactionGlyphs>
          <layout:reactionGlyph layout:id="layout_glyph_7" layout:reaction="re1">
            <layout:curve>
              <layout:listOfCurveSegments>
                <layout:curveSegment xmlns:xsi="http://www.w3.org/2001/XMLSchema-instance" xsi:type="LineSegment">
                  <layout:start layout:x="206.252857486698" layout:y="184.974974893159" layout:z="0"/>
                  <layout:end layout:x="195.276533893795" layout:y="189.347054967309" layout:z="0"/>
                </layout:curveSegment>
              </layout:listOfCurveSegments>
            </layout:curve>
            <layout:boundingBox>
              <layout:position layout:x="200.764695690247" layout:y="187.161014930234"/>
              <layout:dimensions layout:width="0" layout:height="0"/>
            </layout:boundingBox>
            <layout:listOfSpeciesReferenceGlyphs>
              <layout:speciesReferenceGlyph layout:id="layout_glyph_8" layout:speciesGlyph="layout_glyph_0" layout:role="substrate">
                <layout:curve>
                  <layout:listOfCurveSegments>
                    <layout:curveSegment xmlns:xsi="http://www.w3.org/2001/XMLSchema-instance" xsi:type="CubicBezier">
                      <layout:start layout:x="206.252857486698" layout:y="184.974974893159" layout:z="0"/>
                      <layout:end layout:x="257.220180873381" layout:y="205.251527930084" layout:z="0"/>
                      <layout:basePoint1 layout:x="217.229181079602" layout:y="180.60289481901" layout:z="0"/>
                      <layout:basePoint2 layout:x="239.968761874717" layout:y="191.834191356009" layout:z="0"/>
                    </layout:curveSegment>
                  </layout:listOfCurveSegments>
                </layout:curve>
              </layout:speciesReferenceGlyph>
              <layout:speciesReferenceGlyph layout:id="layout_glyph_9" layout:speciesGlyph="layout_glyph_1" layout:role="product">
                <layout:curve>
                  <layout:listOfCurveSegments>
                    <layout:curveSegment xmlns:xsi="http://www.w3.org/2001/XMLSchema-instance" xsi:type="CubicBezier">
                      <layout:start layout:x="195.276533893795" layout:y="189.347054967309" layout:z="0"/>
                      <layout:end layout:x="174.2452859228" layout:y="244.148482418126" layout:z="0"/>
                      <layout:basePoint1 layout:x="184.300210300891" layout:y="193.719135041459" layout:z="0"/>
                      <layout:basePoint2 layout:x="176.52866721362" layout:y="220.02682874833" layout:z="0"/>
                    </layout:curveSegment>
                  </layout:listOfCurveSegments>
                </layout:curve>
              </layout:speciesReferenceGlyph>
              <layout:speciesReferenceGlyph layout:id="layout_glyph_10" layout:speciesGlyph="layout_glyph_2" layout:role="modifier">
                <layout:curve>
                  <layout:listOfCurveSegments>
                    <layout:curveSegment xmlns:xsi="http://www.w3.org/2001/XMLSchema-instance" xsi:type="CubicBezier">
                      <layout:start layout:x="123.149042154465" layout:y="154.522976235581" layout:z="0"/>
                      <layout:end layout:x="197.064254186455" layout:y="177.870873237181" layout:z="0"/>
                      <layout:basePoint1 layout:x="160.10664817046" layout:y="166.196924736381" layout:z="0"/>
                      <layout:basePoint2 layout:x="193.363812682663" layout:y="168.580731544127" layout:z="0"/>
                    </layout:curveSegment>
                  </layout:listOfCurveSegments>
                </layout:curve>
              </layout:speciesReferenceGlyph>
            </layout:listOfSpeciesReferenceGlyphs>
          </layout:reactionGlyph>
          <layout:reactionGlyph layout:id="layout_glyph_11" layout:reaction="re5">
            <layout:curve>
              <layout:listOfCurveSegments>
                <layout:curveSegment xmlns:xsi="http://www.w3.org/2001/XMLSchema-instance" xsi:type="LineSegment">
                  <layout:start layout:x="243.377888588094" layout:y="285.531254651952" layout:z="0"/>
                  <layout:end layout:x="259.622647310824" layout:y="282.936740535529" layout:z="0"/>
                </layout:curveSegment>
              </layout:listOfCurveSegments>
            </layout:curve>
            <layout:boundingBox>
              <layout:position layout:x="251.500267949459" layout:y="284.233997593741"/>
              <layout:dimensions layout:width="0" layout:height="0"/>
            </layout:boundingBox>
            <layout:listOfSpeciesReferenceGlyphs>
              <layout:speciesReferenceGlyph layout:id="layout_glyph_12" layout:speciesGlyph="layout_glyph_1" layout:role="substrate">
                <layout:curve>
                  <layout:listOfCurveSegments>
                    <layout:curveSegment xmlns:xsi="http://www.w3.org/2001/XMLSchema-instance" xsi:type="CubicBezier">
                      <layout:start layout:x="243.377888588094" layout:y="285.531254651952" layout:z="0"/>
                      <layout:end layout:x="201.456944944346" layout:y="276.810232550686" layout:z="0"/>
                      <layout:basePoint1 layout:x="227.133129865365" layout:y="288.125768768374" layout:z="0"/>
                      <layout:basePoint2 layout:x="210.233847724173" layout:y="283.116629188636" layout:z="0"/>
                    </layout:curveSegment>
                  </layout:listOfCurveSegments>
                </layout:curve>
              </layout:speciesReferenceGlyph>
              <layout:speciesReferenceGlyph layout:id="layout_glyph_13" layout:speciesGlyph="layout_glyph_3" layout:role="product">
                <layout:curve>
                  <layout:listOfCurveSegments>
                    <layout:curveSegment xmlns:xsi="http://www.w3.org/2001/XMLSchema-instance" xsi:type="CubicBezier">
                      <layout:start layout:x="259.622647310824" layout:y="282.936740535529" layout:z="0"/>
                      <layout:end layout:x="327.404532171637" layout:y="241.363155825102" layout:z="0"/>
                      <layout:basePoint1 layout:x="275.867406033553" layout:y="280.342226419107" layout:z="0"/>
                      <layout:basePoint2 layout:x="305.697158783277" layout:y="260.204062592999" layout:z="0"/>
                    </layout:curveSegment>
                  </layout:listOfCurveSegments>
                </layout:curve>
              </layout:speciesReferenceGlyph>
            </layout:listOfSpeciesReferenceGlyphs>
          </layout:reactionGlyph>
          <layout:reactionGlyph layout:id="layout_glyph_14" layout:reaction="re6">
            <layout:curve>
              <layout:listOfCurveSegments>
                <layout:curveSegment xmlns:xsi="http://www.w3.org/2001/XMLSchema-instance" xsi:type="LineSegment">
                  <layout:start layout:x="79.8330852955664" layout:y="79.3119847112397" layout:z="0"/>
                  <layout:end layout:x="73.9125806481555" layout:y="64.5098477729252" layout:z="0"/>
                </layout:curveSegment>
              </layout:listOfCurveSegments>
            </layout:curve>
            <layout:boundingBox>
              <layout:position layout:x="76.8728329718609" layout:y="71.9109162420825"/>
              <layout:dimensions layout:width="0" layout:height="0"/>
            </layout:boundingBox>
            <layout:listOfSpeciesReferenceGlyphs>
              <layout:speciesReferenceGlyph layout:id="layout_glyph_15" layout:speciesGlyph="layout_glyph_2" layout:role="substrate">
                <layout:curve>
                  <layout:listOfCurveSegments>
                    <layout:curveSegment xmlns:xsi="http://www.w3.org/2001/XMLSchema-instance" xsi:type="CubicBezier">
                      <layout:start layout:x="79.8330852955664" layout:y="79.3119847112397" layout:z="0"/>
                      <layout:end layout:x="97.7250158238245" layout:y="129.521369383146" layout:z="0"/>
                      <layout:basePoint1 layout:x="85.7535899429773" layout:y="94.1141216495543" layout:z="0"/>
                      <layout:basePoint2 layout:x="93.2194290452536" layout:y="115.518279750929" layout:z="0"/>
                    </layout:curveSegment>
                  </layout:listOfCurveSegments>
                </layout:curve>
              </layout:speciesReferenceGlyph>
              <layout:speciesReferenceGlyph layout:id="layout_glyph_16" layout:speciesGlyph="layout_glyph_4" layout:role="product">
                <layout:curve>
                  <layout:listOfCurveSegments>
                    <layout:curveSegment xmlns:xsi="http://www.w3.org/2001/XMLSchema-instance" xsi:type="CubicBezier">
                      <layout:start layout:x="73.9125806481555" layout:y="64.5098477729252" layout:z="0"/>
                      <layout:end layout:x="47.5201049854235" layout:y="6" layout:z="0"/>
                      <layout:basePoint1 layout:x="67.9920760007445" layout:y="49.7077108346106" layout:z="0"/>
                      <layout:basePoint2 layout:x="56.2759643312313" layout:y="24.1533211827266" layout:z="0"/>
                    </layout:curveSegment>
                  </layout:listOfCurveSegments>
                </layout:curve>
              </layout:speciesReferenceGlyph>
            </layout:listOfSpeciesReferenceGlyphs>
          </layout:reactionGlyph>
          <layout:reactionGlyph layout:id="layout_glyph_17" layout:reaction="re7">
            <layout:curve>
              <layout:listOfCurveSegments>
                <layout:curveSegment xmlns:xsi="http://www.w3.org/2001/XMLSchema-instance" xsi:type="LineSegment">
                  <layout:start layout:x="69.6428016494754" layout:y="231.596728490801" layout:z="0"/>
                  <layout:end layout:x="80.0077058649219" layout:y="220.745940584814" layout:z="0"/>
                </layout:curveSegment>
              </layout:listOfCurveSegments>
            </layout:curve>
            <layout:boundingBox>
              <layout:position layout:x="74.8252537571987" layout:y="226.171334537807"/>
              <layout:dimensions layout:width="0" layout:height="0"/>
            </layout:boundingBox>
            <layout:listOfSpeciesReferenceGlyphs>
              <layout:speciesReferenceGlyph layout:id="layout_glyph_18" layout:speciesGlyph="layout_glyph_5" layout:role="substrate">
                <layout:curve>
                  <layout:listOfCurveSegments>
                    <layout:curveSegment xmlns:xsi="http://www.w3.org/2001/XMLSchema-instance" xsi:type="CubicBezier">
                      <layout:start layout:x="69.6428016494754" layout:y="231.596728490801" layout:z="0"/>
                      <layout:end layout:x="6" layout:y="255.664798032991" layout:z="0"/>
                      <layout:basePoint1 layout:x="59.277897434029" layout:y="242.447516396788" layout:z="0"/>
                      <layout:basePoint2 layout:x="30.0477226631529" layout:y="251.768854191386" layout:z="0"/>
                    </layout:curveSegment>
                  </layout:listOfCurveSegments>
                </layout:curve>
              </layout:speciesReferenceGlyph>
              <layout:speciesReferenceGlyph layout:id="layout_glyph_19" layout:speciesGlyph="layout_glyph_2" layout:role="product">
                <layout:curve>
                  <layout:listOfCurveSegments>
                    <layout:curveSegment xmlns:xsi="http://www.w3.org/2001/XMLSchema-instance" xsi:type="CubicBezier">
                      <layout:start layout:x="80.0077058649219" layout:y="220.745940584814" layout:z="0"/>
                      <layout:end layout:x="99.8841558243067" layout:y="167.521369383146" layout:z="0"/>
                      <layout:basePoint1 layout:x="90.3726100803684" layout:y="209.895152678827" layout:z="0"/>
                      <layout:basePoint2 layout:x="97.7196090061992" layout:y="185.995564054489" layout:z="0"/>
                    </layout:curveSegment>
                  </layout:listOfCurveSegments>
                </layout:curve>
              </layout:speciesReferenceGlyph>
              <layout:speciesReferenceGlyph layout:id="layout_glyph_20" layout:speciesGlyph="layout_glyph_1" layout:role="modifier">
                <layout:curve>
                  <layout:listOfCurveSegments>
                    <layout:curveSegment xmlns:xsi="http://www.w3.org/2001/XMLSchema-instance" xsi:type="CubicBezier">
                      <layout:start layout:x="139.456944944346" layout:y="252.60370015519" layout:z="0"/>
                      <layout:end layout:x="82.0563676688138" layout:y="233.078648892695" layout:z="0"/>
                      <layout:basePoint1 layout:x="110.75665630658" layout:y="242.841174523943" layout:z="0"/>
                      <layout:basePoint2 layout:x="89.2874815804289" layout:y="239.985963247584" layout:z="0"/>
                    </layout:curveSegment>
                  </layout:listOfCurveSegments>
                </layout:curve>
              </layout:speciesReferenceGlyph>
            </layout:listOfSpeciesReferenceGlyphs>
          </layout:reactionGlyph>
          <layout:reactionGlyph layout:id="layout_glyph_21" layout:reaction="re3">
            <layout:curve>
              <layout:listOfCurveSegments>
                <layout:curveSegment xmlns:xsi="http://www.w3.org/2001/XMLSchema-instance" xsi:type="LineSegment">
                  <layout:start layout:x="338.942745783266" layout:y="306.867217663391" layout:z="0"/>
                  <layout:end layout:x="328.656149458526" layout:y="292.503267188743" layout:z="0"/>
                </layout:curveSegment>
              </layout:listOfCurveSegments>
            </layout:curve>
            <layout:boundingBox>
              <layout:position layout:x="333.799447620896" layout:y="299.685242426067"/>
              <layout:dimensions layout:width="0" layout:height="0"/>
            </layout:boundingBox>
            <layout:listOfSpeciesReferenceGlyphs>
              <layout:speciesReferenceGlyph layout:id="layout_glyph_22" layout:speciesGlyph="layout_glyph_6" layout:role="substrate">
                <layout:curve>
                  <layout:listOfCurveSegments>
                    <layout:curveSegment xmlns:xsi="http://www.w3.org/2001/XMLSchema-instance" xsi:type="CubicBezier">
                      <layout:start layout:x="338.942745783266" layout:y="306.867217663391" layout:z="0"/>
                      <layout:end layout:x="378.635137100907" layout:y="357.567186423108" layout:z="0"/>
                      <layout:basePoint1 layout:x="349.229342108005" layout:y="321.231168138038" layout:z="0"/>
                      <layout:basePoint2 layout:x="366.503888685641" layout:y="342.990164899235" layout:z="0"/>
                    </layout:curveSegment>
                  </layout:listOfCurveSegments>
                </layout:curve>
              </layout:speciesReferenceGlyph>
              <layout:speciesReferenceGlyph layout:id="layout_glyph_23" layout:speciesGlyph="layout_glyph_0" layout:role="product">
                <layout:curve>
                  <layout:listOfCurveSegments>
                    <layout:curveSegment xmlns:xsi="http://www.w3.org/2001/XMLSchema-instance" xsi:type="CubicBezier">
                      <layout:start layout:x="328.656149458526" layout:y="292.503267188743" layout:z="0"/>
                      <layout:end layout:x="292.56591221752" layout:y="238.42768167663" layout:z="0"/>
                      <layout:basePoint1 layout:x="318.369553133787" layout:y="278.139316714095" layout:z="0"/>
                      <layout:basePoint2 layout:x="302.896083594469" layout:y="254.692511576701" layout:z="0"/>
                    </layout:curveSegment>
                  </layout:listOfCurveSegments>
                </layout:curve>
              </layout:speciesReferenceGlyph>
            </layout:listOfSpeciesReferenceGlyphs>
          </layout:reactionGlyph>
        </layout:listOfReactionGlyphs>
        <layout:listOfTextGlyphs>
          <layout:textGlyph layout:id="layout_glyph_24" layout:originOfText="s1" layout:graphicalObject="layout_glyph_0">
            <layout:boundingBox>
              <layout:position layout:x="262.220180873381" layout:y="205.42768167663"/>
              <layout:dimensions layout:width="32" layout:height="24"/>
            </layout:boundingBox>
          </layout:textGlyph>
          <layout:textGlyph layout:id="layout_glyph_25" layout:originOfText="s2" layout:graphicalObject="layout_glyph_1">
            <layout:boundingBox>
              <layout:position layout:x="144.456944944346" layout:y="249.148482418126"/>
              <layout:dimensions layout:width="48" layout:height="24"/>
            </layout:boundingBox>
          </layout:textGlyph>
          <layout:textGlyph layout:id="layout_glyph_26" layout:originOfText="s3" layout:graphicalObject="layout_glyph_2">
            <layout:boundingBox>
              <layout:position layout:x="90.1490421544648" layout:y="134.521369383146"/>
              <layout:dimensions layout:width="24" layout:height="24"/>
            </layout:boundingBox>
          </layout:textGlyph>
        </layout:listOfTextGlyphs>
      </layout:layout>
      <render:listOfGlobalRenderInformation xmlns:render="http://www.sbml.org/sbml/level3/version1/render/version1">
        <render:renderInformation render:id="GlobalRenderInformation_11" render:backgroundColor="#FFFFFFFF">
          <render:listOfColorDefinitions>
            <render:colorDefinition render:id="black" render:value="#000000"/>
            <render:colorDefinition render:id="white" render:value="#ffffff"/>
            <render:colorDefinition render:id="transparent" render:value="#ffffff00"/>
            <render:colorDefinition render:id="EmptySetOutline" render:value="#808080"/>
            <render:colorDefinition render:id="EmptySetGradientStart" render:value="#ffffff"/>
            <render:colorDefinition render:id="EmptySetGradientEnd" render:value="#d3d3d3"/>
            <render:colorDefinition render:id="CompartmentBorder" render:value="#e69600b0"/>
            <render:colorDefinition render:id="CloneMarkerColor" render:value="#ffa500"/>
            <render:colorDefinition render:id="CurveColor" render:value="#000000a0"/>
            <render:colorDefinition render:id="ModulationCurveColor" render:value="#0000a0a0"/>
          </render:listOfColorDefinitions>
          <render:listOfGradientDefinitions>
            <render:linearGradient render:id="cloneMarker" render:x1="50%" render:x2="50%">
              <render:stop render:offset="0" render:stop-color="transparent"/>
              <render:stop render:offset="0.75" render:stop-color="transparent"/>
              <render:stop render:offset="0.76" render:stop-color="CloneMarkerColor"/>
              <render:stop render:offset="1" render:stop-color="CloneMarkerColor"/>
            </render:linearGradient>
            <render:linearGradient render:id="EmptySetGradient">
              <render:stop render:offset="0" render:stop-color="EmptySetGradientStart"/>
              <render:stop render:offset="100%" render:stop-color="EmptySetGradientEnd"/>
            </render:linearGradient>
          </render:listOfGradientDefinitions>
          <render:listOfLineEndings>
            <render:lineEnding render:id="ActivationHead">
              <layout:boundingBox layout:id="bb">
                <layout:position layout:x="-12" layout:y="-6"/>
                <layout:dimensions layout:width="12" layout:height="12"/>
              </layout:boundingBox>
              <render:g render:stroke="CurveColor" render:stroke-width="1" render:fill="white" render:text-anchor="start" render:vtext-anchor="top">
                <render:ellipse render:stroke="black" render:stroke-width="1" render:cx="50%" render:cy="50%" render:rx="50%"/>
              </render:g>
            </render:lineEnding>
            <render:lineEnding render:id="TransitionHead">
              <layout:boundingBox layout:id="bb">
                <layout:position layout:x="-8" layout:y="-6"/>
                <layout:dimensions layout:width="12" layout:height="12"/>
              </layout:boundingBox>
              <render:g render:stroke="CurveColor" render:stroke-width="0.001" render:fill="CurveColor" render:text-anchor="start" render:vtext-anchor="top">
                <render:polygon render:fill="CurveColor">
                  <render:listOfElements>
                    <render:element xmlns:xsi="http://www.w3.org/2001/XMLSchema-instance" xsi:type="RenderPoint" render:x="0" render:y="0"/>
                    <render:element xmlns:xsi="http://www.w3.org/2001/XMLSchema-instance" xsi:type="RenderPoint" render:x="100%" render:y="50%"/>
                    <render:element xmlns:xsi="http://www.w3.org/2001/XMLSchema-instance" xsi:type="RenderPoint" render:x="0" render:y="100%"/>
                    <render:element xmlns:xsi="http://www.w3.org/2001/XMLSchema-instance" xsi:type="RenderPoint" render:x="33%" render:y="50%"/>
                    <render:element xmlns:xsi="http://www.w3.org/2001/XMLSchema-instance" xsi:type="RenderPoint" render:x="0" render:y="0"/>
                  </render:listOfElements>
                </render:polygon>
              </render:g>
            </render:lineEnding>
            <render:lineEnding render:id="ModulationHead">
              <layout:boundingBox layout:id="bb">
                <layout:position layout:x="-5" layout:y="-5"/>
                <layout:dimensions layout:width="10" layout:height="10"/>
              </layout:boundingBox>
              <render:g render:stroke="ModulationCurveColor" render:stroke-width="1" render:fill="ModulationCurveColor" render:text-anchor="start" render:vtext-anchor="top">
                <render:ellipse render:cx="50%" render:cy="50%" render:rx="45%"/>
              </render:g>
            </render:lineEnding>
            <render:lineEnding render:id="InhibitionHead">
              <layout:boundingBox layout:id="bb">
                <layout:position layout:x="-0.5" layout:y="-4"/>
                <layout:dimensions layout:width="0.6" layout:height="8"/>
              </layout:boundingBox>
              <render:g render:stroke="black" render:stroke-width="2" render:fill="black" render:text-anchor="start" render:vtext-anchor="top">
                <render:polygon>
                  <render:listOfElements>
                    <render:element xmlns:xsi="http://www.w3.org/2001/XMLSchema-instance" xsi:type="RenderPoint" render:x="0" render:y="0"/>
                    <render:element xmlns:xsi="http://www.w3.org/2001/XMLSchema-instance" xsi:type="RenderPoint" render:x="0.3" render:y="0"/>
                    <render:element xmlns:xsi="http://www.w3.org/2001/XMLSchema-instance" xsi:type="RenderPoint" render:x="0.3" render:y="8"/>
                    <render:element xmlns:xsi="http://www.w3.org/2001/XMLSchema-instance" xsi:type="RenderPoint" render:x="0" render:y="8"/>
                  </render:listOfElements>
                </render:polygon>
              </render:g>
            </render:lineEnding>
          </render:listOfLineEndings>
          <render:listOfStyles>
            <render:style render:roleList="invisible">
              <render:g render:stroke="#ffffff00" render:stroke-width="0" render:fill="#ffffff00" render:fill-rule="nonzero" render:font-family="sans-serif" render:font-weight="normal" render:font-style="normal" render:text-anchor="start" render:vtext-anchor="top" render:font-size="0"/>
            </render:style>
            <render:style render:roleList="defaultText" render:typeList="TEXTGLYPH">
              <render:g render:stroke="black" render:stroke-width="1" render:fill-rule="nonzero" render:font-family="Verdana" render:font-weight="normal" render:font-style="normal" render:text-anchor="middle" render:vtext-anchor="middle" render:font-size="12"/>
            </render:style>
            <render:style render:roleList="sidesubstrate substrate" render:typeList="REACTIONGLYPH">
              <render:g render:stroke="CurveColor" render:stroke-width="3" render:fill-rule="nonzero" render:font-family="sans-serif" render:font-weight="normal" render:font-style="normal" render:text-anchor="start" render:vtext-anchor="top" render:font-size="0"/>
            </render:style>
            <render:style render:roleList="SBO-0000169 inhibition inhibitor">
              <render:g render:stroke="CurveColor" render:stroke-width="3" render:fill-rule="nonzero" render:endHead="InhibitionHead" render:font-family="sans-serif" render:font-weight="normal" render:font-style="normal" render:text-anchor="start" render:vtext-anchor="top" render:font-size="0"/>
            </render:style>
            <render:style render:roleList="SBO-0000168 modifier">
              <render:g render:stroke="ModulationCurveColor" render:stroke-width="3" render:fill="white" render:fill-rule="nonzero" render:endHead="ModulationHead" render:font-family="sans-serif" render:font-weight="normal" render:font-style="normal" render:text-anchor="start" render:vtext-anchor="top" render:font-size="0"/>
            </render:style>
            <render:style render:roleList="SBO-0000172 activator catalysis">
              <render:g render:stroke="CurveColor" render:stroke-width="3" render:fill="white" render:fill-rule="nonzero" render:endHead="ActivationHead" render:font-family="sans-serif" render:font-weight="normal" render:font-style="normal" render:text-anchor="start" render:vtext-anchor="top" render:font-size="0"/>
            </render:style>
            <render:style render:roleList="product sideproduct" render:typeList="product sideproduct">
              <render:g render:stroke="CurveColor" render:stroke-width="3" render:fill-rule="nonzero" render:endHead="TransitionHead" render:font-family="sans-serif" render:font-weight="normal" render:font-style="normal" render:text-anchor="start" render:vtext-anchor="top" render:font-size="0"/>
            </render:style>
            <render:style render:roleList="NO-SBO SBO-0000285" render:typeList="SPECIESGLYPH">
              <render:g render:stroke-width="0" render:fill="#a0e0a030" render:fill-rule="nonzero" render:font-family="sans-serif" render:font-weight="normal" render:font-style="normal" render:text-anchor="start" render:vtext-anchor="top" render:font-size="0">
                <render:rectangle render:x="0" render:y="0" render:width="100%" render:height="100%"/>
              </render:g>
            </render:style>
            <render:style render:roleList="SBO-0000289" render:typeList="COMPARTMENTGLYPH">
              <render:g render:stroke="CompartmentBorder" render:stroke-width="7" render:fill-rule="nonzero" render:font-family="sans-serif" render:font-weight="normal" render:font-style="normal" render:text-anchor="start" render:vtext-anchor="top" render:font-size="0">
                <render:rectangle render:x="0" render:y="0" render:width="100%" render:height="100%" render:rx="20" render:ry="20"/>
              </render:g>
            </render:style>
            <render:style render:typeList="ANY">
              <render:g render:stroke="black" render:stroke-width="0" render:fill="#f0707070" render:fill-rule="nonzero" render:font-family="sans-serif" render:font-weight="normal" render:font-style="normal" render:text-anchor="start" render:vtext-anchor="top" render:font-size="0">
                <render:rectangle render:x="0" render:y="0" render:width="100%" render:height="100%"/>
              </render:g>
            </render:style>
          </render:listOfStyles>
        </render:renderInformation>
      </render:listOfGlobalRenderInformation>
    </layout:listOfLayouts>
  </model>
</sbml>
