[{"file": "plot.csv"}, {"file": "spreading-depression.sedml"}, {"file": "report.csv"}, {"file": "pcbi.1003941.g004.jpg"}, {"file": "pcbi.1003941.g010.jpg"}, {"file": "pcbi.1003941.g011.jpg"}, {"file": "pcbi.1003941.g005.jpg"}, {"file": "pcbi.1003941.g007.jpg"}, {"file": "pcbi.1003941.g006.jpg"}, {"file": "pcbi.1003941.g002.jpg"}, {"file": "pcbi.1003941.g003.jpg"}, {"file": "pcbi.1003941.g001.jpg"}, {"file": "pcbi.1003941.g008.jpg"}, {"file": "pcbi.1003941.g009.jpg"}, {"file": "spreading-depression-bistable-cont.sedml"}]