[{"file": "iJR904.xml"}, {"file": "objective.csv"}, {"file": "LICENSE"}, {"file": "iJO1366.Fatty-acid-biosynthesis--saturated-.png"}, {"file": "iJO1366.Central-metabolism.png"}, {"file": "PMC193654-F1.jpg"}, {"file": "simulation.sedml"}, {"file": "PMC193654-F2.jpg"}, {"file": "PMC193654-F3.jpg"}, {"file": "PMC193654-F6.jpg"}, {"file": "iJO1366.Fatty-acid-beta-oxidation.png"}, {"file": "iJR904.ant"}, {"file": "PMC193654-F4.jpg"}, {"file": "PMC193654-F5.jpg"}, {"file": "iJO1366.Nucleotide-and-histidine-biosynthesis.png"}, {"file": "reaction_fluxes.csv"}, {"file": "iJO1366.Nucleotide-metabolism.png"}]