<?xml version="1.0" encoding="UTF-8"?>
<sbml xmlns="http://www.sbml.org/sbml/level2/version4" metaid="_858328" level="2" version="4">
  <model metaid="_529073" id="MODEL1008060001" name="Munz2009 - Zombie SIZRC">
    <notes>
      <body xmlns="http://www.w3.org/1999/xhtml">
        <div class="dc:title">Munz2009 - Zombie SIZRC</div>
        <div class="dc:description">
          <p>This is the model with an latent infection and cure for zombies described in the article.</p>
        </div>
        <div class="dc:provenance">
          <p>This model was originally created by libAntimony v1.4 (using libSBML 3.4.1).</p>
        </div>
        <div class="dc:bibliographicCitation">
          <p>This model is described in the article:</p>
          <div class="bibo:title">
            <a href="http://isbndb.com/book/infectious_disease_modelling_research_progress" title="Access to this publication">When zombies attack!: Mathematical modelling of an outbreak of zombie infection</a>
          </div>
          <div class="bibo:authorList">P. Munz, I. Hudea, J. Imad and R.J. Smith?</div>
          <div class="bibo:Journal">Infectious Disease Modelling Research Progress 2009, chapter 4, pp 133-150. Editors: Jean Michel Tchuenche and C. Chiyaka; Nova Science Publishers, Inc., NY, USA.</div>
          <p>Abstract:</p>
          <div class="bibo:abstract">
            <p>Zombies are a popular figure in pop culture/entertainment and they are usually portrayed as being brought about through an outbreak or epidemic. Consequently, we model a zombie attack, using biological assumptions based on popular zombie movies. We introduce a basic model for zombie infection, determine equilibria and their stability, and illustrate the outcome with numerical solutions. We then refine the model to introduce a latent period of zombification, whereby humans are infected, but not infectious, before becoming undead. We then modify the model to include the effects of possible quarantine or a cure. Finally, we examine the impact of regular, impulsive reductions in the number of zombies and derive conditions under which eradication can occur. We show that only quick, aggressive attacks can stave off the doomsday scenario: the collapse of society as zombies overtake us all.</p>
          </div>
        </div>
        <div class="dc:publisher">
          <p>This model is hosted on        <a href="http://www.ebi.ac.uk/biomodels/">BioModels Database</a>
            and identified by:        <a href="http://identifiers.org/biomodels.db/MODEL1008060001">MODEL1008060001</a>
            .        </p>
        <p>To cite BioModels Database, please use:        <a href="http://identifiers.org/pubmed/20587024" title="Latest BioModels Database publication">BioModels Database: An enhanced, curated and annotated resource for published quantitative kinetic models</a>
            .        </p>
    </div>
    <div class="dc:license">
      <p>To the extent possible under law, all copyright and related or neighbouring rights to this encoded model have been dedicated to the public domain worldwide. Please refer to        <a href="http://creativecommons.org/publicdomain/zero/1.0/" title="Access to: CC0 1.0 Universal (CC0 1.0), Public Domain Dedication">CC0 Public Domain Dedication</a>
            for more information.        </p>
  </div>
</body>
</notes><annotation>
  <rdf:RDF xmlns:rdf="http://www.w3.org/1999/02/22-rdf-syntax-ns#" xmlns:dc="http://purl.org/dc/elements/1.1/" xmlns:dcterms="http://purl.org/dc/terms/" xmlns:vCard="http://www.w3.org/2001/vcard-rdf/3.0#" xmlns:bqbiol="http://biomodels.net/biology-qualifiers/" xmlns:bqmodel="http://biomodels.net/model-qualifiers/">
    <rdf:Description rdf:about="#_529073">
      <bqmodel:is>
        <rdf:Bag>
          <rdf:li rdf:resource="http://identifiers.org/biomodels.db/MODEL1008060001"/>
        </rdf:Bag>
      </bqmodel:is>
      <bqmodel:isDescribedBy>
        <rdf:Bag>
          <rdf:li rdf:resource="http://identifiers.org/isbn/ISBN:1607413477"/>
        </rdf:Bag>
      </bqmodel:isDescribedBy>
      <bqbiol:isVersionOf>
        <rdf:Bag>
          <rdf:li rdf:resource="http://identifiers.org/doid/DOID:0050117"/>
          <rdf:li rdf:resource="http://identifiers.org/go/GO:0016032"/>
        </rdf:Bag>
      </bqbiol:isVersionOf>
      <bqbiol:hasTaxon>
        <rdf:Bag>
          <rdf:li rdf:resource="http://identifiers.org/taxonomy/9606"/>
        </rdf:Bag>
      </bqbiol:hasTaxon>
    </rdf:Description>
  </rdf:RDF>
</annotation><listOfUnitDefinitions>
  <unitDefinition metaid="metaid_0000071" id="substance" name="individuals(thousands)">
    <listOfUnits>
      <unit metaid="_858340" kind="item" scale="3"/>
    </listOfUnits>
  </unitDefinition>
  <unitDefinition metaid="metaid_0000072" id="time" name="days">
    <listOfUnits>
      <unit metaid="_858352" kind="second" multiplier="86400"/>
    </listOfUnits>
  </unitDefinition>
  <unitDefinition metaid="metaid_0000073" id="perday" name="per day">
    <listOfUnits>
      <unit metaid="_858364" kind="second" exponent="-1" multiplier="86400"/>
    </listOfUnits>
  </unitDefinition>
  <unitDefinition metaid="metaid_0000074" id="perdayperind" name="per day per thousand individuals">
    <listOfUnits>
      <unit metaid="_858376" kind="second" exponent="-1" multiplier="86400"/>
      <unit metaid="_858388" kind="item" exponent="-1" scale="3"/>
    </listOfUnits>
  </unitDefinition>
  <unitDefinition metaid="metaid_0000075" id="indperday" name="thousand individuals per day">
    <listOfUnits>
      <unit metaid="_858400" kind="second" exponent="-1" multiplier="86400"/>
      <unit metaid="_858412" kind="item" scale="3"/>
    </listOfUnits>
  </unitDefinition>
</listOfUnitDefinitions><listOfCompartments>
  <compartment metaid="_529074" id="env" name="environment" size="1"/>
</listOfCompartments><listOfSpecies>
  <species metaid="_529075" id="S" name="Susceptible" compartment="env" hasOnlySubstanceUnits="true"/>
  <species metaid="_529076" id="I" name="Infected" compartment="env" initialConcentration="0" hasOnlySubstanceUnits="true"/>
  <species metaid="_529077" id="Z" name="Zombie" compartment="env" initialConcentration="1" hasOnlySubstanceUnits="true"/>
  <species metaid="_529080" id="R" name="Removed" compartment="env" initialConcentration="0" hasOnlySubstanceUnits="true"/>
</listOfSpecies><listOfParameters>
  <parameter metaid="_529105" id="N" name="starting Population" value="500" units="substance"/>
  <parameter metaid="_529108" id="p" units="indperday" constant="false"/>
  <parameter metaid="_529109" id="delta" value="0.0001" units="perday">
    <notes>
      <p xmlns="http://www.w3.org/1999/xhtml">
        background death rate</p>
    </notes>
  </parameter>
  <parameter metaid="_529110" id="beta" value="0.0095" units="perdayperind">
    <notes>
      <p xmlns="http://www.w3.org/1999/xhtml">
        rate of zombie bites</p>
    </notes>
  </parameter>
  <parameter metaid="_529113" id="rho" value="0.05" units="perday">
    <notes>
      <p xmlns="http://www.w3.org/1999/xhtml">
        rate of zombification</p>
    </notes>
  </parameter>
  <parameter metaid="_529114" id="zeta" value="0.0001" units="perday">
    <notes>
      <p xmlns="http://www.w3.org/1999/xhtml">
        rate of undead resurrection</p>
    </notes>
  </parameter>
  <parameter metaid="_529115" id="alpha" value="0.005" units="perdayperind">
    <notes>
      <p xmlns="http://www.w3.org/1999/xhtml">
        rate of zombie destruction</p>
    </notes>
  </parameter>
  <parameter metaid="_529118" id="c" value="0.5" units="perday">
    <notes>
      <p xmlns="http://www.w3.org/1999/xhtml">
        cure rate of infected</p>
    </notes>
  </parameter>
</listOfParameters><listOfInitialAssignments>
  <initialAssignment metaid="_858424" symbol="S">
    <math xmlns="http://www.w3.org/1998/Math/MathML">
      <ci> N </ci>
    </math>
  </initialAssignment>
</listOfInitialAssignments><listOfRules>
  <assignmentRule metaid="_529103" variable="p">
    <math xmlns="http://www.w3.org/1998/Math/MathML">
      <apply>
        <times/>
        <ci> S </ci>
        <ci> delta </ci>
      </apply>
    </math>
  </assignmentRule>
</listOfRules><listOfReactions>
  <reaction metaid="_529082" id="birth" reversible="false">
    <listOfProducts>
      <speciesReference metaid="_858436" species="S"/>
    </listOfProducts>
    <kineticLaw metaid="_858448">
      <math xmlns="http://www.w3.org/1998/Math/MathML">
        <ci> p </ci>
      </math>
    </kineticLaw>
  </reaction>
  <reaction metaid="_529085" id="death_healthy" reversible="false">
    <listOfReactants>
      <speciesReference metaid="_858460" species="S"/>
    </listOfReactants>
    <listOfProducts>
      <speciesReference metaid="_858472" species="R"/>
    </listOfProducts>
    <kineticLaw metaid="_858484">
      <math xmlns="http://www.w3.org/1998/Math/MathML">
        <apply>
          <times/>
          <ci> delta </ci>
          <ci> S </ci>
        </apply>
      </math>
    </kineticLaw>
  </reaction>
  <reaction metaid="_529086" id="infection" reversible="false">
    <listOfReactants>
      <speciesReference metaid="_858496" species="S"/>
    </listOfReactants>
    <listOfProducts>
      <speciesReference metaid="_858508" species="I"/>
    </listOfProducts>
    <listOfModifiers>
      <modifierSpeciesReference metaid="_858520" species="Z"/>
    </listOfModifiers>
    <kineticLaw metaid="_858532">
      <math xmlns="http://www.w3.org/1998/Math/MathML">
        <apply>
          <times/>
          <ci> beta </ci>
          <ci> S </ci>
          <ci> Z </ci>
        </apply>
      </math>
    </kineticLaw>
  </reaction>
  <reaction metaid="_529087" id="natural_death_infected" reversible="false">
    <listOfReactants>
      <speciesReference metaid="_858544" species="I"/>
    </listOfReactants>
    <listOfProducts>
      <speciesReference metaid="_858556" species="R"/>
    </listOfProducts>
    <kineticLaw metaid="_858569">
      <math xmlns="http://www.w3.org/1998/Math/MathML">
        <apply>
          <times/>
          <ci> delta </ci>
          <ci> I </ci>
        </apply>
      </math>
    </kineticLaw>
  </reaction>
  <reaction metaid="_529090" id="zombification_infected" reversible="false">
    <listOfReactants>
      <speciesReference metaid="_858581" species="I"/>
    </listOfReactants>
    <listOfProducts>
      <speciesReference metaid="_858593" species="Z"/>
    </listOfProducts>
    <kineticLaw metaid="_858605">
      <math xmlns="http://www.w3.org/1998/Math/MathML">
        <apply>
          <times/>
          <ci> rho </ci>
          <ci> I </ci>
        </apply>
      </math>
    </kineticLaw>
  </reaction>
  <reaction metaid="_529091" id="cure" reversible="false">
    <listOfReactants>
      <speciesReference metaid="_858617" species="Z"/>
    </listOfReactants>
    <listOfProducts>
      <speciesReference metaid="_858629" species="S"/>
    </listOfProducts>
    <kineticLaw metaid="_858641">
      <math xmlns="http://www.w3.org/1998/Math/MathML">
        <apply>
          <times/>
          <ci> c </ci>
          <ci> Z </ci>
        </apply>
      </math>
    </kineticLaw>
  </reaction>
  <reaction metaid="_529092" id="resurrection" reversible="false">
    <listOfReactants>
      <speciesReference metaid="_858653" species="R"/>
    </listOfReactants>
    <listOfProducts>
      <speciesReference metaid="_858665" species="Z"/>
    </listOfProducts>
    <kineticLaw metaid="_858677">
      <math xmlns="http://www.w3.org/1998/Math/MathML">
        <apply>
          <times/>
          <ci> zeta </ci>
          <ci> R </ci>
        </apply>
      </math>
    </kineticLaw>
  </reaction>
  <reaction metaid="_529095" id="destruction" reversible="false">
    <listOfReactants>
      <speciesReference metaid="_858689" species="Z"/>
    </listOfReactants>
    <listOfProducts>
      <speciesReference metaid="_858701" species="R"/>
    </listOfProducts>
    <listOfModifiers>
      <modifierSpeciesReference metaid="_858713" species="S"/>
    </listOfModifiers>
    <kineticLaw metaid="_858726">
      <math xmlns="http://www.w3.org/1998/Math/MathML">
        <apply>
          <times/>
          <ci> alpha </ci>
          <ci> S </ci>
          <ci> Z </ci>
        </apply>
      </math>
    </kineticLaw>
  </reaction>
</listOfReactions>
</model>
</sbml>
