<?xml version='1.0' encoding='UTF-8' standalone='no'?>
<sbml xmlns="http://www.sbml.org/sbml/level2/version4" level="2" metaid="metaid_0000001" version="4">
  <model id="Markevich2004_MAPK_orderedMM2kinases" metaid="metaid_0000002" name="Markevich2004_MAPK_orderedMM2kinases">
    <notes>
      <body xmlns="http://www.w3.org/1999/xhtml">
        <p>The model describes the double phosphorylation of MAP kinase by an ordered mechanism using the Michaelis-Menten formalism. Two different enzymes, MAPKK1 and MAPKK2, successively phosphorylate the MAP kinase, but one and the same phosphatase dephosphorylates both sites.      <br/>
          The model reproduces      <a href="http://jcb.rupress.org/content/suppl/2004/01/26/jcb.200308060.DC1/9.html">figure S9</a>
          in the supplemental material of the article.      </p>
            <p>The model is further described in:      <br/>
                <strong>Signaling switches and bistability arising from multisite phosphorylation in protein kinase cascades.</strong>
          Markevich NI, Hoek JB, Kholodenko BN. J Cell Biol. 2004 Feb 2;164(3):353-9.      <br/>
          PMID:      <a href="http://www.ncbi.nlm.nih.gov/pubmed/14744999">14744999</a>
          ; DOI:      <a href="http://dx.doi.org/10.1083/jcb.200308060">10.1083/jcb.200308060</a>
                <br/>
          Abstract:      <br/>
          Mitogen-activated protein kinase (MAPK) cascades can operate as bistable switches residing in either of two different stable states. MAPK cascades are often embedded in positive feedback loops, which are considered to be a prerequisite for bistable behavior. Here we demonstrate that in the absence of any imposed feedback regulation, bistability and hysteresis can arise solely from a distributive kinetic mechanism of the two-site MAPK phosphorylation and dephosphorylation. Importantly, the reported kinetic properties of the kinase (MEK) and phosphatase (MKP3) of extracellular signal-regulated kinase (ERK) fulfill the essential requirements for generating a bistable switch at a single MAPK cascade level. Likewise, a cycle where multisite phosphorylations are performed by different kinases, but dephosphorylation reactions are catalyzed by the same phosphatase, can also exhibit bistability and hysteresis. Hence, bistability induced by multisite covalent modification may be a widespread mechanism of the control of protein activity.      </p>
            <p>This model originates from BioModels Database: A Database of Annotated Published Models (http://www.ebi.ac.uk/biomodels/). It is copyright (c) 2005-2010 The BioModels.net Team.      <br/>
          For more information see the      <a href="http://www.ebi.ac.uk/biomodels/legal.html" target="_blank">terms of use</a>
          .      <br/>
          To cite BioModels Database, please use:      <a href="http://www.ncbi.nlm.nih.gov/pubmed/20587024" target="_blank">Li C, Donizelli M, Rodriguez N, Dharuri H, Endler L, Chelliah V, Li L, He E, Henry A, Stefan MI, Snoep JL, Hucka M, Le Novère N, Laibe C (2010) BioModels Database: An enhanced, curated and annotated resource for published quantitative kinetic models. BMC Syst Biol., 4:92.</a>
                </p>
            </body>
      
    </notes>
    <annotation>
      <rdf:RDF xmlns:rdf="http://www.w3.org/1999/02/22-rdf-syntax-ns#" xmlns:bqmodel="http://biomodels.net/model-qualifiers/" xmlns:vCard="http://www.w3.org/2001/vcard-rdf/3.0#" xmlns:dc="http://purl.org/dc/elements/1.1/" xmlns:dcterms="http://purl.org/dc/terms/" xmlns:bqbiol="http://biomodels.net/biology-qualifiers/">
        <rdf:Description rdf:about="#metaid_0000002">
	<dc:creator>
	<rdf:Bag>
	<rdf:li rdf:parseType="Resource">
	<vCard:N rdf:parseType="Resource">
	<vCard:Family>Le Novère</vCard:Family>
	<vCard:Given>Nicolas</vCard:Given>
	</vCard:N>
	<vCard:EMAIL>lenov@ebi.ac.uk</vCard:EMAIL>
	<vCard:ORG rdf:parseType="Resource">
	<vCard:Orgname>EMBL-EBI</vCard:Orgname>
	</vCard:ORG>
	</rdf:li>
	</rdf:Bag>
	</dc:creator>
	<dcterms:created rdf:parseType="Resource">
	<dcterms:W3CDTF>2005-06-30T10:11:00Z</dcterms:W3CDTF>
	</dcterms:created>
	<dcterms:modified rdf:parseType="Resource">
	<dcterms:W3CDTF>2012-05-15T21:43:41Z</dcterms:W3CDTF>
	</dcterms:modified>
	<bqmodel:is>
	<rdf:Bag>
	<rdf:li rdf:resource="http://identifiers.org/biomodels.db/MODEL6618738800"/>
	</rdf:Bag>
	</bqmodel:is>
	<bqmodel:is>
	<rdf:Bag>
	<rdf:li rdf:resource="http://identifiers.org/biomodels.db/BIOMD0000000031"/>
	</rdf:Bag>
	</bqmodel:is>
	<bqmodel:isDescribedBy>
	<rdf:Bag>
	<rdf:li rdf:resource="http://identifiers.org/pubmed/14744999"/>
	</rdf:Bag>
	</bqmodel:isDescribedBy>
	<bqbiol:isVersionOf>
	<rdf:Bag>
	<rdf:li rdf:resource="http://identifiers.org/go/GO:0000165"/>
	</rdf:Bag>
	</bqbiol:isVersionOf>
	<bqbiol:hasTaxon>
	<rdf:Bag>
	<rdf:li rdf:resource="http://identifiers.org/taxonomy/8355"/>
	</rdf:Bag>
	</bqbiol:hasTaxon>
	</rdf:Description>
	
      </rdf:RDF>
    </annotation>
      <listOfUnitDefinitions>
      <unitDefinition id="substance" metaid="metaid_0000038" name="nanomole (default)">
        <listOfUnits>
          <unit kind="mole" metaid="_079389" scale="-9"/>
        </listOfUnits>
      </unitDefinition>
    </listOfUnitDefinitions>
    <listOfCompartments>
      <compartment id="uVol" metaid="metaid_0000028" size="1"/>
    </listOfCompartments>
    <listOfSpecies>
      <species compartment="uVol" id="M" initialAmount="500" metaid="metaid_0000029">
        <annotation>
          <rdf:RDF xmlns:rdf="http://www.w3.org/1999/02/22-rdf-syntax-ns#" xmlns:bqmodel="http://biomodels.net/model-qualifiers/" xmlns:bqbiol="http://biomodels.net/biology-qualifiers/">
            <rdf:Description rdf:about="#metaid_0000029">
	<bqbiol:isVersionOf>
	<rdf:Bag>
	<rdf:li rdf:resource="http://identifiers.org/uniprot/P26696"/>
	</rdf:Bag>
	</bqbiol:isVersionOf>
	</rdf:Description>
	
          </rdf:RDF>
        </annotation>
            </species>
      <species compartment="uVol" id="Mp" initialAmount="0" metaid="metaid_0000030">
        <annotation>
          <rdf:RDF xmlns:rdf="http://www.w3.org/1999/02/22-rdf-syntax-ns#" xmlns:bqmodel="http://biomodels.net/model-qualifiers/" xmlns:bqbiol="http://biomodels.net/biology-qualifiers/">
            <rdf:Description rdf:about="#metaid_0000030">
	<bqbiol:isVersionOf>
	<rdf:Bag>
	<rdf:li rdf:resource="http://identifiers.org/uniprot/P26696"/>
	</rdf:Bag>
	</bqbiol:isVersionOf>
	</rdf:Description>
	
          </rdf:RDF>
        </annotation>
            </species>
      <species compartment="uVol" id="Mpp" initialAmount="0" metaid="metaid_0000031">
        <annotation>
          <rdf:RDF xmlns:rdf="http://www.w3.org/1999/02/22-rdf-syntax-ns#" xmlns:bqmodel="http://biomodels.net/model-qualifiers/" xmlns:bqbiol="http://biomodels.net/biology-qualifiers/">
            <rdf:Description rdf:about="#metaid_0000031">
	<bqbiol:isVersionOf>
	<rdf:Bag>
	<rdf:li rdf:resource="http://identifiers.org/uniprot/P26696"/>
	</rdf:Bag>
	</bqbiol:isVersionOf>
	</rdf:Description>
	
          </rdf:RDF>
        </annotation>
            </species>
      <species compartment="uVol" constant="true" id="MAPKK1" initialAmount="100" metaid="metaid_0000032" name="MAPKK1">
        <annotation>
          <rdf:RDF xmlns:rdf="http://www.w3.org/1999/02/22-rdf-syntax-ns#" xmlns:bqmodel="http://biomodels.net/model-qualifiers/" xmlns:bqbiol="http://biomodels.net/biology-qualifiers/">
            <rdf:Description rdf:about="#metaid_0000032">
	<bqbiol:is>
	<rdf:Bag>
	<rdf:li rdf:resource="http://identifiers.org/uniprot/Q05116"/>
	</rdf:Bag>
	</bqbiol:is>
	</rdf:Description>
	
          </rdf:RDF>
        </annotation>
            </species>
      <species compartment="uVol" constant="true" id="MAPKK2" initialAmount="1" metaid="metaid_0000132" name="MAPKK2">
        <annotation>
          <rdf:RDF xmlns:rdf="http://www.w3.org/1999/02/22-rdf-syntax-ns#" xmlns:bqmodel="http://biomodels.net/model-qualifiers/" xmlns:bqbiol="http://biomodels.net/biology-qualifiers/">
            <rdf:Description rdf:about="#metaid_0000132">
	<bqbiol:is>
	<rdf:Bag>
	<rdf:li rdf:resource="http://identifiers.org/uniprot/Q05116"/>
	</rdf:Bag>
	</bqbiol:is>
	</rdf:Description>
	
          </rdf:RDF>
        </annotation>
            </species>
      <species compartment="uVol" constant="true" id="MKP3" initialAmount="100" metaid="metaid_0000033">
        <annotation>
          <rdf:RDF xmlns:rdf="http://www.w3.org/1999/02/22-rdf-syntax-ns#" xmlns:bqmodel="http://biomodels.net/model-qualifiers/" xmlns:bqbiol="http://biomodels.net/biology-qualifiers/">
            <rdf:Description rdf:about="#metaid_0000033">
	<bqbiol:is>
	<rdf:Bag>
	<rdf:li rdf:resource="http://identifiers.org/uniprot/Q90W58"/>
	</rdf:Bag>
	</bqbiol:is>
	</rdf:Description>
	
          </rdf:RDF>
        </annotation>
            </species>
    </listOfSpecies>
    <listOfParameters>
      <parameter id="k1cat" metaid="metaid_0000019" value="0.01"/>
      <parameter id="Km1" metaid="metaid_0000020" value="50"/>
      <parameter id="k2cat" metaid="metaid_0000021" value="15"/>
      <parameter id="Km2" metaid="metaid_0000022" value="500"/>
      <parameter id="k3cat" metaid="metaid_0000023" value="0.084"/>
      <parameter id="Km3" metaid="metaid_0000024" value="5"/>
      <parameter id="k4cat" metaid="metaid_0000025" value="0.06"/>
      <parameter id="Km4" metaid="metaid_0000026" value="18"/>
      <parameter id="Km5" metaid="metaid_0000027" value="78"/>
    </listOfParameters>
    <listOfReactions>
      <reaction id="v1" metaid="metaid_0000043" name="phosphorylation of MAPK" reversible="false">
        <annotation>
          <rdf:RDF xmlns:rdf="http://www.w3.org/1999/02/22-rdf-syntax-ns#" xmlns:bqmodel="http://biomodels.net/model-qualifiers/" xmlns:bqbiol="http://biomodels.net/biology-qualifiers/">
            <rdf:Description rdf:about="#metaid_0000043">
              <bqbiol:isHomologTo>
	<rdf:Bag>
	<rdf:li rdf:resource="http://identifiers.org/reactome/REACT_136"/>
	<rdf:li rdf:resource="http://identifiers.org/reactome/REACT_2247"/>
	</rdf:Bag>
	</bqbiol:isHomologTo>
	
	<bqbiol:isVersionOf>
	<rdf:Bag>
	<rdf:li rdf:resource="http://identifiers.org/ec-code/2.7.12.2"/>
	<rdf:li rdf:resource="http://identifiers.org/go/GO:0006468"/>
	<rdf:li rdf:resource="http://identifiers.org/go/GO:0004708"/>
	</rdf:Bag>
	</bqbiol:isVersionOf>
	</rdf:Description>
	
          </rdf:RDF>
        </annotation>
              <listOfReactants>
          <speciesReference metaid="_079401" species="M"/>
        </listOfReactants>
        <listOfProducts>
          <speciesReference metaid="_079413" species="Mp"/>
        </listOfProducts>
        <listOfModifiers>
          <modifierSpeciesReference metaid="_079425" species="MAPKK1"/>
        </listOfModifiers>
        <kineticLaw metaid="_079437">
          <math xmlns="http://www.w3.org/1998/Math/MathML">          
            <apply>
              <times/>
              <ci> uVol </ci>
              <apply>
                <divide/>
                <apply>
                  <divide/>
                  <apply>
                    <times/>
                    <ci> k1cat </ci>
                    <ci> MAPKK1 </ci>
                    <ci> M </ci>
                  </apply>
                  <ci> Km1 </ci>
                </apply>
                <apply>
                  <plus/>
                  <cn type="integer"> 1 </cn>
                  <apply>
                    <divide/>
                    <ci> M </ci>
                    <ci> Km1 </ci>
                  </apply>
                </apply>
              </apply>
            </apply>
          </math>
                </kineticLaw>
      </reaction>
      <reaction id="v2" metaid="metaid_0000044" name="phosphorylation of P-MAPK" reversible="false">
        <annotation>
          <rdf:RDF xmlns:rdf="http://www.w3.org/1999/02/22-rdf-syntax-ns#" xmlns:bqmodel="http://biomodels.net/model-qualifiers/" xmlns:bqbiol="http://biomodels.net/biology-qualifiers/">
            <rdf:Description rdf:about="#metaid_0000044">
              <bqbiol:isHomologTo>
	<rdf:Bag>
	<rdf:li rdf:resource="http://identifiers.org/reactome/REACT_136"/>
	<rdf:li rdf:resource="http://identifiers.org/reactome/REACT_2247"/>
	</rdf:Bag>
	</bqbiol:isHomologTo>
	
	<bqbiol:isVersionOf>
	<rdf:Bag>
	<rdf:li rdf:resource="http://identifiers.org/ec-code/2.7.12.2"/>
	<rdf:li rdf:resource="http://identifiers.org/go/GO:0004708"/>
	<rdf:li rdf:resource="http://identifiers.org/go/GO:0000187"/>
	</rdf:Bag>
	</bqbiol:isVersionOf>
	</rdf:Description>
	
          </rdf:RDF>
        </annotation>
              <listOfReactants>
          <speciesReference metaid="_079449" species="Mp"/>
        </listOfReactants>
        <listOfProducts>
          <speciesReference metaid="_079461" species="Mpp"/>
        </listOfProducts>
        <listOfModifiers>
          <modifierSpeciesReference metaid="_079473" species="MAPKK2"/>
          <modifierSpeciesReference metaid="_079485" species="M"/>
        </listOfModifiers>
        <kineticLaw metaid="_079497">
          <math xmlns="http://www.w3.org/1998/Math/MathML">          
            <apply>
              <times/>
              <ci> uVol </ci>
              <apply>
                <divide/>
                <apply>
                  <divide/>
                  <apply>
                    <times/>
                    <ci> k2cat </ci>
                    <ci> MAPKK2 </ci>
                    <ci> Mp </ci>
                  </apply>
                  <ci> Km2 </ci>
                </apply>
                <apply>
                  <plus/>
                  <cn type="integer"> 1 </cn>
                  <apply>
                    <divide/>
                    <ci> Mp </ci>
                    <ci> Km2 </ci>
                  </apply>
                </apply>
              </apply>
            </apply>
          </math>
                </kineticLaw>
      </reaction>
      <reaction id="v3" metaid="metaid_0000045" name="dephosphorylation of PP-MAPK" reversible="false">
        <annotation>
          <rdf:RDF xmlns:rdf="http://www.w3.org/1999/02/22-rdf-syntax-ns#" xmlns:bqmodel="http://biomodels.net/model-qualifiers/" xmlns:bqbiol="http://biomodels.net/biology-qualifiers/">
            <rdf:Description rdf:about="#metaid_0000045">
	<bqbiol:isVersionOf>
	<rdf:Bag>
	<rdf:li rdf:resource="http://identifiers.org/ec-code/3.1.3.16"/>
	<rdf:li rdf:resource="http://identifiers.org/go/GO:0000188"/>
	<rdf:li rdf:resource="http://identifiers.org/go/GO:0006470"/>
	</rdf:Bag>
	</bqbiol:isVersionOf>
	</rdf:Description>
	
          </rdf:RDF>
        </annotation>
              <listOfReactants>
          <speciesReference metaid="_079509" species="Mpp"/>
        </listOfReactants>
        <listOfProducts>
          <speciesReference metaid="_079521" species="Mp"/>
        </listOfProducts>
        <listOfModifiers>
          <modifierSpeciesReference metaid="_079533" species="MKP3"/>
          <modifierSpeciesReference metaid="_079546" species="M"/>
        </listOfModifiers>
        <kineticLaw metaid="_079558">
          <math xmlns="http://www.w3.org/1998/Math/MathML">          
            <apply>
              <times/>
              <ci> uVol </ci>
              <apply>
                <divide/>
                <apply>
                  <divide/>
                  <apply>
                    <times/>
                    <ci> k3cat </ci>
                    <ci> MKP3 </ci>
                    <ci> Mpp </ci>
                  </apply>
                  <ci> Km3 </ci>
                </apply>
                <apply>
                  <plus/>
                  <cn type="integer"> 1 </cn>
                  <apply>
                    <divide/>
                    <ci> Mpp </ci>
                    <ci> Km3 </ci>
                  </apply>
                  <apply>
                    <divide/>
                    <ci> Mp </ci>
                    <ci> Km4 </ci>
                  </apply>
                  <apply>
                    <divide/>
                    <ci> M </ci>
                    <ci> Km5 </ci>
                  </apply>
                </apply>
              </apply>
            </apply>
          </math>
                </kineticLaw>
      </reaction>
      <reaction id="v4" metaid="metaid_0000046" name="dephosphorylation of P-MAPK" reversible="false">
        <annotation>
          <rdf:RDF xmlns:rdf="http://www.w3.org/1999/02/22-rdf-syntax-ns#" xmlns:bqmodel="http://biomodels.net/model-qualifiers/" xmlns:bqbiol="http://biomodels.net/biology-qualifiers/">
            <rdf:Description rdf:about="#metaid_0000046">
	<bqbiol:isVersionOf>
	<rdf:Bag>
	<rdf:li rdf:resource="http://identifiers.org/ec-code/3.1.3.16"/>
	<rdf:li rdf:resource="http://identifiers.org/go/GO:0006470"/>
	</rdf:Bag>
	</bqbiol:isVersionOf>
	</rdf:Description>
	
          </rdf:RDF>
        </annotation>
              <listOfReactants>
          <speciesReference metaid="_079570" species="Mp"/>
        </listOfReactants>
        <listOfProducts>
          <speciesReference metaid="_079582" species="M"/>
        </listOfProducts>
        <listOfModifiers>
          <modifierSpeciesReference metaid="_079594" species="MKP3"/>
          <modifierSpeciesReference metaid="_079606" species="Mpp"/>
        </listOfModifiers>
        <kineticLaw metaid="_079618">
          <math xmlns="http://www.w3.org/1998/Math/MathML">          
            <apply>
              <times/>
              <ci> uVol </ci>
              <apply>
                <divide/>
                <apply>
                  <divide/>
                  <apply>
                    <times/>
                    <ci> k4cat </ci>
                    <ci> MKP3 </ci>
                    <ci> Mp </ci>
                  </apply>
                  <ci> Km4 </ci>
                </apply>
                <apply>
                  <plus/>
                  <cn type="integer"> 1 </cn>
                  <apply>
                    <divide/>
                    <ci> Mpp </ci>
                    <ci> Km3 </ci>
                  </apply>
                  <apply>
                    <divide/>
                    <ci> Mp </ci>
                    <ci> Km4 </ci>
                  </apply>
                  <apply>
                    <divide/>
                    <ci> M </ci>
                    <ci> Km5 </ci>
                  </apply>
                </apply>
              </apply>
            </apply>
          </math>
                </kineticLaw>
      </reaction>
    </listOfReactions>
  </model>
</sbml>