<?xml version='1.0' encoding='UTF-8' standalone='no'?>
<sbml xmlns="http://www.sbml.org/sbml/level2/version3" level="2" metaid="_044853" version="3" xmlns:bqbiol="http://biomodels.net/biology-qualifiers/" xmlns:bqmodel="http://biomodels.net/model-qualifiers/">
  <model id="hofmeyer" metaid="metaid_hofmeyer" name="Hofmeyer1986_SeqFb_Proc_AA_Synthesis">
    <notes>
      <body xmlns="http://www.w3.org/1999/xhtml">
        <p>This model is the reaction sequence SEQFB, a model pathway of a branched system with sequential feedback interactions found in bacterial amino acid synthesis. Its steady state is presented in Fig 4.</p>
            <p>The model is described in:      <br/>
                <b>METAMOD: software for steady-state modelling and control analysis of metabolic pathways on the BBC microcomputer.</b>
                <br/>
          JHS Hofmeyr and KJ van der Merwe,      <em>Comput Appl Biosci</em>
          1986 2:243-9; PubmedID:      <a href="http://www.ncbi.nlm.nih.gov/pubmed/3450367">3450367</a>
                <br/>
          Abstract:      <br/>
          METAMOD, a BBC microcomputer-based software package for steady-state modelling and control analysis of model metabolic pathways, is described, The package consists of two programs. METADEF allows the user to define the pathway in terms of reactions, rate equations and initial concentrations of metabolites. METACAL uses one of two algorithms to calculate the steady-state concentrations and fluxes. One algorithm uses the current ratio of production and consumption rates of variable metabolites to adjust iteratively their concentrations in such a way that they converge towards the steady state. The other algorithm solves the roots of the system equations by means of a quasi-Newtonian procedure. Control analysis allows the calculation of elasticity, control and response coefficients, by means of finite difference approximation. METAMOD is interactive and easy to use, and suitable for teaching and research purposes.      </p>
            <br/>
            <p>To the extent possible under law, all copyright and related or neighbouring rights to this encoded model have been dedicated to the public domain worldwide. Please refer to      <a href="http://creativecommons.org/publicdomain/zero/1.0/" title="Creative Commons CC0">CC0 Public Domain Dedication</a>
          for more information.      </p>
            <p>In summary, you are entitled to use this encoded model in absolutely any manner you deem suitable, verbatim, or with modification, alone or embedded it in a larger context, redistribute it, commercially or not, in a restricted way or not.</p>
            <br/>
            <p>To cite BioModels Database, please use:      <a href="http://www.ncbi.nlm.nih.gov/pubmed/20587024">Li C, Donizelli M, Rodriguez N, Dharuri H, Endler L, Chelliah V, Li L, He E, Henry A, Stefan MI, Snoep JL, Hucka M, Le Novere N, Laibe C (2010) BioModels Database: An enhanced, curated and annotated resource for published quantitative kinetic models. BMC Syst Biol., 4:92.</a>
                </p>
            </body>
      
    </notes>
    <annotation>
      <rdf:RDF xmlns:rdf="http://www.w3.org/1999/02/22-rdf-syntax-ns#" xmlns:bqmodel="http://biomodels.net/model-qualifiers/" xmlns:vCard="http://www.w3.org/2001/vcard-rdf/3.0#" xmlns:dc="http://purl.org/dc/elements/1.1/" xmlns:dcterms="http://purl.org/dc/terms/" xmlns:bqbiol="http://biomodels.net/biology-qualifiers/">
        <rdf:Description rdf:about="#metaid_hofmeyer">
	<dc:creator>
	<rdf:Bag>
	<rdf:li rdf:parseType="Resource">
	<vCard:N rdf:parseType="Resource">
	<vCard:Family>Endler</vCard:Family>
	<vCard:Given>Lukas</vCard:Given>
	</vCard:N>
	<vCard:EMAIL>lukas@ebi.ac.uk</vCard:EMAIL>
	<vCard:ORG rdf:parseType="Resource">
	<vCard:Orgname>EMBL-EBI</vCard:Orgname>
	</vCard:ORG>
	</rdf:li>
	<rdf:li rdf:parseType="Resource">
	<vCard:N rdf:parseType="Resource">
	<vCard:Family>Smallbone</vCard:Family>
	<vCard:Given>Kieran</vCard:Given>
	</vCard:N>
	<vCard:EMAIL>kieran.smallbone@manchester.ac.uk</vCard:EMAIL>
	<vCard:ORG rdf:parseType="Resource">
	<vCard:Orgname>University of Manchester</vCard:Orgname>
	</vCard:ORG>
	</rdf:li>
	</rdf:Bag>
	</dc:creator>
	<dcterms:created rdf:parseType="Resource">
	<dcterms:W3CDTF>2010-10-10T10:10:10Z</dcterms:W3CDTF>
	</dcterms:created>
	<dcterms:modified rdf:parseType="Resource">
	<dcterms:W3CDTF>2012-07-05T14:47:32Z</dcterms:W3CDTF>
	</dcterms:modified>
	<bqmodel:is>
	<rdf:Bag>
	<rdf:li rdf:resource="http://identifiers.org/biomodels.db/MODEL1010190003"/>
	</rdf:Bag>
	</bqmodel:is>
	<bqmodel:is>
	<rdf:Bag>
	<rdf:li rdf:resource="http://identifiers.org/biomodels.db/BIOMD0000000284"/>
	</rdf:Bag>
	</bqmodel:is>
	<bqmodel:isDescribedBy>
	<rdf:Bag>
	<rdf:li rdf:resource="http://identifiers.org/pubmed/3450367"/>
	</rdf:Bag>
	</bqmodel:isDescribedBy>
	<bqbiol:isVersionOf>
	<rdf:Bag>
	<rdf:li rdf:resource="http://identifiers.org/go/GO:0008652"/>
	</rdf:Bag>
	</bqbiol:isVersionOf>
	<bqbiol:hasTaxon>
	<rdf:Bag>
	<rdf:li rdf:resource="http://identifiers.org/taxonomy/2"/>
	</rdf:Bag>
	</bqbiol:hasTaxon>
	</rdf:Description>
	
      </rdf:RDF>
    </annotation>
      <listOfUnitDefinitions>
      <unitDefinition id="substance" metaid="_044865">
        <listOfUnits>
          <unit kind="dimensionless" metaid="_044877"/>
        </listOfUnits>
      </unitDefinition>
      <unitDefinition id="time" metaid="_044889">
        <listOfUnits>
          <unit kind="dimensionless" metaid="_044901"/>
        </listOfUnits>
      </unitDefinition>
    </listOfUnitDefinitions>
    <listOfCompartments>
      <compartment id="cell" metaid="metaid_cell" name="cell" sboTerm="SBO:0000290" size="1">
        <annotation>
          <rdf:RDF xmlns:rdf="http://www.w3.org/1999/02/22-rdf-syntax-ns#" xmlns:bqmodel="http://biomodels.net/model-qualifiers/" xmlns:bqbiol="http://biomodels.net/biology-qualifiers/">
            <rdf:Description rdf:about="#metaid_cell">
	<bqbiol:is>
	<rdf:Bag>
	<rdf:li rdf:resource="http://identifiers.org/go/GO:0005623"/>
	</rdf:Bag>
	</bqbiol:is>
	</rdf:Description>
	
          </rdf:RDF>
        </annotation>
            </compartment>
    </listOfCompartments>
    <listOfSpecies>
      <species compartment="cell" id="A" initialConcentration="0" metaid="_413697" name="A" sboTerm="SBO:0000247"/>
      <species compartment="cell" id="B" initialConcentration="0" metaid="_413699" name="B" sboTerm="SBO:0000247"/>
      <species compartment="cell" id="C" initialConcentration="0" metaid="_413700" name="C" sboTerm="SBO:0000247"/>
      <species compartment="cell" id="D" initialConcentration="0" metaid="_413702" name="D" sboTerm="SBO:0000247"/>
      <species compartment="cell" id="E" initialConcentration="0" metaid="_413703" name="E" sboTerm="SBO:0000247"/>
      <species compartment="cell" id="F" initialConcentration="0" metaid="_413705" name="F" sboTerm="SBO:0000247"/>
      <species boundaryCondition="true" compartment="cell" constant="true" id="X" initialConcentration="10" metaid="_413706" name="X" sboTerm="SBO:0000247"/>
      <species boundaryCondition="true" compartment="cell" constant="true" id="Y" initialConcentration="2" metaid="_413708" name="Y" sboTerm="SBO:0000247"/>
      <species boundaryCondition="true" compartment="cell" constant="true" id="Z" initialConcentration="1" metaid="_413709" name="Z" sboTerm="SBO:0000247"/>
    </listOfSpecies>
    <listOfReactions>
      <reaction id="R1" metaid="_413710" name="R1" sboTerm="SBO:0000176">
        <listOfReactants>
          <speciesReference metaid="_044913" species="X"/>
        </listOfReactants>
        <listOfProducts>
          <speciesReference metaid="_044925" species="A"/>
        </listOfProducts>
        <listOfModifiers>
          <modifierSpeciesReference metaid="_044937" sboTerm="SBO:0000206" species="B"/>
        </listOfModifiers>
        <kineticLaw metaid="_044949" sboTerm="SBO:0000430">
          <math xmlns="http://www.w3.org/1998/Math/MathML">          
            <apply>
              <times/>
              <ci> cell </ci>
              <apply>
                <divide/>
                <apply>
                  <minus/>
                  <apply>
                    <times/>
                    <cn type="integer"> 10 </cn>
                    <ci> X </ci>
                  </apply>
                  <ci> A </ci>
                </apply>
                <apply>
                  <plus/>
                  <cn type="integer"> 1 </cn>
                  <ci> X </ci>
                  <ci> A </ci>
                  <apply>
                    <power/>
                    <ci> B </ci>
                    <cn type="integer"> 2 </cn>
                  </apply>
                </apply>
              </apply>
            </apply>
          </math>
                </kineticLaw>
      </reaction>
      <reaction id="R2" metaid="_413712" name="R2" sboTerm="SBO:0000176">
        <listOfReactants>
          <speciesReference metaid="_044963" species="A"/>
        </listOfReactants>
        <listOfProducts>
          <speciesReference metaid="_044975" species="B"/>
        </listOfProducts>
        <kineticLaw metaid="_044987" sboTerm="SBO:0000326">
          <math xmlns="http://www.w3.org/1998/Math/MathML">          
            <apply>
              <times/>
              <ci> cell </ci>
              <apply>
                <divide/>
                <apply>
                  <minus/>
                  <apply>
                    <times/>
                    <cn type="integer"> 2 </cn>
                    <ci> A </ci>
                  </apply>
                  <ci> B </ci>
                </apply>
                <apply>
                  <plus/>
                  <cn type="integer"> 1 </cn>
                  <ci> A </ci>
                  <ci> B </ci>
                </apply>
              </apply>
            </apply>
          </math>
                </kineticLaw>
      </reaction>
      <reaction id="R3" metaid="_413713" name="R3" sboTerm="SBO:0000176">
        <listOfReactants>
          <speciesReference metaid="_044999" species="B"/>
        </listOfReactants>
        <listOfProducts>
          <speciesReference metaid="_045011" species="C"/>
        </listOfProducts>
        <listOfModifiers>
          <modifierSpeciesReference metaid="_045024" sboTerm="SBO:0000206" species="D"/>
        </listOfModifiers>
        <kineticLaw metaid="_045036" sboTerm="SBO:0000430">
          <math xmlns="http://www.w3.org/1998/Math/MathML">          
            <apply>
              <times/>
              <ci> cell </ci>
              <apply>
                <divide/>
                <apply>
                  <minus/>
                  <ci> B </ci>
                  <ci> C </ci>
                </apply>
                <apply>
                  <plus/>
                  <cn type="integer"> 1 </cn>
                  <ci> B </ci>
                  <ci> C </ci>
                  <apply>
                    <power/>
                    <ci> D </ci>
                    <cn type="integer"> 2 </cn>
                  </apply>
                </apply>
              </apply>
            </apply>
          </math>
                </kineticLaw>
      </reaction>
      <reaction id="R4" metaid="_413715" name="R4" sboTerm="SBO:0000176">
        <listOfReactants>
          <speciesReference metaid="_045048" species="C"/>
        </listOfReactants>
        <listOfProducts>
          <speciesReference metaid="_045060" species="D"/>
        </listOfProducts>
        <kineticLaw metaid="_045072" sboTerm="SBO:0000326">
          <math xmlns="http://www.w3.org/1998/Math/MathML">          
            <apply>
              <times/>
              <ci> cell </ci>
              <apply>
                <divide/>
                <apply>
                  <minus/>
                  <apply>
                    <times/>
                    <cn type="integer"> 5 </cn>
                    <ci> C </ci>
                  </apply>
                  <ci> D </ci>
                </apply>
                <apply>
                  <plus/>
                  <cn type="integer"> 1 </cn>
                  <ci> C </ci>
                  <ci> D </ci>
                </apply>
              </apply>
            </apply>
          </math>
                </kineticLaw>
      </reaction>
      <reaction id="R5" metaid="_413716" name="R5" sboTerm="SBO:0000176">
        <listOfReactants>
          <speciesReference metaid="_045084" species="D"/>
        </listOfReactants>
        <listOfProducts>
          <speciesReference metaid="_045096" species="Y"/>
        </listOfProducts>
        <kineticLaw metaid="_045108" sboTerm="SBO:0000326">
          <math xmlns="http://www.w3.org/1998/Math/MathML">          
            <apply>
              <times/>
              <ci> cell </ci>
              <apply>
                <divide/>
                <apply>
                  <minus/>
                  <apply>
                    <times/>
                    <cn type="integer"> 10 </cn>
                    <ci> D </ci>
                  </apply>
                  <ci> Y </ci>
                </apply>
                <apply>
                  <plus/>
                  <cn type="integer"> 1 </cn>
                  <ci> D </ci>
                  <ci> Y </ci>
                </apply>
              </apply>
            </apply>
          </math>
                </kineticLaw>
      </reaction>
      <reaction id="R6" metaid="_413718" name="R6" sboTerm="SBO:0000176">
        <listOfReactants>
          <speciesReference metaid="_045120" species="B"/>
        </listOfReactants>
        <listOfProducts>
          <speciesReference metaid="_045132" species="E"/>
        </listOfProducts>
        <listOfModifiers>
          <modifierSpeciesReference metaid="_045144" sboTerm="SBO:0000206" species="F"/>
        </listOfModifiers>
        <kineticLaw metaid="_045156" sboTerm="SBO:0000430">
          <math xmlns="http://www.w3.org/1998/Math/MathML">          
            <apply>
              <times/>
              <ci> cell </ci>
              <apply>
                <divide/>
                <apply>
                  <minus/>
                  <ci> B </ci>
                  <ci> E </ci>
                </apply>
                <apply>
                  <plus/>
                  <cn type="integer"> 1 </cn>
                  <ci> B </ci>
                  <ci> E </ci>
                  <apply>
                    <power/>
                    <ci> F </ci>
                    <cn type="integer"> 2 </cn>
                  </apply>
                </apply>
              </apply>
            </apply>
          </math>
                </kineticLaw>
      </reaction>
      <reaction id="R7" metaid="_413719" name="R7" sboTerm="SBO:0000176">
        <listOfReactants>
          <speciesReference metaid="_045168" species="E"/>
        </listOfReactants>
        <listOfProducts>
          <speciesReference metaid="_045181" species="F"/>
        </listOfProducts>
        <kineticLaw metaid="_045193" sboTerm="SBO:0000326">
          <math xmlns="http://www.w3.org/1998/Math/MathML">          
            <apply>
              <times/>
              <ci> cell </ci>
              <apply>
                <divide/>
                <apply>
                  <minus/>
                  <apply>
                    <times/>
                    <cn type="integer"> 5 </cn>
                    <ci> E </ci>
                  </apply>
                  <ci> F </ci>
                </apply>
                <apply>
                  <plus/>
                  <cn type="integer"> 1 </cn>
                  <ci> E </ci>
                  <ci> F </ci>
                </apply>
              </apply>
            </apply>
          </math>
                </kineticLaw>
      </reaction>
      <reaction id="R8" metaid="_413721" name="R8" sboTerm="SBO:0000176">
        <listOfReactants>
          <speciesReference metaid="_045205" species="F"/>
        </listOfReactants>
        <listOfProducts>
          <speciesReference metaid="_045217" species="Z"/>
        </listOfProducts>
        <kineticLaw metaid="_045229" sboTerm="SBO:0000326">
          <math xmlns="http://www.w3.org/1998/Math/MathML">          
            <apply>
              <times/>
              <ci> cell </ci>
              <apply>
                <divide/>
                <apply>
                  <minus/>
                  <apply>
                    <times/>
                    <cn type="integer"> 10 </cn>
                    <ci> F </ci>
                  </apply>
                  <ci> Z </ci>
                </apply>
                <apply>
                  <plus/>
                  <cn type="integer"> 1 </cn>
                  <ci> F </ci>
                  <ci> Z </ci>
                </apply>
              </apply>
            </apply>
          </math>
                </kineticLaw>
      </reaction>
    </listOfReactions>
  </model>
</sbml>