<?xml version='1.0' encoding='UTF-8' standalone='no'?>
<sbml xmlns="http://www.sbml.org/sbml/level3/version1/core" layout:required="false" level="3" metaid="_79023611-8fdc-4f62-be30-159804740ce4" render:required="false" version="1" xmlns:layout="http://www.sbml.org/sbml/level3/version1/layout/version1" xmlns:render="http://www.sbml.org/sbml/level3/version1/render/version1">
  <model areaUnits="area" extentUnits="substance" id="BIOMD0000000641" lengthUnits="length" metaid="COPASI0" name="Jaiswal2017 - Cell cycle arrest" substanceUnits="substance" timeUnits="time" volumeUnits="volume">
    <notes>
      <body xmlns="http://www.w3.org/1999/xhtml">
        <div class="dc:title">Jaiswal2017 - Cell cycle arrest</div>
<div class="dc:bibliographicCitation">
  <p>This model is described in the article:</p>
  <div class="bibo:title">
    <a href="http://identifiers.org/pubmed/28607002" title="Access to this publication">ATM/Wip1 activities at
    chromatin control Plk1 re-activation to determine G2 checkpoint
    duration.</a>
  </div>
  <div class="bibo:authorList">Jaiswal H, Benada J, Müllers E,
  Akopyan K, Burdova K, Koolmeister T, Helleday T, Medema RH,
  Macurek L, Lindqvist A.</div>
  <div class="bibo:Journal">EMBO J. 2017 Jul; 36(14):
  2161-2176</div>
  <p>Abstract:</p>
  <div class="bibo:abstract">
    <p>After DNA damage, the cell cycle is arrested to avoid
    propagation of mutations. Arrest in G2 phase is initiated by
    ATM-/ATR-dependent signaling that inhibits mitosis-promoting
    kinases such as Plk1. At the same time, Plk1 can counteract
    ATR-dependent signaling and is required for eventual resumption
    of the cell cycle. However, what determines when Plk1 activity
    can resume remains unclear. Here, we use FRET-based reporters
    to show that a global spread of ATM activity on chromatin and
    phosphorylation of ATM targets including KAP1 control Plk1
    re-activation. These phosphorylations are rapidly counteracted
    by the chromatin-bound phosphatase Wip1, allowing cell cycle
    restart despite persistent ATM activity present at DNA lesions.
    Combining experimental data and mathematical modeling, we
    propose a model for how the minimal duration of cell cycle
    arrest is controlled. Our model shows how cell cycle restart
    can occur before completion of DNA repair and suggests a
    mechanism for checkpoint adaptation in human cells.</p>
  </div>
</div>
<div class="dc:publisher">
  <p>This model is hosted on 
  <a href="http://www.ebi.ac.uk/biomodels/">BioModels Database</a>
  and identified by: 
  <a href="http://identifiers.org/biomodels.db/BIOMD0000000641">BIOMD0000000641</a>.</p>
  <p>To cite BioModels Database, please use: 
  <a href="http://identifiers.org/pubmed/20587024" title="Latest BioModels Database publication">BioModels Database:
  An enhanced, curated and annotated resource for published
  quantitative kinetic models</a>.</p>
</div>
<div class="dc:license">
  <p>To the extent possible under law, all copyright and related or
  neighbouring rights to this encoded model have been dedicated to
  the public domain worldwide. Please refer to 
  <a href="http://creativecommons.org/publicdomain/zero/1.0/" title="Access to: CC0 1.0 Universal (CC0 1.0), Public Domain Dedication">CC0
  Public Domain Dedication</a> for more information.</p>
</div>
</body>
    </notes>
    <annotation>
  <rdf:RDF xmlns:rdf="http://www.w3.org/1999/02/22-rdf-syntax-ns#" xmlns:dc="http://purl.org/dc/elements/1.1/" xmlns:dcterms="http://purl.org/dc/terms/" xmlns:vCard="http://www.w3.org/2001/vcard-rdf/3.0#" xmlns:bqbiol="http://biomodels.net/biology-qualifiers/" xmlns:bqmodel="http://biomodels.net/model-qualifiers/">
        <rdf:Description rdf:about="#COPASI0">
	<dc:creator>
	<rdf:Bag>
	<rdf:li rdf:parseType="Resource">
	<vCard:N rdf:parseType="Resource">
	<vCard:Family>Akopyan</vCard:Family>
	<vCard:Given>Karen</vCard:Given>
	</vCard:N>
	<vCard:EMAIL>karan.akopyan@ki.se</vCard:EMAIL>
	<vCard:ORG rdf:parseType="Resource">
	<vCard:Orgname>Karolinska Institutet</vCard:Orgname>
	</vCard:ORG>
	</rdf:li>
	
	<rdf:li rdf:parseType="Resource">
	<vCard:N rdf:parseType="Resource">
	<vCard:Family>Lindqvist</vCard:Family>
	<vCard:Given>Arne</vCard:Given>
	</vCard:N>
	<vCard:EMAIL>arne.lindqvist@ki.se</vCard:EMAIL>
	<vCard:ORG rdf:parseType="Resource">
	<vCard:Orgname>Karolinska Institutet</vCard:Orgname>
	</vCard:ORG>
	</rdf:li>
	<rdf:li rdf:parseType="Resource">
	<vCard:N rdf:parseType="Resource">
	<vCard:Family>Sheriff</vCard:Family>
	<vCard:Given>Rahuman</vCard:Given>
	</vCard:N>
	<vCard:EMAIL>sheriff@ebi.ac.uk</vCard:EMAIL>
	<vCard:ORG rdf:parseType="Resource">
	<vCard:Orgname>EMBL-EBI</vCard:Orgname>
	</vCard:ORG>
	</rdf:li>
	</rdf:Bag>
	</dc:creator>
	<dcterms:created rdf:parseType="Resource">
	<dcterms:W3CDTF>2014-03-28T14:24:41Z</dcterms:W3CDTF>
	</dcterms:created>
	<dcterms:modified rdf:parseType="Resource">
	<dcterms:W3CDTF>2017-08-01T15:09:17Z</dcterms:W3CDTF>
	</dcterms:modified>
	<bqmodel:is>
	<rdf:Bag>
	<rdf:li rdf:resource="http://identifiers.org/biomodels.db/MODEL1704030000"/>
	</rdf:Bag>
	</bqmodel:is>
	<bqmodel:is>
	<rdf:Bag>
	<rdf:li rdf:resource="http://identifiers.org/biomodels.db/BIOMD0000000641"/>
	</rdf:Bag>
	</bqmodel:is>
	<bqmodel:isDescribedBy>
	<rdf:Bag>
	<rdf:li rdf:resource="http://identifiers.org/pubmed/28607002"/>
	</rdf:Bag>
	</bqmodel:isDescribedBy>
	<bqbiol:isVersionOf>
	<rdf:Bag>
	<rdf:li rdf:resource="http://identifiers.org/go/GO:0007095"/>
	<rdf:li rdf:resource="urn:miriam:pw:+PW%3A0001362"/>
	</rdf:Bag>
	</bqbiol:isVersionOf>
	<bqbiol:occursIn>
	<rdf:Bag>
	<rdf:li rdf:resource="http://identifiers.org/bto/BTO:0004910"/>
	</rdf:Bag>
	</bqbiol:occursIn>
	<bqbiol:hasProperty>
	<rdf:Bag>
	<rdf:li rdf:resource="urn:miriam:mamo:MAMO%3A0000046"/>
	</rdf:Bag>
	</bqbiol:hasProperty>
	<bqbiol:hasTaxon>
	<rdf:Bag>
	<rdf:li rdf:resource="http://identifiers.org/taxonomy/9606"/>
	</rdf:Bag>
	</bqbiol:hasTaxon>
	</rdf:Description>
	
	
	
	
  </rdf:RDF>
  <COPASI xmlns="http://www.copasi.org/static/sbml">
    <rdf:RDF xmlns:CopasiMT="http://www.copasi.org/RDF/MiriamTerms#" xmlns:dcterms="http://purl.org/dc/terms/" xmlns:rdf="http://www.w3.org/1999/02/22-rdf-syntax-ns#" xmlns:vCard="http://www.w3.org/2001/vcard-rdf/3.0#">
      <rdf:Description rdf:about="#COPASI0">
        <dcterms:created>
          <rdf:Description>
            <dcterms:W3CDTF>2014-03-28T14:24:41Z</dcterms:W3CDTF>
          </rdf:Description>
        </dcterms:created>
        <dcterms:creator>
          <rdf:Description>
            <vCard:EMAIL>sheriff@ebi.ac.uk</vCard:EMAIL>
            <vCard:N>
              <rdf:Description>
                <vCard:Family>Sheriff</vCard:Family>
                <vCard:Given>Rahuman</vCard:Given>
              </rdf:Description>
            </vCard:N>
            <vCard:ORG>
              <rdf:Description>
                <vCard:Orgname>EMBL-EBI</vCard:Orgname>
              </rdf:Description>
            </vCard:ORG>
          </rdf:Description>
        </dcterms:creator>
        <dcterms:creator>
          <rdf:Bag>
            <rdf:li>
              <rdf:Description>
                <vCard:EMAIL>arne.lindqvist@ki.se</vCard:EMAIL>
                <vCard:N>
                  <rdf:Description>
                    <vCard:Family>Lindqvist</vCard:Family>
                    <vCard:Given>Arne</vCard:Given>
                  </rdf:Description>
                </vCard:N>
                <vCard:ORG>
                  <rdf:Description>
                    <vCard:Orgname>Karolinska Institutet</vCard:Orgname>
                  </rdf:Description>
                </vCard:ORG>
              </rdf:Description>
            </rdf:li>
            <rdf:li>
              <rdf:Description>
                <vCard:EMAIL>karan.akopyan@ki.se</vCard:EMAIL>
                <vCard:N>
                  <rdf:Description>
                    <vCard:Family>Akopyan</vCard:Family>
                    <vCard:Given>Karen</vCard:Given>
                  </rdf:Description>
                </vCard:N>
                <vCard:ORG>
                  <rdf:Description>
                    <vCard:Orgname>Karolinska Institutet</vCard:Orgname>
                  </rdf:Description>
                </vCard:ORG>
              </rdf:Description>
            </rdf:li>
          </rdf:Bag>
        </dcterms:creator>
        <dcterms:modified>
          <rdf:Description>
            <dcterms:W3CDTF>2017-04-03T10:35:02Z</dcterms:W3CDTF>
          </rdf:Description>
        </dcterms:modified>
        <CopasiMT:is>
          <rdf:Bag>
            <rdf:li rdf:resource="http://identifiers.org/biomodels.db/MODEL1704030000"/>
          </rdf:Bag>
        </CopasiMT:is>
        <CopasiMT:isVersionOf rdf:resource="urn:miriam:go:GO:0007095"/>
        <CopasiMT:isVersionOf rdf:resource="urn:miriam:pw:PW:0001362"/>
        <CopasiMT:isVersionOf rdf:resource="urn:miriam:taxonomy:9606"/>
      </rdf:Description>
    </rdf:RDF>
  </COPASI>
</annotation>
      <listOfUnitDefinitions>
      <unitDefinition id="length" metaid="_8b1b3314-565c-410b-a56b-c94154b26e03" name="length">
        <listOfUnits>
          <unit exponent="1" kind="metre" metaid="ce2fd68f-6421-48b8-8442-a8e49b7eded5" multiplier="1" scale="0"/>
        </listOfUnits>
      </unitDefinition>
      <unitDefinition id="area" metaid="_69519997-ff2c-4157-b7dc-5d7dcf41dad7" name="area">
        <listOfUnits>
          <unit exponent="2" kind="metre" metaid="_2d3bf85b-add8-4516-929d-a28c5e243f1d" multiplier="1" scale="0"/>
        </listOfUnits>
      </unitDefinition>
      <unitDefinition id="volume" metaid="c994f242-a423-40bc-b39e-961449fa8db4" name="volume">
        <listOfUnits>
          <unit exponent="1" kind="litre" metaid="_111abd8a-8098-4e3e-ae89-841e581ad66c" multiplier="1" scale="-3"/>
        </listOfUnits>
      </unitDefinition>
      <unitDefinition id="time" metaid="da57a822-b9c5-420f-b351-f105ae06ec0c" name="time">
        <listOfUnits>
          <unit exponent="1" kind="second" metaid="_12f1ace6-2b15-44d0-bbaf-d0503e99ab92" multiplier="3600" scale="0"/>
        </listOfUnits>
      </unitDefinition>
      <unitDefinition id="substance" metaid="_74ef8a36-c729-4a8c-9ab6-a2d1302df482" name="substance">
        <listOfUnits>
          <unit exponent="1" kind="mole" metaid="_1ad6fb7f-816b-4f95-b834-f84c3f83b123" multiplier="1" scale="-3"/>
        </listOfUnits>
      </unitDefinition>
    </listOfUnitDefinitions>
    <listOfCompartments>
      <compartment constant="true" id="nucleus" metaid="COPASI1" name="nucleus" size="1" spatialDimensions="3" units="volume">
        <annotation>
      <rdf:RDF xmlns:rdf="http://www.w3.org/1999/02/22-rdf-syntax-ns#" xmlns:dc="http://purl.org/dc/elements/1.1/" xmlns:dcterms="http://purl.org/dc/terms/" xmlns:vCard="http://www.w3.org/2001/vcard-rdf/3.0#" xmlns:bqbiol="http://biomodels.net/biology-qualifiers/" xmlns:bqmodel="http://biomodels.net/model-qualifiers/">
            <rdf:Description rdf:about="#COPASI1">
	<bqbiol:isVersionOf>
	<rdf:Bag>
	<rdf:li rdf:resource="http://identifiers.org/go/GO:0005634"/>
	</rdf:Bag>
	</bqbiol:isVersionOf>
	</rdf:Description>
	
	
	
	
      </rdf:RDF>
      <COPASI xmlns="http://www.copasi.org/static/sbml">
        <rdf:RDF xmlns:CopasiMT="http://www.copasi.org/RDF/MiriamTerms#" xmlns:dcterms="http://purl.org/dc/terms/" xmlns:rdf="http://www.w3.org/1999/02/22-rdf-syntax-ns#">
          <rdf:Description rdf:about="#COPASI1">
            <dcterms:created>
              <rdf:Description>
                <dcterms:W3CDTF>2014-03-27T14:27:02Z</dcterms:W3CDTF>
              </rdf:Description>
            </dcterms:created>
            <CopasiMT:isVersionOf rdf:resource="urn:miriam:go:GO:0005634"/>
          </rdf:Description>
        </rdf:RDF>
      </COPASI>
    </annotation>
            </compartment>
    </listOfCompartments>
    <listOfSpecies>
      <species boundaryCondition="true" compartment="nucleus" constant="false" hasOnlySubstanceUnits="false" id="Timeract" initialConcentration="0" metaid="COPASI2" name="Timeract" substanceUnits="substance">
        <notes>
      <body xmlns="http://www.w3.org/1999/xhtml">
        <pre>Timearact is ATM^act in the ODE model.
Timearact (active Timer) is active ATM in the model.</pre>
      </body>
    </notes>
        <annotation>
      <rdf:RDF xmlns:rdf="http://www.w3.org/1999/02/22-rdf-syntax-ns#" xmlns:dc="http://purl.org/dc/elements/1.1/" xmlns:dcterms="http://purl.org/dc/terms/" xmlns:vCard="http://www.w3.org/2001/vcard-rdf/3.0#" xmlns:bqbiol="http://biomodels.net/biology-qualifiers/" xmlns:bqmodel="http://biomodels.net/model-qualifiers/">
            <rdf:Description rdf:about="#COPASI2">
	<bqbiol:isVersionOf>
	<rdf:Bag>
	<rdf:li rdf:resource="http://identifiers.org/uniprot/Q13315"/>
	</rdf:Bag>
	</bqbiol:isVersionOf>
	</rdf:Description>
	
	
	
	
      </rdf:RDF>
      <COPASI xmlns="http://www.copasi.org/static/sbml">
        <rdf:RDF xmlns:CopasiMT="http://www.copasi.org/RDF/MiriamTerms#" xmlns:dcterms="http://purl.org/dc/terms/" xmlns:rdf="http://www.w3.org/1999/02/22-rdf-syntax-ns#">
          <rdf:Description rdf:about="#COPASI2">
            <dcterms:created>
              <rdf:Description>
                <dcterms:W3CDTF>2014-03-27T14:48:32Z</dcterms:W3CDTF>
              </rdf:Description>
            </dcterms:created>
            <CopasiMT:isVersionOf rdf:resource="urn:miriam:uniprot:Q13315"/>
          </rdf:Description>
        </rdf:RDF>
      </COPASI>
    </annotation>
            </species>
      <species boundaryCondition="true" compartment="nucleus" constant="false" hasOnlySubstanceUnits="false" id="Timerinact" initialConcentration="10" metaid="COPASI3" name="Timerinact" substanceUnits="substance">
        <notes>
      <body xmlns="http://www.w3.org/1999/xhtml">
        <pre>Timearinact is ATM^inact in the ODE model.
Timearinact (inactive Timer) is inactive ATM in the model.</pre>
      </body>
    </notes>
        <annotation>
      <rdf:RDF xmlns:rdf="http://www.w3.org/1999/02/22-rdf-syntax-ns#" xmlns:dc="http://purl.org/dc/elements/1.1/" xmlns:dcterms="http://purl.org/dc/terms/" xmlns:vCard="http://www.w3.org/2001/vcard-rdf/3.0#" xmlns:bqbiol="http://biomodels.net/biology-qualifiers/" xmlns:bqmodel="http://biomodels.net/model-qualifiers/">
            <rdf:Description rdf:about="#COPASI3">
	<bqbiol:isVersionOf>
	<rdf:Bag>
	<rdf:li rdf:resource="http://identifiers.org/uniprot/Q13315"/>
	</rdf:Bag>
	</bqbiol:isVersionOf>
	</rdf:Description>
	
	
	
	
      </rdf:RDF>
      <COPASI xmlns="http://www.copasi.org/static/sbml">
        <rdf:RDF xmlns:CopasiMT="http://www.copasi.org/RDF/MiriamTerms#" xmlns:dcterms="http://purl.org/dc/terms/" xmlns:rdf="http://www.w3.org/1999/02/22-rdf-syntax-ns#">
          <rdf:Description rdf:about="#COPASI3">
            <dcterms:created>
              <rdf:Description>
                <dcterms:W3CDTF>2014-03-27T14:48:48Z</dcterms:W3CDTF>
              </rdf:Description>
            </dcterms:created>
            <CopasiMT:isVersionOf rdf:resource="urn:miriam:uniprot:Q13315"/>
          </rdf:Description>
        </rdf:RDF>
      </COPASI>
    </annotation>
            </species>
      <species boundaryCondition="true" compartment="nucleus" constant="false" hasOnlySubstanceUnits="false" id="CellCact" initialConcentration="0.999999999999999" metaid="COPASI4" name="CellCact" substanceUnits="substance">
        <notes>
      <body xmlns="http://www.w3.org/1999/xhtml">
        <pre>CellCact ->  CellCycle^act in the ODE model.
CellCact represents  active Plk1 in the simulation figures.</pre>
      </body>
    </notes>
        <annotation>
      <rdf:RDF xmlns:rdf="http://www.w3.org/1999/02/22-rdf-syntax-ns#" xmlns:dc="http://purl.org/dc/elements/1.1/" xmlns:dcterms="http://purl.org/dc/terms/" xmlns:vCard="http://www.w3.org/2001/vcard-rdf/3.0#" xmlns:bqbiol="http://biomodels.net/biology-qualifiers/" xmlns:bqmodel="http://biomodels.net/model-qualifiers/">
            <rdf:Description rdf:about="#COPASI4">
	<bqbiol:isVersionOf>
	<rdf:Bag>
	<rdf:li rdf:resource="http://identifiers.org/uniprot/P53350"/>
	</rdf:Bag>
	</bqbiol:isVersionOf>
	</rdf:Description>
	
	
	
	
      </rdf:RDF>
      <COPASI xmlns="http://www.copasi.org/static/sbml">
        <rdf:RDF xmlns:CopasiMT="http://www.copasi.org/RDF/MiriamTerms#" xmlns:dcterms="http://purl.org/dc/terms/" xmlns:rdf="http://www.w3.org/1999/02/22-rdf-syntax-ns#">
          <rdf:Description rdf:about="#COPASI4">
            <dcterms:created>
              <rdf:Description>
                <dcterms:W3CDTF>2014-03-27T14:49:49Z</dcterms:W3CDTF>
              </rdf:Description>
            </dcterms:created>
            <CopasiMT:isVersionOf rdf:resource="urn:miriam:uniprot:P53350"/>
          </rdf:Description>
        </rdf:RDF>
      </COPASI>
    </annotation>
            </species>
      <species boundaryCondition="true" compartment="nucleus" constant="false" hasOnlySubstanceUnits="false" id="CellCina" initialConcentration="9" metaid="COPASI5" name="CellCina" substanceUnits="substance">
        <notes>
      <body xmlns="http://www.w3.org/1999/xhtml">
        <pre>CellCina ->  CellCycle^inact in the ODE model.
CellCina  represents inactive Plk1.
</pre>
      </body>
    </notes>
        <annotation>
      <rdf:RDF xmlns:rdf="http://www.w3.org/1999/02/22-rdf-syntax-ns#" xmlns:dc="http://purl.org/dc/elements/1.1/" xmlns:dcterms="http://purl.org/dc/terms/" xmlns:vCard="http://www.w3.org/2001/vcard-rdf/3.0#" xmlns:bqbiol="http://biomodels.net/biology-qualifiers/" xmlns:bqmodel="http://biomodels.net/model-qualifiers/">
            <rdf:Description rdf:about="#COPASI5">
	<bqbiol:isVersionOf>
	<rdf:Bag>
	<rdf:li rdf:resource="http://identifiers.org/uniprot/P53350"/>
	</rdf:Bag>
	</bqbiol:isVersionOf>
	</rdf:Description>
	
	
	
	
      </rdf:RDF>
      <COPASI xmlns="http://www.copasi.org/static/sbml">
        <rdf:RDF xmlns:CopasiMT="http://www.copasi.org/RDF/MiriamTerms#" xmlns:dcterms="http://purl.org/dc/terms/" xmlns:rdf="http://www.w3.org/1999/02/22-rdf-syntax-ns#">
          <rdf:Description rdf:about="#COPASI5">
            <dcterms:created>
              <rdf:Description>
                <dcterms:W3CDTF>2014-03-27T14:50:05Z</dcterms:W3CDTF>
              </rdf:Description>
            </dcterms:created>
            <CopasiMT:isVersionOf rdf:resource="urn:miriam:uniprot:P53350"/>
          </rdf:Description>
        </rdf:RDF>
      </COPASI>
    </annotation>
            </species>
      <species boundaryCondition="true" compartment="nucleus" constant="false" hasOnlySubstanceUnits="false" id="Effectoract" initialConcentration="0" metaid="COPASI6" name="Effectoract" substanceUnits="substance">
        <notes>
      <body xmlns="http://www.w3.org/1999/xhtml">
        <pre>Effectoract is ATR^act in the ODE model.
Effectoract (active Effector) is active ATR in the model.</pre>
      </body>
    </notes>
        <annotation>
      <rdf:RDF xmlns:rdf="http://www.w3.org/1999/02/22-rdf-syntax-ns#" xmlns:dc="http://purl.org/dc/elements/1.1/" xmlns:dcterms="http://purl.org/dc/terms/" xmlns:vCard="http://www.w3.org/2001/vcard-rdf/3.0#" xmlns:bqbiol="http://biomodels.net/biology-qualifiers/" xmlns:bqmodel="http://biomodels.net/model-qualifiers/">
            <rdf:Description rdf:about="#COPASI6">
	<bqbiol:isVersionOf>
	<rdf:Bag>
	<rdf:li rdf:resource="http://identifiers.org/uniprot/Q13535"/>
	</rdf:Bag>
	</bqbiol:isVersionOf>
	</rdf:Description>
	
	
	
	
      </rdf:RDF>
      <COPASI xmlns="http://www.copasi.org/static/sbml">
        <rdf:RDF xmlns:CopasiMT="http://www.copasi.org/RDF/MiriamTerms#" xmlns:dcterms="http://purl.org/dc/terms/" xmlns:rdf="http://www.w3.org/1999/02/22-rdf-syntax-ns#">
          <rdf:Description rdf:about="#COPASI6">
            <dcterms:created>
              <rdf:Description>
                <dcterms:W3CDTF>2014-03-27T14:50:52Z</dcterms:W3CDTF>
              </rdf:Description>
            </dcterms:created>
            <CopasiMT:isVersionOf rdf:resource="urn:miriam:uniprot:Q13535"/>
          </rdf:Description>
        </rdf:RDF>
      </COPASI>
    </annotation>
            </species>
      <species boundaryCondition="true" compartment="nucleus" constant="false" hasOnlySubstanceUnits="false" id="Effectorina" initialConcentration="10" metaid="COPASI7" name="Effectorina" substanceUnits="substance">
        <notes>
      <body xmlns="http://www.w3.org/1999/xhtml">
        <pre>Effectorina is ATR^inact in the ODE model.
Effectorina (inactive Effector) is inactive ATR in the model.</pre>
      </body>
    </notes>
        <annotation>
      <rdf:RDF xmlns:rdf="http://www.w3.org/1999/02/22-rdf-syntax-ns#" xmlns:dc="http://purl.org/dc/elements/1.1/" xmlns:dcterms="http://purl.org/dc/terms/" xmlns:vCard="http://www.w3.org/2001/vcard-rdf/3.0#" xmlns:bqbiol="http://biomodels.net/biology-qualifiers/" xmlns:bqmodel="http://biomodels.net/model-qualifiers/">
            <rdf:Description rdf:about="#COPASI7">
	<bqbiol:isVersionOf>
	<rdf:Bag>
	<rdf:li rdf:resource="http://identifiers.org/uniprot/Q13535"/>
	</rdf:Bag>
	</bqbiol:isVersionOf>
	</rdf:Description>
	
	
	
	
      </rdf:RDF>
      <COPASI xmlns="http://www.copasi.org/static/sbml">
        <rdf:RDF xmlns:CopasiMT="http://www.copasi.org/RDF/MiriamTerms#" xmlns:dcterms="http://purl.org/dc/terms/" xmlns:rdf="http://www.w3.org/1999/02/22-rdf-syntax-ns#">
          <rdf:Description rdf:about="#COPASI7">
            <dcterms:created>
              <rdf:Description>
                <dcterms:W3CDTF>2014-03-27T14:51:02Z</dcterms:W3CDTF>
              </rdf:Description>
            </dcterms:created>
            <CopasiMT:isVersionOf rdf:resource="urn:miriam:uniprot:Q13535"/>
          </rdf:Description>
        </rdf:RDF>
      </COPASI>
    </annotation>
            </species>
      <species boundaryCondition="true" compartment="nucleus" constant="false" hasOnlySubstanceUnits="false" id="Damage" initialConcentration="10" metaid="COPASI8" name="Damage" substanceUnits="substance">
        <notes>
      <body xmlns="http://www.w3.org/1999/xhtml">
        <pre>DNA damage</pre>
      </body>
    </notes>
        <annotation>
      <rdf:RDF xmlns:rdf="http://www.w3.org/1999/02/22-rdf-syntax-ns#" xmlns:dc="http://purl.org/dc/elements/1.1/" xmlns:dcterms="http://purl.org/dc/terms/" xmlns:vCard="http://www.w3.org/2001/vcard-rdf/3.0#" xmlns:bqbiol="http://biomodels.net/biology-qualifiers/" xmlns:bqmodel="http://biomodels.net/model-qualifiers/">
            <rdf:Description rdf:about="#COPASI8">
	<bqbiol:hasProperty>
	<rdf:Bag>
	<rdf:li rdf:resource="http://identifiers.org/go/GO:0042769"/>
	</rdf:Bag>
	</bqbiol:hasProperty>
	</rdf:Description>
	
	
	
	
      </rdf:RDF>
      <COPASI xmlns="http://www.copasi.org/static/sbml">
        <rdf:RDF xmlns:CopasiMT="http://www.copasi.org/RDF/MiriamTerms#" xmlns:dcterms="http://purl.org/dc/terms/" xmlns:rdf="http://www.w3.org/1999/02/22-rdf-syntax-ns#">
          <rdf:Description rdf:about="#COPASI8">
            <dcterms:created>
              <rdf:Description>
                <dcterms:W3CDTF>2014-03-27T14:51:55Z</dcterms:W3CDTF>
              </rdf:Description>
            </dcterms:created>
            <CopasiMT:isVersionOf rdf:resource="urn:miriam:go:GO:0042769"/>
          </rdf:Description>
        </rdf:RDF>
      </COPASI>
    </annotation>
            </species>
      <species boundaryCondition="true" compartment="nucleus" constant="false" hasOnlySubstanceUnits="false" id="HR" initialConcentration="3" metaid="COPASI9" name="HR" substanceUnits="substance">
        <notes>
      <body xmlns="http://www.w3.org/1999/xhtml">
        <pre>Homologous recombination</pre>
      </body>
    </notes>
        <annotation>
      <rdf:RDF xmlns:rdf="http://www.w3.org/1999/02/22-rdf-syntax-ns#" xmlns:dc="http://purl.org/dc/elements/1.1/" xmlns:dcterms="http://purl.org/dc/terms/" xmlns:vCard="http://www.w3.org/2001/vcard-rdf/3.0#" xmlns:bqbiol="http://biomodels.net/biology-qualifiers/" xmlns:bqmodel="http://biomodels.net/model-qualifiers/">
            <rdf:Description rdf:about="#COPASI9">
	<bqbiol:isVersionOf>
	<rdf:Bag>
	<rdf:li rdf:resource="http://identifiers.org/go/GO:0000724"/>
	</rdf:Bag>
	</bqbiol:isVersionOf>
	</rdf:Description>
	
	
	
	
      </rdf:RDF>
      <COPASI xmlns="http://www.copasi.org/static/sbml">
        <rdf:RDF xmlns:CopasiMT="http://www.copasi.org/RDF/MiriamTerms#" xmlns:dcterms="http://purl.org/dc/terms/" xmlns:rdf="http://www.w3.org/1999/02/22-rdf-syntax-ns#">
          <rdf:Description rdf:about="#COPASI9">
            <dcterms:created>
              <rdf:Description>
                <dcterms:W3CDTF>2014-08-28T21:15:08Z</dcterms:W3CDTF>
              </rdf:Description>
            </dcterms:created>
            <CopasiMT:isVersionOf rdf:resource="urn:miriam:go:GO:0000724"/>
          </rdf:Description>
        </rdf:RDF>
      </COPASI>
    </annotation>
            </species>
      <species boundaryCondition="true" compartment="nucleus" constant="false" hasOnlySubstanceUnits="false" id="NHEJ" initialConcentration="7" metaid="COPASI10" name="NHEJ" substanceUnits="substance">
        <notes>
      <body xmlns="http://www.w3.org/1999/xhtml">
        <pre>non-homologous end joining</pre>
      </body>
    </notes>
        <annotation>
      <rdf:RDF xmlns:rdf="http://www.w3.org/1999/02/22-rdf-syntax-ns#" xmlns:dc="http://purl.org/dc/elements/1.1/" xmlns:dcterms="http://purl.org/dc/terms/" xmlns:vCard="http://www.w3.org/2001/vcard-rdf/3.0#" xmlns:bqbiol="http://biomodels.net/biology-qualifiers/" xmlns:bqmodel="http://biomodels.net/model-qualifiers/">
            <rdf:Description rdf:about="#COPASI10">
	<bqbiol:isVersionOf>
	<rdf:Bag>
	<rdf:li rdf:resource="http://identifiers.org/go/GO:0006303"/>
	</rdf:Bag>
	</bqbiol:isVersionOf>
	</rdf:Description>
	
	
	
	
      </rdf:RDF>
      <COPASI xmlns="http://www.copasi.org/static/sbml">
        <rdf:RDF xmlns:CopasiMT="http://www.copasi.org/RDF/MiriamTerms#" xmlns:dcterms="http://purl.org/dc/terms/" xmlns:rdf="http://www.w3.org/1999/02/22-rdf-syntax-ns#">
          <rdf:Description rdf:about="#COPASI10">
            <dcterms:created>
              <rdf:Description>
                <dcterms:W3CDTF>2014-08-28T21:17:11Z</dcterms:W3CDTF>
              </rdf:Description>
            </dcterms:created>
            <CopasiMT:isVersionOf rdf:resource="urn:miriam:go:GO:0006303"/>
          </rdf:Description>
        </rdf:RDF>
      </COPASI>
    </annotation>
            </species>
      <species boundaryCondition="true" compartment="nucleus" constant="true" hasOnlySubstanceUnits="false" id="CellCycletot" initialConcentration="10" metaid="COPASI11" name="CellCycletot" substanceUnits="substance">
        <notes>
      <body xmlns="http://www.w3.org/1999/xhtml">
        <pre>CellCtot ->  CellCycle^tot in the ODE model.
CellCtot  represents total Plk1.
</pre>
      </body>
    </notes>
        <annotation>
      <rdf:RDF xmlns:rdf="http://www.w3.org/1999/02/22-rdf-syntax-ns#" xmlns:dc="http://purl.org/dc/elements/1.1/" xmlns:dcterms="http://purl.org/dc/terms/" xmlns:vCard="http://www.w3.org/2001/vcard-rdf/3.0#" xmlns:bqbiol="http://biomodels.net/biology-qualifiers/" xmlns:bqmodel="http://biomodels.net/model-qualifiers/">
            <rdf:Description rdf:about="#COPASI11">
	<bqbiol:isVersionOf>
	<rdf:Bag>
	<rdf:li rdf:resource="http://identifiers.org/uniprot/P53350"/>
	</rdf:Bag>
	</bqbiol:isVersionOf>
	</rdf:Description>
	
	
	
	
      </rdf:RDF>
      <COPASI xmlns="http://www.copasi.org/static/sbml">
        <rdf:RDF xmlns:CopasiMT="http://www.copasi.org/RDF/MiriamTerms#" xmlns:dcterms="http://purl.org/dc/terms/" xmlns:rdf="http://www.w3.org/1999/02/22-rdf-syntax-ns#">
          <rdf:Description rdf:about="#COPASI11">
            <dcterms:created>
              <rdf:Description>
                <dcterms:W3CDTF>2017-03-08T14:58:10Z</dcterms:W3CDTF>
              </rdf:Description>
            </dcterms:created>
            <CopasiMT:isVersionOf rdf:resource="urn:miriam:uniprot:P53350"/>
          </rdf:Description>
        </rdf:RDF>
      </COPASI>
    </annotation>
            </species>
      <species boundaryCondition="true" compartment="nucleus" constant="true" hasOnlySubstanceUnits="false" id="Effectortot" initialConcentration="10" metaid="COPASI12" name="Effectortot" substanceUnits="substance">
        <notes>
      <body xmlns="http://www.w3.org/1999/xhtml">
        <pre>Effectortot is ATR^tot in the ODE model.
Effectortot (total Effector) is total amount of  ATR in the model.</pre>
      </body>
    </notes>
        <annotation>
      <rdf:RDF xmlns:rdf="http://www.w3.org/1999/02/22-rdf-syntax-ns#" xmlns:dc="http://purl.org/dc/elements/1.1/" xmlns:dcterms="http://purl.org/dc/terms/" xmlns:vCard="http://www.w3.org/2001/vcard-rdf/3.0#" xmlns:bqbiol="http://biomodels.net/biology-qualifiers/" xmlns:bqmodel="http://biomodels.net/model-qualifiers/">
            <rdf:Description rdf:about="#COPASI12">
	<bqbiol:isVersionOf>
	<rdf:Bag>
	<rdf:li rdf:resource="http://identifiers.org/uniprot/Q13535"/>
	</rdf:Bag>
	</bqbiol:isVersionOf>
	</rdf:Description>
	
	
	
	
      </rdf:RDF>
      <COPASI xmlns="http://www.copasi.org/static/sbml">
        <rdf:RDF xmlns:CopasiMT="http://www.copasi.org/RDF/MiriamTerms#" xmlns:dcterms="http://purl.org/dc/terms/" xmlns:rdf="http://www.w3.org/1999/02/22-rdf-syntax-ns#">
          <rdf:Description rdf:about="#COPASI12">
            <dcterms:created>
              <rdf:Description>
                <dcterms:W3CDTF>2017-03-08T15:06:59Z</dcterms:W3CDTF>
              </rdf:Description>
            </dcterms:created>
            <CopasiMT:isVersionOf rdf:resource="urn:miriam:uniprot:Q13535"/>
          </rdf:Description>
        </rdf:RDF>
      </COPASI>
    </annotation>
            </species>
      <species boundaryCondition="true" compartment="nucleus" constant="true" hasOnlySubstanceUnits="false" id="Timertot" initialConcentration="10" metaid="COPASI13" name="Timertot" substanceUnits="substance">
        <notes>
      <body xmlns="http://www.w3.org/1999/xhtml">
        <pre>Timeartot is ATM^tot in the ODE model.
Timeartot (total Timer) is total ATM in the model.</pre>
      </body>
    </notes>
        <annotation>
      <rdf:RDF xmlns:rdf="http://www.w3.org/1999/02/22-rdf-syntax-ns#" xmlns:dc="http://purl.org/dc/elements/1.1/" xmlns:dcterms="http://purl.org/dc/terms/" xmlns:vCard="http://www.w3.org/2001/vcard-rdf/3.0#" xmlns:bqbiol="http://biomodels.net/biology-qualifiers/" xmlns:bqmodel="http://biomodels.net/model-qualifiers/">
            <rdf:Description rdf:about="#COPASI13">
	<bqbiol:isVersionOf>
	<rdf:Bag>
	<rdf:li rdf:resource="http://identifiers.org/uniprot/Q13315"/>
	</rdf:Bag>
	</bqbiol:isVersionOf>
	</rdf:Description>
	
	
	
	
      </rdf:RDF>
      <COPASI xmlns="http://www.copasi.org/static/sbml">
        <rdf:RDF xmlns:CopasiMT="http://www.copasi.org/RDF/MiriamTerms#" xmlns:dcterms="http://purl.org/dc/terms/" xmlns:rdf="http://www.w3.org/1999/02/22-rdf-syntax-ns#">
          <rdf:Description rdf:about="#COPASI13">
            <dcterms:created>
              <rdf:Description>
                <dcterms:W3CDTF>2017-03-08T15:09:43Z</dcterms:W3CDTF>
              </rdf:Description>
            </dcterms:created>
            <CopasiMT:isVersionOf rdf:resource="urn:miriam:uniprot:Q13315"/>
          </rdf:Description>
        </rdf:RDF>
      </COPASI>
    </annotation>
            </species>
    </listOfSpecies>
    <listOfParameters>
      <parameter constant="true" id="Kd2t" metaid="COPASI14" name="Kd2t" value="2">
        <annotation>
      <COPASI xmlns="http://www.copasi.org/static/sbml">
        <rdf:RDF xmlns:dcterms="http://purl.org/dc/terms/" xmlns:rdf="http://www.w3.org/1999/02/22-rdf-syntax-ns#">
          <rdf:Description rdf:about="#COPASI14">
            <dcterms:created>
              <rdf:Description>
                <dcterms:W3CDTF>2014-03-27T15:17:04Z</dcterms:W3CDTF>
              </rdf:Description>
            </dcterms:created>
          </rdf:Description>
        </rdf:RDF>
      </COPASI>
    </annotation>
            </parameter>
      <parameter constant="true" id="Kti2t" metaid="COPASI15" name="Kti2t" value="10">
        <annotation>
      <COPASI xmlns="http://www.copasi.org/static/sbml">
        <rdf:RDF xmlns:dcterms="http://purl.org/dc/terms/" xmlns:rdf="http://www.w3.org/1999/02/22-rdf-syntax-ns#">
          <rdf:Description rdf:about="#COPASI15">
            <dcterms:created>
              <rdf:Description>
                <dcterms:W3CDTF>2014-03-27T15:17:42Z</dcterms:W3CDTF>
              </rdf:Description>
            </dcterms:created>
          </rdf:Description>
        </rdf:RDF>
      </COPASI>
    </annotation>
            </parameter>
      <parameter constant="true" id="Kcc2ch" metaid="COPASI16" name="Kcc2ch" value="1">
        <notes>
      <body xmlns="http://www.w3.org/1999/xhtml">
        <pre>Kcc2ch is Kcc2e in the model.</pre>
      </body>
    </notes>
        <annotation>
      <COPASI xmlns="http://www.copasi.org/static/sbml">
        <rdf:RDF xmlns:dcterms="http://purl.org/dc/terms/" xmlns:rdf="http://www.w3.org/1999/02/22-rdf-syntax-ns#">
          <rdf:Description rdf:about="#COPASI16">
            <dcterms:created>
              <rdf:Description>
                <dcterms:W3CDTF>2014-03-28T10:53:49Z</dcterms:W3CDTF>
              </rdf:Description>
            </dcterms:created>
          </rdf:Description>
        </rdf:RDF>
      </COPASI>
    </annotation>
            </parameter>
      <parameter constant="true" id="Kt2cc" metaid="COPASI17" name="Kt2cc" value="10">
        <annotation>
      <COPASI xmlns="http://www.copasi.org/static/sbml">
        <rdf:RDF xmlns:dcterms="http://purl.org/dc/terms/" xmlns:rdf="http://www.w3.org/1999/02/22-rdf-syntax-ns#">
          <rdf:Description rdf:about="#COPASI17">
            <dcterms:created>
              <rdf:Description>
                <dcterms:W3CDTF>2014-03-28T10:54:16Z</dcterms:W3CDTF>
              </rdf:Description>
            </dcterms:created>
          </rdf:Description>
        </rdf:RDF>
      </COPASI>
    </annotation>
            </parameter>
      <parameter constant="true" id="Kcc2a" metaid="COPASI18" name="Kcc2a" value="1">
        <notes>
      <body xmlns="http://www.w3.org/1999/xhtml">
        <pre>All parameters in this model are derived from this publication (PMID:28607002).</pre>
      </body>
    </notes>
        <annotation>
      <COPASI xmlns="http://www.copasi.org/static/sbml">
        <rdf:RDF xmlns:dcterms="http://purl.org/dc/terms/" xmlns:rdf="http://www.w3.org/1999/02/22-rdf-syntax-ns#">
          <rdf:Description rdf:about="#COPASI18">
            <dcterms:created>
              <rdf:Description>
                <dcterms:W3CDTF>2014-03-28T10:55:16Z</dcterms:W3CDTF>
              </rdf:Description>
            </dcterms:created>
          </rdf:Description>
        </rdf:RDF>
      </COPASI>
    </annotation>
            </parameter>
      <parameter constant="true" id="Kd2ch" metaid="COPASI19" name="Kd2ch" value="1">
        <notes>
      <body xmlns="http://www.w3.org/1999/xhtml">
        <pre>Kd2ch is Kd2e in the model</pre>
      </body>
    </notes>
        <annotation>
      <COPASI xmlns="http://www.copasi.org/static/sbml">
        <rdf:RDF xmlns:dcterms="http://purl.org/dc/terms/" xmlns:rdf="http://www.w3.org/1999/02/22-rdf-syntax-ns#">
          <rdf:Description rdf:about="#COPASI19">
            <dcterms:created>
              <rdf:Description>
                <dcterms:W3CDTF>2014-03-28T11:29:26Z</dcterms:W3CDTF>
              </rdf:Description>
            </dcterms:created>
          </rdf:Description>
        </rdf:RDF>
      </COPASI>
    </annotation>
            </parameter>
      <parameter constant="true" id="Kch2cc" metaid="COPASI20" name="Kch2cc" value="1">
        <notes>
      <body xmlns="http://www.w3.org/1999/xhtml">
        <pre>Kch2cc is Ke2cc in the model</pre>
      </body>
    </notes>
        <annotation>
      <COPASI xmlns="http://www.copasi.org/static/sbml">
        <rdf:RDF xmlns:dcterms="http://purl.org/dc/terms/" xmlns:rdf="http://www.w3.org/1999/02/22-rdf-syntax-ns#">
          <rdf:Description rdf:about="#COPASI20">
            <dcterms:created>
              <rdf:Description>
                <dcterms:W3CDTF>2014-03-28T11:31:26Z</dcterms:W3CDTF>
              </rdf:Description>
            </dcterms:created>
          </rdf:Description>
        </rdf:RDF>
      </COPASI>
    </annotation>
            </parameter>
      <parameter constant="true" id="Km1" metaid="COPASI21" name="Km1" value="1">
        <annotation>
      <COPASI xmlns="http://www.copasi.org/static/sbml">
        <rdf:RDF xmlns:dcterms="http://purl.org/dc/terms/" xmlns:rdf="http://www.w3.org/1999/02/22-rdf-syntax-ns#">
          <rdf:Description rdf:about="#COPASI21">
            <dcterms:created>
              <rdf:Description>
                <dcterms:W3CDTF>2017-07-26T13:06:26Z</dcterms:W3CDTF>
              </rdf:Description>
            </dcterms:created>
          </rdf:Description>
        </rdf:RDF>
      </COPASI>
    </annotation>
            </parameter>
      <parameter constant="true" id="Km10" metaid="COPASI22" name="Km10" value="10">
        <annotation>
      <COPASI xmlns="http://www.copasi.org/static/sbml">
        <rdf:RDF xmlns:dcterms="http://purl.org/dc/terms/" xmlns:rdf="http://www.w3.org/1999/02/22-rdf-syntax-ns#">
          <rdf:Description rdf:about="#COPASI22">
            <dcterms:created>
              <rdf:Description>
                <dcterms:W3CDTF>2017-07-26T13:06:26Z</dcterms:W3CDTF>
              </rdf:Description>
            </dcterms:created>
          </rdf:Description>
        </rdf:RDF>
      </COPASI>
    </annotation>
            </parameter>
    </listOfParameters>
    <listOfRules>
      <assignmentRule metaid="b2f036bd-5586-481a-a936-e4dab9bf6b90" variable="Effectorina">
        <math xmlns="http://www.w3.org/1998/Math/MathML">        
          <apply>
            <minus/>
            <ci> Effectortot </ci>
            <ci> Effectoract </ci>
          </apply>
        </math>
            </assignmentRule>
      <assignmentRule metaid="e2ef58f7-9be2-465f-8292-2d3de09e5289" variable="Damage">
        <math xmlns="http://www.w3.org/1998/Math/MathML">        
          <apply>
            <plus/>
            <ci> HR </ci>
            <ci> NHEJ </ci>
          </apply>
        </math>
            </assignmentRule>
      <assignmentRule metaid="d969f1ff-97f2-4293-a189-3c8128853d8c" variable="Timerinact">
        <math xmlns="http://www.w3.org/1998/Math/MathML">        
          <apply>
            <minus/>
            <ci> Timertot </ci>
            <ci> Timeract </ci>
          </apply>
        </math>
            </assignmentRule>
      <assignmentRule metaid="fef41ea1-c16a-4a59-9d5e-fe8480c60206" variable="CellCina">
        <math xmlns="http://www.w3.org/1998/Math/MathML">        
          <apply>
            <minus/>
            <ci> CellCycletot </ci>
            <ci> CellCact </ci>
          </apply>
        </math>
            </assignmentRule>
      <rateRule metaid="_54e0553b-ff9d-44fc-b9f8-b302fdde17ed" variable="Timeract">
        <math xmlns="http://www.w3.org/1998/Math/MathML">        
          <apply>
            <minus/>
            <apply>
              <divide/>
              <apply>
                <times/>
                <ci> Kd2t </ci>
                <ci> Damage </ci>
                <ci> Timerinact </ci>
              </apply>
              <apply>
                <plus/>
                <ci> Km1 </ci>
                <ci> Timerinact </ci>
              </apply>
            </apply>
            <apply>
              <divide/>
              <apply>
                <times/>
                <ci> Kti2t </ci>
                <ci> Timeract </ci>
              </apply>
              <apply>
                <plus/>
                <ci> Km1 </ci>
                <ci> Timeract </ci>
              </apply>
            </apply>
          </apply>
        </math>
            </rateRule>
      <rateRule metaid="_3f517d93-dfb2-4e20-b32d-a352cfb1c34a" variable="CellCact">
        <math xmlns="http://www.w3.org/1998/Math/MathML">        
          <apply>
            <minus/>
            <apply>
              <minus/>
              <apply>
                <divide/>
                <apply>
                  <times/>
                  <apply>
                    <plus/>
                    <ci> Kcc2a </ci>
                    <ci> CellCact </ci>
                  </apply>
                  <ci> CellCina </ci>
                </apply>
                <apply>
                  <plus/>
                  <ci> Km10 </ci>
                  <ci> CellCina </ci>
                </apply>
              </apply>
              <apply>
                <divide/>
                <apply>
                  <times/>
                  <ci> Kt2cc </ci>
                  <ci> Timeract </ci>
                  <ci> CellCact </ci>
                </apply>
                <apply>
                  <plus/>
                  <ci> Km10 </ci>
                  <ci> CellCact </ci>
                </apply>
              </apply>
            </apply>
            <apply>
              <divide/>
              <apply>
                <times/>
                <ci> Kch2cc </ci>
                <ci> CellCact </ci>
                <ci> Effectoract </ci>
              </apply>
              <apply>
                <plus/>
                <ci> Km10 </ci>
                <ci> CellCact </ci>
              </apply>
            </apply>
          </apply>
        </math>
            </rateRule>
      <rateRule metaid="_62444dcd-b427-470e-bbfe-74f34028968d" variable="Effectoract">
        <math xmlns="http://www.w3.org/1998/Math/MathML">        
          <apply>
            <minus/>
            <apply>
              <divide/>
              <apply>
                <times/>
                <ci> Kd2ch </ci>
                <ci> Damage </ci>
                <ci> Effectorina </ci>
              </apply>
              <apply>
                <plus/>
                <ci> Km10 </ci>
                <ci> Effectorina </ci>
              </apply>
            </apply>
            <apply>
              <divide/>
              <apply>
                <times/>
                <ci> Kcc2ch </ci>
                <ci> CellCact </ci>
                <ci> Effectoract </ci>
              </apply>
              <apply>
                <plus/>
                <ci> Km10 </ci>
                <ci> Effectoract </ci>
              </apply>
            </apply>
          </apply>
        </math>
            </rateRule>
      <rateRule metaid="fa754617-f94b-4407-95c3-b93fc9b268dc" variable="HR">
        <math xmlns="http://www.w3.org/1998/Math/MathML">        
          <apply>
            <times/>
            <apply>
              <minus/>
              <ci> HR </ci>
            </apply>
            <cn> 0.2 </cn>
          </apply>
        </math>
            </rateRule>
      <rateRule metaid="_8c53626a-e7d9-4651-aecc-1e74f6bbe6d3" variable="NHEJ">
        <math xmlns="http://www.w3.org/1998/Math/MathML">        
          <apply>
            <times/>
            <apply>
              <minus/>
              <ci> NHEJ </ci>
            </apply>
            <cn> 0.5 </cn>
          </apply>
        </math>
            </rateRule>
    </listOfRules>
  </model>
</sbml>