<?xml version='1.0' encoding='UTF-8' standalone='no'?>
<sbml xmlns="http://www.sbml.org/sbml/level2/version4" level="2" metaid="_6a7e33c2-6e92-4199-9ab3-f051a7d539b0" version="4">
  <model id="Phillips2003___The_Mechanism_of_Ras_GTPase_Activation_by_Neurofibromin" metaid="COPASI0" name="Phillips2003 - The Mechanism of Ras GTPase Activation by Neurofibromin">
    <notes>
      <body xmlns="http://www.w3.org/1999/xhtml">
        <div class="dc:title">Phillips2003 - The Mechanism of Ras GTPase
Activation by Neurofibromin</div>
<div class="dc:description">A mathematical model for Ras-GTP
activation by neurofibromin and the kinetic rates of the relevant
reactions.
<br/></div>
<div class="dc:bibliographicCitation">
  <p>This model is described in the article:</p>
  <div class="bibo:title">
    <a href="http://identifiers.org/pubmed/12667087" title="Access to this publication">The mechanism of Ras GTPase
    activation by neurofibromin.</a>
  </div>
  <div class="bibo:authorList">Phillips RA, Hunter JL, Eccleston
  JF, Webb MR.</div>
  <div class="bibo:Journal">Biochemistry 2003 Apr; 42(13):
  3956-3965</div>
  <p>Abstract:</p>
  <div class="bibo:abstract">
    <p>Individual rate constants have been determined for each step
    of the Ras.GTP hydrolysis mechanism, activated by
    neurofibromin. Fluorescence intensity and anisotropy
    stopped-flow measurements used the fluorescent GTP analogue,
    mantGTP (2'(3')-O-(N-methylanthraniloyl)GTP), to determine rate
    constants for binding and release of neurofibromin. Quenched
    flow measurements provided the kinetics of the hydrolytic
    cleavage step. The fluorescent phosphate sensor, MDCC-PBP was
    used to measure phosphate release kinetics. Phosphate-water
    oxygen exchange, using (18)O-substituted GTP and inorganic
    phosphate (P(i)), was used to determine the extent of reversal
    of the hydrolysis step and of P(i) binding. The data show that
    neurofibromin and P(i) dissociate from the NF1.Ras.GDP.P(i)
    complex with identical kinetics, which are 3-fold slower than
    the preceding cleavage step. A model is presented in which the
    P(i) release is associated with the change of Ras from "GTP" to
    "GDP" conformation. In this model, the conformation change on
    P(i) release causes the large change in affinity of
    neurofibromin, which then dissociates rapidly.</p>
  </div>
</div>
<div class="dc:publisher">
  <p>This model is hosted on 
  <a href="http://www.ebi.ac.uk/biomodels/">BioModels Database</a>
  and identified by: 
  <a href="http://identifiers.org/biomodels.db/BIOMD0000000692">BIOMD0000000692</a>.</p>
  <p>To cite BioModels Database, please use: 
  <a href="http://identifiers.org/pubmed/25414348" target="_blank">Chelliah V et al. BioModels: ten-year
  anniversary. Nucl. Acids Res. 2015, 43(Database
  issue):D542-8</a>.</p>
</div>
<div class="dc:license">
  <p>To the extent possible under law, all copyright and related or
  neighbouring rights to this encoded model have been dedicated to
  the public domain worldwide. Please refer to 
  <a href="http://creativecommons.org/publicdomain/zero/1.0/" title="Access to: CC0 1.0 Universal (CC0 1.0), Public Domain Dedication">CC0
  Public Domain Dedication</a> for more information.</p>
</div>
</body>
    </notes>
    <annotation>
  <doqcs:timestamp xmlns:doqcs="http://www.doqcs.ncbs.res.in">Wed Oct 18 16:39:27 2006</doqcs:timestamp>
  <rdf:RDF xmlns:rdf="http://www.w3.org/1999/02/22-rdf-syntax-ns#" xmlns:dc="http://purl.org/dc/elements/1.1/" xmlns:dcterms="http://purl.org/dc/terms/" xmlns:vCard="http://www.w3.org/2001/vcard-rdf/3.0#" xmlns:bqbiol="http://biomodels.net/biology-qualifiers/" xmlns:bqmodel="http://biomodels.net/model-qualifiers/">
        <rdf:Description rdf:about="#COPASI0">
	<dc:creator>
	<rdf:Bag>
	<rdf:li rdf:parseType="Resource">
	<vCard:N rdf:parseType="Resource">
	<vCard:Family>Roberts</vCard:Family>
	<vCard:Given>Matthew Grant</vCard:Given>
	</vCard:N>
	<vCard:EMAIL>mroberts@ebi.ac.uk</vCard:EMAIL>
	<vCard:ORG rdf:parseType="Resource">
	<vCard:Orgname>EMBL-EBI</vCard:Orgname>
	</vCard:ORG>
	</rdf:li>
	</rdf:Bag>
	</dc:creator>
	<dcterms:created rdf:parseType="Resource">
	<dcterms:W3CDTF>2018-03-19T15:37:09Z</dcterms:W3CDTF>
	</dcterms:created>
	<dcterms:modified rdf:parseType="Resource">
	<dcterms:W3CDTF>2018-03-19T16:08:24Z</dcterms:W3CDTF>
	</dcterms:modified>
	<dcterms:modified rdf:parseType="Resource">
	<dcterms:W3CDTF>2018-03-19T16:08:24Z</dcterms:W3CDTF>
	</dcterms:modified>
	<bqmodel:is>
	<rdf:Bag>
	<rdf:li rdf:resource="http://identifiers.org/biomodels.db/MODEL4968912141"/>
	</rdf:Bag>
	</bqmodel:is>
	<bqmodel:isDescribedBy>
	<rdf:Bag>
	<rdf:li rdf:resource="http://identifiers.org/pubmed/12667087"/>
	</rdf:Bag>
	</bqmodel:isDescribedBy>
	<bqmodel:is>
	<rdf:Bag>
	<rdf:li rdf:resource="http://identifiers.org/biomodels.db/BIOMD0000000692"/>
	</rdf:Bag>
	</bqmodel:is>
	<bqbiol:hasPart>
	<rdf:Bag>
	<rdf:li rdf:resource="http://identifiers.org/kegg.orthology/K08052"/>
	</rdf:Bag>
	</bqbiol:hasPart>
	<bqbiol:isPartOf>
	<rdf:Bag>
	<rdf:li rdf:resource="http://identifiers.org/kegg.pathway/ko04014"/>
	</rdf:Bag>
	</bqbiol:isPartOf>
	<bqbiol:isVersionOf>
	<rdf:Bag>
	<rdf:li rdf:resource="http://identifiers.org/go/GO:1904475"/>
	</rdf:Bag>
	</bqbiol:isVersionOf>
	<bqbiol:hasTaxon>
	<rdf:Bag>
	<rdf:li rdf:resource="http://identifiers.org/taxonomy/562"/>
	</rdf:Bag>
	</bqbiol:hasTaxon>
	<bqbiol:isDescribedBy>
	<rdf:Bag>
	<rdf:li rdf:resource="http://identifiers.org/pubmed/12667087"/>
	</rdf:Bag>
	</bqbiol:isDescribedBy>
	</rdf:Description>
	
	
	
	
	
  </rdf:RDF>
  <COPASI xmlns="http://www.copasi.org/static/sbml">
    <rdf:RDF xmlns:rdf="http://www.w3.org/1999/02/22-rdf-syntax-ns#" xmlns:CopasiMT="http://www.copasi.org/RDF/MiriamTerms#" xmlns:bqbiol="http://biomodels.net/biology-qualifiers/" xmlns:dcterms="http://purl.org/dc/terms/" xmlns:vCard="http://www.w3.org/2001/vcard-rdf/3.0#">
      <rdf:Description rdf:about="#COPASI0">
        <bqbiol:hasTaxon>
          <rdf:Bag>
            <rdf:li rdf:resource="http://identifiers.org/taxonomy/562"/>
          </rdf:Bag>
        </bqbiol:hasTaxon>
        <dcterms:bibliographicCitation>
          <rdf:Bag>
            <rdf:li>
              <rdf:Description>
                <CopasiMT:isDescribedBy rdf:resource="http://identifiers.org/pubmed/12667087"/>
              </rdf:Description>
            </rdf:li>
          </rdf:Bag>
        </dcterms:bibliographicCitation>
        <dcterms:created>
          <rdf:Description>
            <dcterms:W3CDTF>2018-03-19T15:37:09Z</dcterms:W3CDTF>
          </rdf:Description>
        </dcterms:created>
        <dcterms:creator>
          <rdf:Description>
            <vCard:EMAIL>mroberts@ebi.ac.uk</vCard:EMAIL>
            <vCard:N>
              <rdf:Description>
                <vCard:Family>Roberts</vCard:Family>
                <vCard:Given>Matthew Grant</vCard:Given>
              </rdf:Description>
            </vCard:N>
            <vCard:ORG>
              <rdf:Description>
                <vCard:Orgname>EMBL-EBI</vCard:Orgname>
              </rdf:Description>
            </vCard:ORG>
          </rdf:Description>
        </dcterms:creator>
        <CopasiMT:hasPart rdf:resource="urn:miriam:kegg.orthology:K08052"/>
        <CopasiMT:is>
          <rdf:Bag>
            <rdf:li rdf:resource="urn:miriam:biomodels.db:MODEL4968912141"/>
          </rdf:Bag>
        </CopasiMT:is>
        <CopasiMT:isPartOf rdf:resource="urn:miriam:kegg.pathway:ko04014"/>
        <CopasiMT:isVersionOf>
          <rdf:Bag>
            <rdf:li rdf:resource="urn:miriam:go:GO:1904475"/>
          </rdf:Bag>
        </CopasiMT:isVersionOf>
      </rdf:Description>
    </rdf:RDF>
  </COPASI>
</annotation>
      <listOfFunctionDefinitions>
      <functionDefinition id="Function_for_GTP_hydrolysis_sbo_2_sbc" metaid="b087c94d-7730-4015-9180-267563cf1677" name="Function for GTP_hydrolysis_sbo_2_sbc_">
        <math xmlns="http://www.w3.org/1998/Math/MathML">        
          <lambda>
            <bvar>
              <ci> Pi </ci>
            </bvar>
            <bvar>
              <ci> RasGDP_NF1 </ci>
            </bvar>
            <bvar>
              <ci> RasGDP_minus_NF1_Pi </ci>
            </bvar>
            <bvar>
              <ci> geometry </ci>
            </bvar>
            <bvar>
              <ci> kb </ci>
            </bvar>
            <bvar>
              <ci> kf </ci>
            </bvar>
            <apply>
              <divide/>
              <apply>
                <minus/>
                <apply>
                  <times/>
                  <ci> kf </ci>
                  <ci> RasGDP_minus_NF1_Pi </ci>
                </apply>
                <apply>
                  <times/>
                  <ci> kb </ci>
                  <ci> Pi </ci>
                  <ci> RasGDP_NF1 </ci>
                </apply>
              </apply>
              <ci> geometry </ci>
            </apply>
          </lambda>
        </math>
            </functionDefinition>
      <functionDefinition id="Function_for_NF1_binding" metaid="_71fd4c1c-e115-424e-87e9-72a2a0443eca" name="Function for NF1_binding">
        <math xmlns="http://www.w3.org/1998/Math/MathML">        
          <lambda>
            <bvar>
              <ci> NF1 </ci>
            </bvar>
            <bvar>
              <ci> RasGTP </ci>
            </bvar>
            <bvar>
              <ci> RasGTP_minus_NF1 </ci>
            </bvar>
            <bvar>
              <ci> geometry </ci>
            </bvar>
            <bvar>
              <ci> kb </ci>
            </bvar>
            <bvar>
              <ci> kf </ci>
            </bvar>
            <apply>
              <divide/>
              <apply>
                <minus/>
                <apply>
                  <times/>
                  <ci> kf </ci>
                  <ci> RasGTP </ci>
                  <ci> NF1 </ci>
                </apply>
                <apply>
                  <times/>
                  <ci> kb </ci>
                  <ci> RasGTP_minus_NF1 </ci>
                </apply>
              </apply>
              <ci> geometry </ci>
            </apply>
          </lambda>
        </math>
            </functionDefinition>
      <functionDefinition id="Function_for_Ras_activation" metaid="_2f84e184-9f33-431c-a190-27d5c937856b" name="Function for Ras_activation">
        <math xmlns="http://www.w3.org/1998/Math/MathML">        
          <lambda>
            <bvar>
              <ci> RasGTP_minus_NF1 </ci>
            </bvar>
            <bvar>
              <ci> RasGTP_minus_NF1_star_ </ci>
            </bvar>
            <bvar>
              <ci> geometry </ci>
            </bvar>
            <bvar>
              <ci> kb </ci>
            </bvar>
            <bvar>
              <ci> kf </ci>
            </bvar>
            <apply>
              <divide/>
              <apply>
                <minus/>
                <apply>
                  <times/>
                  <ci> kf </ci>
                  <ci> RasGTP_minus_NF1 </ci>
                </apply>
                <apply>
                  <times/>
                  <ci> kb </ci>
                  <ci> RasGTP_minus_NF1_star_ </ci>
                </apply>
              </apply>
              <ci> geometry </ci>
            </apply>
          </lambda>
        </math>
            </functionDefinition>
      <functionDefinition id="Function_for_GAP_dissociation" metaid="fb8f2d9d-e3c6-477a-a453-2d3d13cd5d6b" name="Function for GAP_dissociation">
        <math xmlns="http://www.w3.org/1998/Math/MathML">        
          <lambda>
            <bvar>
              <ci> NF1 </ci>
            </bvar>
            <bvar>
              <ci> RasGDP </ci>
            </bvar>
            <bvar>
              <ci> RasGDP_NF1 </ci>
            </bvar>
            <bvar>
              <ci> geometry </ci>
            </bvar>
            <bvar>
              <ci> kb </ci>
            </bvar>
            <bvar>
              <ci> kf </ci>
            </bvar>
            <apply>
              <divide/>
              <apply>
                <minus/>
                <apply>
                  <times/>
                  <ci> kf </ci>
                  <ci> RasGDP_NF1 </ci>
                </apply>
                <apply>
                  <times/>
                  <ci> kb </ci>
                  <ci> RasGDP </ci>
                  <ci> NF1 </ci>
                </apply>
              </apply>
              <ci> geometry </ci>
            </apply>
          </lambda>
        </math>
            </functionDefinition>
      <functionDefinition id="Function_for_GTP_hydrolysis_sbo_1_sbc" metaid="_831e8d25-19ac-439d-b046-66e5a9e15c41" name="Function for GTP_hydrolysis_sbo_1_sbc_">
        <math xmlns="http://www.w3.org/1998/Math/MathML">        
          <lambda>
            <bvar>
              <ci> RasGDP_minus_NF1_Pi </ci>
            </bvar>
            <bvar>
              <ci> RasGTP_minus_NF1_star_ </ci>
            </bvar>
            <bvar>
              <ci> geometry </ci>
            </bvar>
            <bvar>
              <ci> kb </ci>
            </bvar>
            <bvar>
              <ci> kf </ci>
            </bvar>
            <apply>
              <divide/>
              <apply>
                <minus/>
                <apply>
                  <times/>
                  <ci> kf </ci>
                  <ci> RasGTP_minus_NF1_star_ </ci>
                </apply>
                <apply>
                  <times/>
                  <ci> kb </ci>
                  <ci> RasGDP_minus_NF1_Pi </ci>
                </apply>
              </apply>
              <ci> geometry </ci>
            </apply>
          </lambda>
        </math>
            </functionDefinition>
    </listOfFunctionDefinitions>
    <listOfUnitDefinitions>
      <unitDefinition id="substance" metaid="b66c3b5d-33e7-47a9-8ef7-ef911765c912" name="substance">
        <listOfUnits>
          <unit exponent="1" kind="mole" metaid="_3cc6ba09-2831-4d45-a98a-dd16768407c0" multiplier="1" scale="-6"/>
        </listOfUnits>
      </unitDefinition>
    </listOfUnitDefinitions>
    <listOfCompartments>
      <compartment constant="true" id="geometry" metaid="COPASI1" name="E. coli" size="5.236E-13" spatialDimensions="3">
        <annotation>
      <COPASI xmlns="http://www.copasi.org/static/sbml">
        <rdf:RDF xmlns:rdf="http://www.w3.org/1999/02/22-rdf-syntax-ns#" xmlns:dcterms="http://purl.org/dc/terms/">
          <rdf:Description rdf:about="#COPASI1">
            <dcterms:created>
              <rdf:Description>
                <dcterms:W3CDTF>2018-03-19T16:01:47Z</dcterms:W3CDTF>
              </rdf:Description>
            </dcterms:created>
          </rdf:Description>
        </rdf:RDF>
      </COPASI>
    </annotation>
            </compartment>
    </listOfCompartments>
    <listOfSpecies>
      <species boundaryCondition="false" compartment="geometry" constant="false" id="Pi" initialConcentration="1" metaid="COPASI2" name="Pi">
        <annotation>
      <rdf:RDF xmlns:rdf="http://www.w3.org/1999/02/22-rdf-syntax-ns#" xmlns:dc="http://purl.org/dc/elements/1.1/" xmlns:dcterms="http://purl.org/dc/terms/" xmlns:vCard="http://www.w3.org/2001/vcard-rdf/3.0#" xmlns:bqbiol="http://biomodels.net/biology-qualifiers/" xmlns:bqmodel="http://biomodels.net/model-qualifiers/">
            <rdf:Description rdf:about="#COPASI2">
	<bqbiol:isVersionOf>
	<rdf:Bag>
	<rdf:li rdf:resource="http://identifiers.org/chebi/CHEBI:24838"/>
	</rdf:Bag>
	</bqbiol:isVersionOf>
	</rdf:Description>
	
	
	
	
	
      </rdf:RDF>
      <COPASI xmlns="http://www.copasi.org/static/sbml">
        <rdf:RDF xmlns:rdf="http://www.w3.org/1999/02/22-rdf-syntax-ns#" xmlns:CopasiMT="http://www.copasi.org/RDF/MiriamTerms#" xmlns:dcterms="http://purl.org/dc/terms/">
          <rdf:Description rdf:about="#COPASI2">
            <dcterms:created>
              <rdf:Description>
                <dcterms:W3CDTF>2018-03-19T15:39:00Z</dcterms:W3CDTF>
              </rdf:Description>
            </dcterms:created>
            <CopasiMT:isVersionOf rdf:resource="urn:miriam:chebi:CHEBI:24838"/>
          </rdf:Description>
        </rdf:RDF>
      </COPASI>
    </annotation>
            </species>
      <species boundaryCondition="false" compartment="geometry" constant="false" id="RasGTP" initialConcentration="1" metaid="COPASI3" name="RasGTP">
        <annotation>
      <rdf:RDF xmlns:rdf="http://www.w3.org/1999/02/22-rdf-syntax-ns#" xmlns:dc="http://purl.org/dc/elements/1.1/" xmlns:dcterms="http://purl.org/dc/terms/" xmlns:vCard="http://www.w3.org/2001/vcard-rdf/3.0#" xmlns:bqbiol="http://biomodels.net/biology-qualifiers/" xmlns:bqmodel="http://biomodels.net/model-qualifiers/">
            <rdf:Description rdf:about="#COPASI3">
              <bqbiol:hasPart>
	<rdf:Bag>
	<rdf:li rdf:resource="http://identifiers.org/kegg.compound/C00044"/>
	</rdf:Bag>
	</bqbiol:hasPart>
	
	<bqbiol:isVersionOf>
	<rdf:Bag>
	<rdf:li rdf:resource="http://identifiers.org/ncbigene/43873"/>
	</rdf:Bag>
	</bqbiol:isVersionOf>
	</rdf:Description>
	
	
	
	
	
      </rdf:RDF>
      <COPASI xmlns="http://www.copasi.org/static/sbml">
        <rdf:RDF xmlns:rdf="http://www.w3.org/1999/02/22-rdf-syntax-ns#" xmlns:CopasiMT="http://www.copasi.org/RDF/MiriamTerms#" xmlns:dcterms="http://purl.org/dc/terms/">
          <rdf:Description rdf:about="#COPASI3">
            <dcterms:created>
              <rdf:Description>
                <dcterms:W3CDTF>2018-03-19T16:50:30Z</dcterms:W3CDTF>
              </rdf:Description>
            </dcterms:created>
            <CopasiMT:hasPart rdf:resource="urn:miriam:kegg.compound:C00044"/>
            <CopasiMT:isVersionOf rdf:resource="urn:miriam:ncbigene:43873"/>
          </rdf:Description>
        </rdf:RDF>
      </COPASI>
    </annotation>
            </species>
      <species boundaryCondition="false" compartment="geometry" constant="false" id="RasGTP_minus_NF1" initialConcentration="0" metaid="COPASI4" name="RasGTP_minus_NF1">
        <annotation>
      <rdf:RDF xmlns:rdf="http://www.w3.org/1999/02/22-rdf-syntax-ns#" xmlns:dc="http://purl.org/dc/elements/1.1/" xmlns:dcterms="http://purl.org/dc/terms/" xmlns:vCard="http://www.w3.org/2001/vcard-rdf/3.0#" xmlns:bqbiol="http://biomodels.net/biology-qualifiers/" xmlns:bqmodel="http://biomodels.net/model-qualifiers/">
            <rdf:Description rdf:about="#COPASI4">
              <bqbiol:hasPart>
	<rdf:Bag>
	<rdf:li rdf:resource="http://identifiers.org/kegg.orthology/K08052"/>
	</rdf:Bag>
	</bqbiol:hasPart>
	<bqbiol:hasPart>
	<rdf:Bag>
	<rdf:li rdf:resource="http://identifiers.org/kegg.compound/C00044"/>
	</rdf:Bag>
	</bqbiol:hasPart>
	
	<bqbiol:isVersionOf>
	<rdf:Bag>
	<rdf:li rdf:resource="http://identifiers.org/ncbigene/43873"/>
	</rdf:Bag>
	</bqbiol:isVersionOf>
	</rdf:Description>
	
	
	
	
	
      </rdf:RDF>
      <COPASI xmlns="http://www.copasi.org/static/sbml">
        <rdf:RDF xmlns:rdf="http://www.w3.org/1999/02/22-rdf-syntax-ns#" xmlns:CopasiMT="http://www.copasi.org/RDF/MiriamTerms#" xmlns:dcterms="http://purl.org/dc/terms/">
          <rdf:Description rdf:about="#COPASI4">
            <dcterms:created>
              <rdf:Description>
                <dcterms:W3CDTF>2018-03-19T16:50:35Z</dcterms:W3CDTF>
              </rdf:Description>
            </dcterms:created>
            <CopasiMT:hasPart rdf:resource="urn:miriam:kegg.compound:C00044"/>
            <CopasiMT:hasPart rdf:resource="urn:miriam:kegg.orthology:K08052"/>
            <CopasiMT:isVersionOf rdf:resource="urn:miriam:ncbigene:43873"/>
          </rdf:Description>
        </rdf:RDF>
      </COPASI>
    </annotation>
            </species>
      <species boundaryCondition="false" compartment="geometry" constant="false" id="RasGTP_minus_NF1_star_" initialConcentration="0" metaid="COPASI5" name="RasGTP_minus_NF1_star_">
        <annotation>
      <rdf:RDF xmlns:rdf="http://www.w3.org/1999/02/22-rdf-syntax-ns#" xmlns:dc="http://purl.org/dc/elements/1.1/" xmlns:dcterms="http://purl.org/dc/terms/" xmlns:vCard="http://www.w3.org/2001/vcard-rdf/3.0#" xmlns:bqbiol="http://biomodels.net/biology-qualifiers/" xmlns:bqmodel="http://biomodels.net/model-qualifiers/">
            <rdf:Description rdf:about="#COPASI5">
              <bqbiol:hasPart>
	<rdf:Bag>
	<rdf:li rdf:resource="http://identifiers.org/kegg.orthology/K08052"/>
	</rdf:Bag>
	</bqbiol:hasPart>
	<bqbiol:hasPart>
	<rdf:Bag>
	<rdf:li rdf:resource="http://identifiers.org/kegg.compound/C00044"/>
	</rdf:Bag>
	</bqbiol:hasPart>
	
	<bqbiol:isVersionOf>
	<rdf:Bag>
	<rdf:li rdf:resource="http://identifiers.org/ncbigene/43873"/>
	</rdf:Bag>
	</bqbiol:isVersionOf>
	</rdf:Description>
	
	
	
	
	
      </rdf:RDF>
      <COPASI xmlns="http://www.copasi.org/static/sbml">
        <rdf:RDF xmlns:rdf="http://www.w3.org/1999/02/22-rdf-syntax-ns#" xmlns:CopasiMT="http://www.copasi.org/RDF/MiriamTerms#" xmlns:dcterms="http://purl.org/dc/terms/">
          <rdf:Description rdf:about="#COPASI5">
            <dcterms:created>
              <rdf:Description>
                <dcterms:W3CDTF>2018-03-19T16:50:40Z</dcterms:W3CDTF>
              </rdf:Description>
            </dcterms:created>
            <CopasiMT:hasPart rdf:resource="urn:miriam:kegg.compound:C00044"/>
            <CopasiMT:hasPart rdf:resource="urn:miriam:kegg.orthology:K08052"/>
            <CopasiMT:isVersionOf rdf:resource="urn:miriam:ncbigene:43873"/>
          </rdf:Description>
        </rdf:RDF>
      </COPASI>
    </annotation>
            </species>
      <species boundaryCondition="false" compartment="geometry" constant="false" id="RasGDP_minus_NF1_Pi" initialConcentration="0" metaid="COPASI6" name="RasGDP_minus_NF1_Pi">
        <annotation>
      <rdf:RDF xmlns:rdf="http://www.w3.org/1999/02/22-rdf-syntax-ns#" xmlns:dc="http://purl.org/dc/elements/1.1/" xmlns:dcterms="http://purl.org/dc/terms/" xmlns:vCard="http://www.w3.org/2001/vcard-rdf/3.0#" xmlns:bqbiol="http://biomodels.net/biology-qualifiers/" xmlns:bqmodel="http://biomodels.net/model-qualifiers/">
            <rdf:Description rdf:about="#COPASI6">
              <bqbiol:hasPart>
	<rdf:Bag>
	<rdf:li rdf:resource="http://identifiers.org/kegg.compound/C00035"/>
	</rdf:Bag>
	</bqbiol:hasPart>
	<bqbiol:hasPart>
	<rdf:Bag>
	<rdf:li rdf:resource="http://identifiers.org/chebi/CHEBI:24838"/>
	</rdf:Bag>
	</bqbiol:hasPart>
	<bqbiol:hasPart>
	<rdf:Bag>
	<rdf:li rdf:resource="http://identifiers.org/kegg.orthology/K08052"/>
	</rdf:Bag>
	</bqbiol:hasPart>
	
	<bqbiol:isVersionOf>
	<rdf:Bag>
	<rdf:li rdf:resource="http://identifiers.org/ncbigene/43873"/>
	</rdf:Bag>
	</bqbiol:isVersionOf>
	</rdf:Description>
	
	
	
	
	
      </rdf:RDF>
      <COPASI xmlns="http://www.copasi.org/static/sbml">
        <rdf:RDF xmlns:rdf="http://www.w3.org/1999/02/22-rdf-syntax-ns#" xmlns:CopasiMT="http://www.copasi.org/RDF/MiriamTerms#" xmlns:dcterms="http://purl.org/dc/terms/">
          <rdf:Description rdf:about="#COPASI6">
            <dcterms:created>
              <rdf:Description>
                <dcterms:W3CDTF>2018-03-19T16:43:08Z</dcterms:W3CDTF>
              </rdf:Description>
            </dcterms:created>
            <CopasiMT:hasPart rdf:resource="urn:miriam:chebi:CHEBI:24838"/>
            <CopasiMT:hasPart rdf:resource="urn:miriam:kegg.compound:C00035"/>
            <CopasiMT:hasPart rdf:resource="urn:miriam:kegg.orthology:K08052"/>
            <CopasiMT:isVersionOf rdf:resource="urn:miriam:ncbigene:43873"/>
          </rdf:Description>
        </rdf:RDF>
      </COPASI>
    </annotation>
            </species>
      <species boundaryCondition="false" compartment="geometry" constant="false" id="RasGDP_NF1" initialConcentration="0" metaid="COPASI7" name="RasGDP_NF1">
        <annotation>
      <rdf:RDF xmlns:rdf="http://www.w3.org/1999/02/22-rdf-syntax-ns#" xmlns:dc="http://purl.org/dc/elements/1.1/" xmlns:dcterms="http://purl.org/dc/terms/" xmlns:vCard="http://www.w3.org/2001/vcard-rdf/3.0#" xmlns:bqbiol="http://biomodels.net/biology-qualifiers/" xmlns:bqmodel="http://biomodels.net/model-qualifiers/">
            <rdf:Description rdf:about="#COPASI7">
              <bqbiol:hasPart>
	<rdf:Bag>
	<rdf:li rdf:resource="http://identifiers.org/kegg.orthology/K08052"/>
	</rdf:Bag>
	</bqbiol:hasPart>
	<bqbiol:hasPart>
	<rdf:Bag>
	<rdf:li rdf:resource="http://identifiers.org/kegg.compound/C00035"/>
	</rdf:Bag>
	</bqbiol:hasPart>
	
	<bqbiol:isVersionOf>
	<rdf:Bag>
	<rdf:li rdf:resource="http://identifiers.org/ncbigene/43873"/>
	</rdf:Bag>
	</bqbiol:isVersionOf>
	</rdf:Description>
	
	
	
	
	
      </rdf:RDF>
      <COPASI xmlns="http://www.copasi.org/static/sbml">
        <rdf:RDF xmlns:rdf="http://www.w3.org/1999/02/22-rdf-syntax-ns#" xmlns:CopasiMT="http://www.copasi.org/RDF/MiriamTerms#" xmlns:dcterms="http://purl.org/dc/terms/">
          <rdf:Description rdf:about="#COPASI7">
            <dcterms:created>
              <rdf:Description>
                <dcterms:W3CDTF>2018-03-19T16:49:03Z</dcterms:W3CDTF>
              </rdf:Description>
            </dcterms:created>
            <CopasiMT:hasPart rdf:resource="urn:miriam:kegg.compound:C00035"/>
            <CopasiMT:hasPart rdf:resource="urn:miriam:kegg.orthology:K08052"/>
            <CopasiMT:isVersionOf rdf:resource="urn:miriam:ncbigene:43873"/>
          </rdf:Description>
        </rdf:RDF>
      </COPASI>
    </annotation>
            </species>
      <species boundaryCondition="false" compartment="geometry" constant="false" id="RasGDP" initialConcentration="0" metaid="COPASI8" name="RasGDP">
        <annotation>
      <rdf:RDF xmlns:rdf="http://www.w3.org/1999/02/22-rdf-syntax-ns#" xmlns:dc="http://purl.org/dc/elements/1.1/" xmlns:dcterms="http://purl.org/dc/terms/" xmlns:vCard="http://www.w3.org/2001/vcard-rdf/3.0#" xmlns:bqbiol="http://biomodels.net/biology-qualifiers/" xmlns:bqmodel="http://biomodels.net/model-qualifiers/">
            <rdf:Description rdf:about="#COPASI8">
              <bqbiol:hasPart>
	<rdf:Bag>
	<rdf:li rdf:resource="http://identifiers.org/kegg.compound/C00035"/>
	</rdf:Bag>
	</bqbiol:hasPart>
	
	<bqbiol:isVersionOf>
	<rdf:Bag>
	<rdf:li rdf:resource="http://identifiers.org/ncbigene/43873"/>
	</rdf:Bag>
	</bqbiol:isVersionOf>
	</rdf:Description>
	
	
	
	
	
      </rdf:RDF>
      <COPASI xmlns="http://www.copasi.org/static/sbml">
        <rdf:RDF xmlns:rdf="http://www.w3.org/1999/02/22-rdf-syntax-ns#" xmlns:CopasiMT="http://www.copasi.org/RDF/MiriamTerms#" xmlns:dcterms="http://purl.org/dc/terms/">
          <rdf:Description rdf:about="#COPASI8">
            <dcterms:created>
              <rdf:Description>
                <dcterms:W3CDTF>2018-03-19T15:40:24Z</dcterms:W3CDTF>
              </rdf:Description>
            </dcterms:created>
            <CopasiMT:hasPart rdf:resource="urn:miriam:kegg.compound:C00035"/>
            <CopasiMT:isVersionOf rdf:resource="urn:miriam:ncbigene:43873"/>
          </rdf:Description>
        </rdf:RDF>
      </COPASI>
    </annotation>
            </species>
      <species boundaryCondition="false" compartment="geometry" constant="false" id="NF1" initialConcentration="9.99936338171632" metaid="COPASI9" name="NF1">
        <annotation>
      <rdf:RDF xmlns:rdf="http://www.w3.org/1999/02/22-rdf-syntax-ns#" xmlns:dc="http://purl.org/dc/elements/1.1/" xmlns:dcterms="http://purl.org/dc/terms/" xmlns:vCard="http://www.w3.org/2001/vcard-rdf/3.0#" xmlns:bqbiol="http://biomodels.net/biology-qualifiers/" xmlns:bqmodel="http://biomodels.net/model-qualifiers/">
            <rdf:Description rdf:about="#COPASI9">
	<bqbiol:isVersionOf>
	<rdf:Bag>
	<rdf:li rdf:resource="http://identifiers.org/kegg.orthology/K08052"/>
	</rdf:Bag>
	</bqbiol:isVersionOf>
	</rdf:Description>
	
	
	
	
	
      </rdf:RDF>
      <COPASI xmlns="http://www.copasi.org/static/sbml">
        <rdf:RDF xmlns:rdf="http://www.w3.org/1999/02/22-rdf-syntax-ns#" xmlns:CopasiMT="http://www.copasi.org/RDF/MiriamTerms#" xmlns:dcterms="http://purl.org/dc/terms/">
          <rdf:Description rdf:about="#COPASI9">
            <dcterms:created>
              <rdf:Description>
                <dcterms:W3CDTF>2018-03-19T16:16:44Z</dcterms:W3CDTF>
              </rdf:Description>
            </dcterms:created>
            <CopasiMT:isVersionOf rdf:resource="urn:miriam:kegg.orthology:K08052"/>
          </rdf:Description>
        </rdf:RDF>
      </COPASI>
    </annotation>
            </species>
    </listOfSpecies>
    <listOfParameters>
      <parameter constant="false" id="Pi_curve" metaid="COPASI10" name="Pi_curve" value="0">
        <notes>
      <body xmlns="http://www.w3.org/1999/xhtml">
        <pre>100*({[Pi]}-{[Pi]_0})/{[Pi]_0}</pre>
      </body>
    </notes>
        <annotation>
      <COPASI xmlns="http://www.copasi.org/static/sbml">
        <rdf:RDF xmlns:rdf="http://www.w3.org/1999/02/22-rdf-syntax-ns#" xmlns:dcterms="http://purl.org/dc/terms/">
          <rdf:Description rdf:about="#COPASI10">
            <dcterms:created>
              <rdf:Description>
                <dcterms:W3CDTF>2018-03-19T15:38:37Z</dcterms:W3CDTF>
              </rdf:Description>
            </dcterms:created>
          </rdf:Description>
        </rdf:RDF>
      </COPASI>
    </annotation>
            </parameter>
      <parameter constant="false" id="hplc_curve" metaid="COPASI11" name="hplc_curve" value="100">
        <notes>
      <body xmlns="http://www.w3.org/1999/xhtml">
        <pre>{[RasGTP]}*100/{[RasGTP]_0}</pre>
      </body>
    </notes>
        <annotation>
      <COPASI xmlns="http://www.copasi.org/static/sbml">
        <rdf:RDF xmlns:rdf="http://www.w3.org/1999/02/22-rdf-syntax-ns#" xmlns:dcterms="http://purl.org/dc/terms/">
          <rdf:Description rdf:about="#COPASI11">
            <dcterms:created>
              <rdf:Description>
                <dcterms:W3CDTF>2018-03-19T15:39:27Z</dcterms:W3CDTF>
              </rdf:Description>
            </dcterms:created>
          </rdf:Description>
        </rdf:RDF>
      </COPASI>
    </annotation>
            </parameter>
    </listOfParameters>
    <listOfRules>
      <assignmentRule metaid="_071dcdf7-ee25-460f-9fa4-6b9bd6f7c958" variable="Pi_curve">
        <math xmlns="http://www.w3.org/1998/Math/MathML">        
          <apply>
            <divide/>
            <apply>
              <times/>
              <cn> 100 </cn>
              <apply>
                <minus/>
                <ci> Pi </ci>
                <cn> 1 </cn>
              </apply>
            </apply>
            <cn> 1 </cn>
          </apply>
        </math>
            </assignmentRule>
      <assignmentRule metaid="_192198eb-9d9d-4a27-a468-0ddd4b57153a" variable="hplc_curve">
        <math xmlns="http://www.w3.org/1998/Math/MathML">        
          <apply>
            <divide/>
            <apply>
              <times/>
              <ci> RasGTP </ci>
              <cn> 100 </cn>
            </apply>
            <cn> 1 </cn>
          </apply>
        </math>
            </assignmentRule>
    </listOfRules>
    <listOfReactions>
      <reaction id="GTP_hydrolysis_sbo_1_sbc_" metaid="COPASI12" name="GTP_hydrolysis_sbo_1_sbc_" reversible="true">
        <notes>
      <body xmlns="http://www.w3.org/1999/xhtml">
        First step in hydrolysis of GTP bound to Ras complexed with NF1 - a mammalian GAP Kf = 19.5 /sec Kb = 0.22 /sec Table 3, Phillips RA et al 2003 Biochemistry 3956-3965</body>
    </notes>
        <annotation>
      <rdf:RDF xmlns:rdf="http://www.w3.org/1999/02/22-rdf-syntax-ns#" xmlns:dc="http://purl.org/dc/elements/1.1/" xmlns:dcterms="http://purl.org/dc/terms/" xmlns:vCard="http://www.w3.org/2001/vcard-rdf/3.0#" xmlns:bqbiol="http://biomodels.net/biology-qualifiers/" xmlns:bqmodel="http://biomodels.net/model-qualifiers/">
            <rdf:Description rdf:about="#COPASI12">
	<bqbiol:isVersionOf>
	<rdf:Bag>
	<rdf:li rdf:resource="http://identifiers.org/sbo/SBO:0000376"/>
	</rdf:Bag>
	</bqbiol:isVersionOf>
	</rdf:Description>
	
	
	
	
	
      </rdf:RDF>
      <COPASI xmlns="http://www.copasi.org/static/sbml">
        <rdf:RDF xmlns:rdf="http://www.w3.org/1999/02/22-rdf-syntax-ns#" xmlns:CopasiMT="http://www.copasi.org/RDF/MiriamTerms#" xmlns:dcterms="http://purl.org/dc/terms/">
          <rdf:Description rdf:about="#COPASI12">
            <dcterms:created>
              <rdf:Description>
                <dcterms:W3CDTF>2018-03-19T15:44:17Z</dcterms:W3CDTF>
              </rdf:Description>
            </dcterms:created>
            <CopasiMT:isVersionOf rdf:resource="urn:miriam:sbo:SBO:0000376"/>
          </rdf:Description>
        </rdf:RDF>
      </COPASI>
    </annotation>
              <listOfReactants>
          <speciesReference metaid="d867bd4e-58f4-4979-8c80-b99aeaa9b7eb" species="RasGTP_minus_NF1_star_" stoichiometry="1"/>
        </listOfReactants>
        <listOfProducts>
          <speciesReference metaid="_48b882a1-7f58-4cb7-8a2f-521a91ca3092" species="RasGDP_minus_NF1_Pi" stoichiometry="1"/>
        </listOfProducts>
        <kineticLaw metaid="e095ed1f-35a8-4da6-a077-4d4788d60a5d">
          <math xmlns="http://www.w3.org/1998/Math/MathML">          
            <apply>
              <times/>
              <ci> geometry </ci>
              <apply>
                <ci> Function_for_GTP_hydrolysis_sbo_1_sbc </ci>
                <ci> RasGDP_minus_NF1_Pi </ci>
                <ci> RasGTP_minus_NF1_star_ </ci>
                <ci> geometry </ci>
                <ci> kb </ci>
                <ci> kf </ci>
              </apply>
            </apply>
          </math>
                  <listOfParameters>
            <parameter id="kb" metaid="d78501c7-5ce5-41f8-80b4-3bc88f027791" name="kb" value="1.15192E-13"/>
            <parameter id="kf" metaid="b62daaf7-c930-438d-b164-8af5c0b07d85" name="kf" value="1.02102E-11"/>
          </listOfParameters>
        </kineticLaw>
      </reaction>
      <reaction id="GTP_hydrolysis_sbo_2_sbc_" metaid="COPASI13" name="GTP_hydrolysis_sbo_2_sbc_" reversible="true">
        <notes>
      <body xmlns="http://www.w3.org/1999/xhtml">
        Second step in hydrolysis of GTP bound to Ras is complexed with NF1 - a mammalian GAP Kf = 40 /sec Kb = 108 /M/sec = 1.08e-04 /uM/sec Phillips RA et al 2003 Biochemistry 3956-3965</body>
    </notes>
        <annotation>
      <rdf:RDF xmlns:rdf="http://www.w3.org/1999/02/22-rdf-syntax-ns#" xmlns:dc="http://purl.org/dc/elements/1.1/" xmlns:dcterms="http://purl.org/dc/terms/" xmlns:vCard="http://www.w3.org/2001/vcard-rdf/3.0#" xmlns:bqbiol="http://biomodels.net/biology-qualifiers/" xmlns:bqmodel="http://biomodels.net/model-qualifiers/">
            <rdf:Description rdf:about="#COPASI13">
	<bqbiol:isVersionOf>
	<rdf:Bag>
	<rdf:li rdf:resource="http://identifiers.org/sbo/SBO:0000376"/>
	</rdf:Bag>
	</bqbiol:isVersionOf>
	</rdf:Description>
	
	
	
	
	
      </rdf:RDF>
      <COPASI xmlns="http://www.copasi.org/static/sbml">
        <rdf:RDF xmlns:rdf="http://www.w3.org/1999/02/22-rdf-syntax-ns#" xmlns:CopasiMT="http://www.copasi.org/RDF/MiriamTerms#" xmlns:dcterms="http://purl.org/dc/terms/">
          <rdf:Description rdf:about="#COPASI13">
            <dcterms:created>
              <rdf:Description>
                <dcterms:W3CDTF>2018-03-19T15:44:15Z</dcterms:W3CDTF>
              </rdf:Description>
            </dcterms:created>
            <CopasiMT:isVersionOf rdf:resource="urn:miriam:sbo:SBO:0000376"/>
          </rdf:Description>
        </rdf:RDF>
      </COPASI>
    </annotation>
              <listOfReactants>
          <speciesReference metaid="_96d66c6a-c8b1-4e62-9fdb-f5900ce11b43" species="RasGDP_minus_NF1_Pi" stoichiometry="1"/>
        </listOfReactants>
        <listOfProducts>
          <speciesReference metaid="_9af8e5d1-cd41-4e7f-8fa0-c96e8dda1db7" species="Pi" stoichiometry="1"/>
          <speciesReference metaid="f852daa5-7883-4248-9d46-c99f28384a82" species="RasGDP_NF1" stoichiometry="1"/>
        </listOfProducts>
        <kineticLaw metaid="ff66d8d9-6644-4276-af2c-dcd2be0227aa">
          <math xmlns="http://www.w3.org/1998/Math/MathML">          
            <apply>
              <times/>
              <ci> geometry </ci>
              <apply>
                <ci> Function_for_GTP_hydrolysis_sbo_2_sbc </ci>
                <ci> Pi </ci>
                <ci> RasGDP_NF1 </ci>
                <ci> RasGDP_minus_NF1_Pi </ci>
                <ci> geometry </ci>
                <ci> kb </ci>
                <ci> kf </ci>
              </apply>
            </apply>
          </math>
                  <listOfParameters>
            <parameter id="kb" metaid="fda37ff7-6f52-44a4-ad2b-989b62588121" name="kb" value="5.65482E-17"/>
            <parameter id="kf" metaid="_63bfe396-2f84-4b2f-b28e-e6e28eb00714" name="kf" value="2.0944E-11"/>
          </listOfParameters>
        </kineticLaw>
      </reaction>
      <reaction id="Ras_activation" metaid="COPASI14" name="Ras_activation" reversible="true">
        <notes>
      <body xmlns="http://www.w3.org/1999/xhtml">
        Activation of Ras by GAP (i.e NF1) Kf = 418 /sec Kb = 5.5 /sec Table 3, Phillips RA et al 2003 Biochemistry 3956-3965</body>
    </notes>
        <annotation>
      <COPASI xmlns="http://www.copasi.org/static/sbml">
        <rdf:RDF xmlns:rdf="http://www.w3.org/1999/02/22-rdf-syntax-ns#" xmlns:dcterms="http://purl.org/dc/terms/">
          <rdf:Description rdf:about="#COPASI14">
            <dcterms:created>
              <rdf:Description>
                <dcterms:W3CDTF>2018-03-19T15:50:22Z</dcterms:W3CDTF>
              </rdf:Description>
            </dcterms:created>
          </rdf:Description>
        </rdf:RDF>
      </COPASI>
    </annotation>
              <listOfReactants>
          <speciesReference metaid="_9b416c40-5460-4722-8edb-a23ef28d61ab" species="RasGTP_minus_NF1" stoichiometry="1"/>
        </listOfReactants>
        <listOfProducts>
          <speciesReference metaid="_8f9808c0-c330-40c1-90f1-8974b34e6303" species="RasGTP_minus_NF1_star_" stoichiometry="1"/>
        </listOfProducts>
        <kineticLaw metaid="_4d79433c-6a63-4e4f-9d2f-78605b463b21">
          <math xmlns="http://www.w3.org/1998/Math/MathML">          
            <apply>
              <times/>
              <ci> geometry </ci>
              <apply>
                <ci> Function_for_Ras_activation </ci>
                <ci> RasGTP_minus_NF1 </ci>
                <ci> RasGTP_minus_NF1_star_ </ci>
                <ci> geometry </ci>
                <ci> kb </ci>
                <ci> kf </ci>
              </apply>
            </apply>
          </math>
                  <listOfParameters>
            <parameter id="kb" metaid="f1a32452-6f57-4511-87c4-24a9c2ecc248" name="kb" value="2.8798E-12"/>
            <parameter id="kf" metaid="a155434e-39d9-4020-a70d-71f1cce6d00f" name="kf" value="2.18865E-10"/>
          </listOfParameters>
        </kineticLaw>
      </reaction>
      <reaction id="GAP_dissociation" metaid="COPASI15" name="GAP_dissociation" reversible="true">
        <notes>
      <body xmlns="http://www.w3.org/1999/xhtml">
        Dissociation of NF1 from Ras.GDP NF1 is a mammalian GAP Kf = 46.5 /sec Kb = 1.2 /sec/uM Table 3, Phillips RA et al 2003 Biochemistry 3956-3965</body>
    </notes>
        <annotation>
      <rdf:RDF xmlns:rdf="http://www.w3.org/1999/02/22-rdf-syntax-ns#" xmlns:dc="http://purl.org/dc/elements/1.1/" xmlns:dcterms="http://purl.org/dc/terms/" xmlns:vCard="http://www.w3.org/2001/vcard-rdf/3.0#" xmlns:bqbiol="http://biomodels.net/biology-qualifiers/" xmlns:bqmodel="http://biomodels.net/model-qualifiers/">
            <rdf:Description rdf:about="#COPASI15">
	<bqbiol:isVersionOf>
	<rdf:Bag>
	<rdf:li rdf:resource="http://identifiers.org/sbo/SBO:0000180"/>
	</rdf:Bag>
	</bqbiol:isVersionOf>
	</rdf:Description>
	
	
	
	
	
      </rdf:RDF>
      <COPASI xmlns="http://www.copasi.org/static/sbml">
        <rdf:RDF xmlns:rdf="http://www.w3.org/1999/02/22-rdf-syntax-ns#" xmlns:CopasiMT="http://www.copasi.org/RDF/MiriamTerms#" xmlns:dcterms="http://purl.org/dc/terms/">
          <rdf:Description rdf:about="#COPASI15">
            <dcterms:created>
              <rdf:Description>
                <dcterms:W3CDTF>2018-03-19T16:01:57Z</dcterms:W3CDTF>
              </rdf:Description>
            </dcterms:created>
            <CopasiMT:isVersionOf rdf:resource="urn:miriam:sbo:SBO:0000180"/>
          </rdf:Description>
        </rdf:RDF>
      </COPASI>
    </annotation>
              <listOfReactants>
          <speciesReference metaid="_22e33c08-d30d-4523-96f4-0c28e56912a4" species="RasGDP_NF1" stoichiometry="1"/>
        </listOfReactants>
        <listOfProducts>
          <speciesReference metaid="b592e8a8-9e70-4c93-a516-a1b5f95ded47" species="RasGDP" stoichiometry="1"/>
          <speciesReference metaid="_48c8e425-a396-41ba-ab5c-218a944ff5e7" species="NF1" stoichiometry="1"/>
        </listOfProducts>
        <kineticLaw metaid="_3c27c602-a3b1-415f-bfad-831a1b627603">
          <math xmlns="http://www.w3.org/1998/Math/MathML">          
            <apply>
              <times/>
              <ci> geometry </ci>
              <apply>
                <ci> Function_for_GAP_dissociation </ci>
                <ci> NF1 </ci>
                <ci> RasGDP </ci>
                <ci> RasGDP_NF1 </ci>
                <ci> geometry </ci>
                <ci> kb </ci>
                <ci> kf </ci>
              </apply>
            </apply>
          </math>
                  <listOfParameters>
            <parameter id="kb" metaid="f0b594bb-625b-4737-b46f-a5e46a257076" name="kb" value="6.28318E-13"/>
            <parameter id="kf" metaid="f900e113-bf23-48c8-a650-c2cb9ac9772f" name="kf" value="2.43474E-11"/>
          </listOfParameters>
        </kineticLaw>
      </reaction>
      <reaction id="NF1_binding" metaid="COPASI16" name="NF1_binding" reversible="true">
        <notes>
      <body xmlns="http://www.w3.org/1999/xhtml">
        Binding of NF1 to Ras.GTP NF1 is a mammalian GAP Kd = 5.3 uM Table 3, Phillips RA et al 2003 Biochemistry 3956-3965</body>
    </notes>
        <annotation>
      <COPASI xmlns="http://www.copasi.org/static/sbml">
        <rdf:RDF xmlns:rdf="http://www.w3.org/1999/02/22-rdf-syntax-ns#" xmlns:dcterms="http://purl.org/dc/terms/">
          <rdf:Description rdf:about="#COPASI16">
            <dcterms:created>
              <rdf:Description>
                <dcterms:W3CDTF>2018-03-19T16:58:45Z</dcterms:W3CDTF>
              </rdf:Description>
            </dcterms:created>
          </rdf:Description>
        </rdf:RDF>
      </COPASI>
    </annotation>
              <listOfReactants>
          <speciesReference metaid="d5de1d41-1b42-4167-b565-a753ace63562" species="RasGTP" stoichiometry="1"/>
          <speciesReference metaid="ea8d0d0b-ece0-4d7c-b3e7-890a9777d1da" species="NF1" stoichiometry="1"/>
        </listOfReactants>
        <listOfProducts>
          <speciesReference metaid="a766101f-3adf-4246-b7a0-401917bb8836" species="RasGTP_minus_NF1" stoichiometry="1"/>
        </listOfProducts>
        <kineticLaw metaid="bcfd6c7d-b8ca-41e9-a3aa-3d883087ec64">
          <math xmlns="http://www.w3.org/1998/Math/MathML">          
            <apply>
              <times/>
              <ci> geometry </ci>
              <apply>
                <ci> Function_for_NF1_binding </ci>
                <ci> NF1 </ci>
                <ci> RasGTP </ci>
                <ci> RasGTP_minus_NF1 </ci>
                <ci> geometry </ci>
                <ci> kb </ci>
                <ci> kf </ci>
              </apply>
            </apply>
          </math>
                  <listOfParameters>
            <parameter id="kb" metaid="_2a18e8df-f50c-425a-ac01-abf024069fab" name="kb" value="3.3301E-12"/>
            <parameter id="kf" metaid="_63ecd738-ba47-4dce-9523-e9cc0642a241" name="kf" value="6.28318E-13"/>
          </listOfParameters>
        </kineticLaw>
      </reaction>
    </listOfReactions>
  </model>
</sbml>