<?xml version="1.0" encoding="UTF-8"?>
<sbml xmlns="http://www.sbml.org/sbml/level2/version4" level="2" version="4">
  <model metaid="COPASI0" id="Smith1980_HypothalamicRegulation" name="Smith1980 - Hypothalamic Regulation">
    <notes>
      <body xmlns="http://www.w3.org/1999/xhtml">
        <p>This a model from the article:      <br/>
        <strong>Hypothalamic regulation of pituitary secretion of luteinizing hormone.II. Feedback control of gonadotropin secretion.</strong>
        <br/>
          Smith WR      <em>Bull Math Biol.</em>
          (1980) 42(1): 57-78      <a href="http://www.ncbi.nlm.nih.gov/pubmed/6986927">6986927</a>
          ,      <br/>
        <strong>Abstract:</strong>
        <br/>
          No Abstract Available      </p>
        <p>This model was taken from the      <a href="http://www.cellml.org/models">CellML repository</a>
          and automatically converted to SBML.      <br/>
          The original model was:      <a href="http://www.cellml.org/models/smith_1980_version02">
          <strong>smith,1980,version02</strong>
        </a>
        <br/>
          The original CellML model was created by:      <br/>
        <strong>Lloyd, Catherine, May</strong>
        <br/>
          c.lloyd@auckland.ac.nz      <br/>
          The University of Auckland      <br/>
          Auckland Bioengineering Institute      <br/></p>
        <p>This model originates from BioModels Database: A Database of Annotated Published Models (http://www.ebi.ac.uk/biomodels/). It is copyright (c) 2005-2011 The BioModels.net Team.      <br/>
          To the extent possible under law, all copyright and related or neighbouring rights to this encoded model have been dedicated to the public domain worldwide. Please refer to      <a href="http://creativecommons.org/publicdomain/zero/1.0/" title="Creative Commons CC0">CC0 Public Domain Dedication</a>
          for more information.      </p>
        <p>In summary, you are entitled to use this encoded model in absolutely any manner you deem suitable, verbatim, or with modification, alone or embedded it in a larger context, redistribute it, commercially or not, in a restricted way or not..      <br/>
        <br/>
          To cite BioModels Database, please use:      <a href="http://www.ncbi.nlm.nih.gov/pubmed/20587024" target="_blank">Li C, Donizelli M, Rodriguez N, Dharuri H, Endler L, Chelliah V, Li L, He E, Henry A, Stefan MI, Snoep JL, Hucka M, Le Novère N, Laibe C (2010) BioModels Database: An enhanced, curated and annotated resource for published quantitative kinetic models. BMC Syst Biol., 4:92.</a></p>
      </body>
    </notes>
    <annotation>
      <rdf:RDF xmlns:rdf="http://www.w3.org/1999/02/22-rdf-syntax-ns#" xmlns:dc="http://purl.org/dc/elements/1.1/" xmlns:dcterms="http://purl.org/dc/terms/" xmlns:vCard="http://www.w3.org/2001/vcard-rdf/3.0#" xmlns:bqbiol="http://biomodels.net/biology-qualifiers/" xmlns:bqmodel="http://biomodels.net/model-qualifiers/">
        <rdf:Description rdf:about="#COPASI0">
          <dc:creator>
            <rdf:Bag>
              <rdf:li rdf:parseType="Resource">
                <vCard:N rdf:parseType="Resource">
                  <vCard:Family>Sharif Shohan</vCard:Family>
                  <vCard:Given>Mohammad Umer</vCard:Given>
                </vCard:N>
                <vCard:EMAIL>msharifshohan@ebi.ac.uk</vCard:EMAIL>
                <vCard:ORG rdf:parseType="Resource">
                  <vCard:Orgname>EMBL-EBI</vCard:Orgname>
                </vCard:ORG>
              </rdf:li>
            </rdf:Bag>
          </dc:creator>
          <dcterms:created rdf:parseType="Resource">
            <dcterms:W3CDTF>2019-10-07T14:27:32Z</dcterms:W3CDTF>
          </dcterms:created>
          <dcterms:modified rdf:parseType="Resource">
            <dcterms:W3CDTF>2019-10-08T15:08:58Z</dcterms:W3CDTF>
          </dcterms:modified>
          <bqmodel:isInstanceOf>
            <rdf:Bag>
              <rdf:li rdf:resource="http://identifiers.org/mamo/MAMO_0000046"/>
              <rdf:li rdf:resource="http://identifiers.org/biomodels.db/MODEL7898438988"/>
              <rdf:li rdf:resource="http://identifiers.org/taxonomy/9913"/>
              <rdf:li rdf:resource="http://identifiers.org/go/GO:0032274"/>
            </rdf:Bag>
          </bqmodel:isInstanceOf>
          <bqmodel:isInstanceOf>
            <rdf:Bag>
              <rdf:li rdf:resource="http://identifiers.org/go/GO:0032275"/>
            </rdf:Bag>
          </bqmodel:isInstanceOf>
          <bqmodel:isDescribedBy>
            <rdf:Bag>
              <rdf:li rdf:resource="http://identifiers.org/go/GO:0032274"/>
              <rdf:li rdf:resource="http://identifiers.org/go/GO:0032275"/>
              <rdf:li rdf:resource="http://identifiers.org/pubmed/6986927"/>
            </rdf:Bag>
          </bqmodel:isDescribedBy>
          <bqbiol:hasProperty>
            <rdf:Bag>
              <rdf:li rdf:resource="http://identifiers.org/mamo/MAMO_0000046"/>
            </rdf:Bag>
          </bqbiol:hasProperty>
          <bqbiol:hasProperty>
            <rdf:Bag>
              <rdf:li rdf:resource="http://identifiers.org/biomodels.db/MODEL7898438988"/>
            </rdf:Bag>
          </bqbiol:hasProperty>
          <bqbiol:hasTaxon>
            <rdf:Bag>
              <rdf:li rdf:resource="http://identifiers.org/taxonomy/9913"/>
            </rdf:Bag>
          </bqbiol:hasTaxon>
          <bqmodel:is>
            <rdf:Bag>
              <rdf:li rdf:resource="http://identifiers.org/biomodels.db/MODEL7898438988"/>
              <rdf:li rdf:resource="http://identifiers.org/biomodels.db/BIOMD0000000831"/>
            </rdf:Bag>
          </bqmodel:is>
        </rdf:Description>
      </rdf:RDF>
      <COPASI xmlns="http://www.copasi.org/static/sbml">
        <rdf:RDF xmlns:CopasiMT="http://www.copasi.org/RDF/MiriamTerms#" xmlns:bqbiol="http://biomodels.net/biology-qualifiers/" xmlns:bqmodel="http://biomodels.net/model-qualifiers/" xmlns:dcterms="http://purl.org/dc/terms/" xmlns:rdf="http://www.w3.org/1999/02/22-rdf-syntax-ns#" xmlns:vCard="http://www.w3.org/2001/vcard-rdf/3.0#">
          <rdf:Description rdf:about="#COPASI0">
            <bqbiol:hasProperty rdf:resource="urn:miriam:biomodels.db:MODEL7898438988"/>
            <bqbiol:hasProperty rdf:resource="urn:miriam:mamo:MAMO_0000046"/>
            <bqbiol:hasTaxon rdf:resource="urn:miriam:taxonomy:9913"/>
            <bqmodel:isInstanceOf rdf:resource="urn:miriam:go:GO:0032274"/>
            <bqmodel:isInstanceOf rdf:resource="urn:miriam:go:GO:0032275"/>
            <dcterms:bibliographicCitation>
              <rdf:Description>
                <dcterms:description>Hypothalamic regulation of pituitary secretion of luteinizing hormone. II. Feedback control of gonadotropin secretion.</dcterms:description>
                <CopasiMT:isDescribedBy rdf:resource="urn:miriam:pubmed:6986927"/>
              </rdf:Description>
            </dcterms:bibliographicCitation>
            <dcterms:created>
              <rdf:Description>
                <dcterms:W3CDTF>2019-10-07T14:27:32Z</dcterms:W3CDTF>
              </rdf:Description>
            </dcterms:created>
            <dcterms:creator>
              <rdf:Description>
                <vCard:EMAIL>msharifshohan@ebi.ac.uk</vCard:EMAIL>
                <vCard:N>
                  <rdf:Description>
                    <vCard:Family>Sharif Shohan</vCard:Family>
                    <vCard:Given>Mohammad Umer</vCard:Given>
                  </rdf:Description>
                </vCard:N>
                <vCard:ORG>
                  <rdf:Description>
                    <vCard:Orgname>EMBL-EBI</vCard:Orgname>
                  </rdf:Description>
                </vCard:ORG>
              </rdf:Description>
            </dcterms:creator>
            <dcterms:modified>
              <rdf:Description>
                <dcterms:W3CDTF>2019-10-08T15:08:58</dcterms:W3CDTF>
              </rdf:Description>
            </dcterms:modified>
          </rdf:Description>
        </rdf:RDF>
      </COPASI>
    </annotation>
    <listOfFunctionDefinitions>
      <functionDefinition metaid="COPASI20" id="Function_for_R_formation" name="Function for R formation">
        <annotation>
          <COPASI xmlns="http://www.copasi.org/static/sbml">
            <rdf:RDF xmlns:dcterms="http://purl.org/dc/terms/" xmlns:rdf="http://www.w3.org/1999/02/22-rdf-syntax-ns#">
              <rdf:Description rdf:about="#COPASI20">
                <dcterms:created>
                  <rdf:Description>
                    <dcterms:W3CDTF>2019-10-07T15:44:52Z</dcterms:W3CDTF>
                  </rdf:Description>
                </dcterms:created>
              </rdf:Description>
            </rdf:RDF>
          </COPASI>
        </annotation>
        <math xmlns="http://www.w3.org/1998/Math/MathML">
          <lambda>
            <bvar>
              <ci> c </ci>
            </bvar>
            <bvar>
              <ci> h </ci>
            </bvar>
            <bvar>
              <ci> T </ci>
            </bvar>
            <bvar>
              <ci> H </ci>
            </bvar>
            <apply>
              <times/>
              <apply>
                <minus/>
                <ci> c </ci>
                <apply>
                  <times/>
                  <ci> h </ci>
                  <ci> T </ci>
                </apply>
              </apply>
              <apply>
                <minus/>
                <cn> 1 </cn>
                <ci> H </ci>
              </apply>
            </apply>
          </lambda>
        </math>
      </functionDefinition>
      <functionDefinition metaid="COPASI21" id="Function_for_R_degradation" name="Function for R degradation">
        <annotation>
          <COPASI xmlns="http://www.copasi.org/static/sbml">
            <rdf:RDF xmlns:dcterms="http://purl.org/dc/terms/" xmlns:rdf="http://www.w3.org/1999/02/22-rdf-syntax-ns#">
              <rdf:Description rdf:about="#COPASI21">
                <dcterms:created>
                  <rdf:Description>
                    <dcterms:W3CDTF>2019-10-08T09:11:46Z</dcterms:W3CDTF>
                  </rdf:Description>
                </dcterms:created>
              </rdf:Description>
            </rdf:RDF>
          </COPASI>
        </annotation>
        <math xmlns="http://www.w3.org/1998/Math/MathML">
          <lambda>
            <bvar>
              <ci> b1 </ci>
            </bvar>
            <bvar>
              <ci> R </ci>
            </bvar>
            <apply>
              <times/>
              <ci> b1 </ci>
              <ci> R </ci>
            </apply>
          </lambda>
        </math>
      </functionDefinition>
      <functionDefinition metaid="COPASI22" id="Function_fror_LH_formation" name="Function fror LH formation">
        <annotation>
          <COPASI xmlns="http://www.copasi.org/static/sbml">
            <rdf:RDF xmlns:dcterms="http://purl.org/dc/terms/" xmlns:rdf="http://www.w3.org/1999/02/22-rdf-syntax-ns#">
              <rdf:Description rdf:about="#COPASI22">
                <dcterms:created>
                  <rdf:Description>
                    <dcterms:W3CDTF>2019-10-08T09:18:03Z</dcterms:W3CDTF>
                  </rdf:Description>
                </dcterms:created>
              </rdf:Description>
            </rdf:RDF>
          </COPASI>
        </annotation>
        <math xmlns="http://www.w3.org/1998/Math/MathML">
          <lambda>
            <bvar>
              <ci> g1 </ci>
            </bvar>
            <bvar>
              <ci> R </ci>
            </bvar>
            <apply>
              <times/>
              <ci> g1 </ci>
              <ci> R </ci>
            </apply>
          </lambda>
        </math>
      </functionDefinition>
      <functionDefinition metaid="COPASI23" id="Function_for_LH_degradation" name="Function for LH degradation">
        <annotation>
          <COPASI xmlns="http://www.copasi.org/static/sbml">
            <rdf:RDF xmlns:dcterms="http://purl.org/dc/terms/" xmlns:rdf="http://www.w3.org/1999/02/22-rdf-syntax-ns#">
              <rdf:Description rdf:about="#COPASI23">
                <dcterms:created>
                  <rdf:Description>
                    <dcterms:W3CDTF>2019-10-08T09:20:22Z</dcterms:W3CDTF>
                  </rdf:Description>
                </dcterms:created>
              </rdf:Description>
            </rdf:RDF>
          </COPASI>
        </annotation>
        <math xmlns="http://www.w3.org/1998/Math/MathML">
          <lambda>
            <bvar>
              <ci> b2 </ci>
            </bvar>
            <bvar>
              <ci> L </ci>
            </bvar>
            <apply>
              <times/>
              <ci> b2 </ci>
              <ci> L </ci>
            </apply>
          </lambda>
        </math>
      </functionDefinition>
      <functionDefinition metaid="COPASI24" id="Function_for_T_formation" name="Function for T formation">
        <annotation>
          <COPASI xmlns="http://www.copasi.org/static/sbml">
            <rdf:RDF xmlns:dcterms="http://purl.org/dc/terms/" xmlns:rdf="http://www.w3.org/1999/02/22-rdf-syntax-ns#">
              <rdf:Description rdf:about="#COPASI24">
                <dcterms:created>
                  <rdf:Description>
                    <dcterms:W3CDTF>2019-10-08T09:54:36Z</dcterms:W3CDTF>
                  </rdf:Description>
                </dcterms:created>
              </rdf:Description>
            </rdf:RDF>
          </COPASI>
        </annotation>
        <math xmlns="http://www.w3.org/1998/Math/MathML">
          <lambda>
            <bvar>
              <ci> g2 </ci>
            </bvar>
            <bvar>
              <ci> L </ci>
            </bvar>
            <apply>
              <times/>
              <ci> g2 </ci>
              <ci> L </ci>
            </apply>
          </lambda>
        </math>
      </functionDefinition>
      <functionDefinition metaid="COPASI25" id="Function_for_T_degradation" name="Function for T degradation">
        <annotation>
          <COPASI xmlns="http://www.copasi.org/static/sbml">
            <rdf:RDF xmlns:dcterms="http://purl.org/dc/terms/" xmlns:rdf="http://www.w3.org/1999/02/22-rdf-syntax-ns#">
              <rdf:Description rdf:about="#COPASI25">
                <dcterms:created>
                  <rdf:Description>
                    <dcterms:W3CDTF>2019-10-08T09:57:25Z</dcterms:W3CDTF>
                  </rdf:Description>
                </dcterms:created>
              </rdf:Description>
            </rdf:RDF>
          </COPASI>
        </annotation>
        <math xmlns="http://www.w3.org/1998/Math/MathML">
          <lambda>
            <bvar>
              <ci> b3 </ci>
            </bvar>
            <bvar>
              <ci> T </ci>
            </bvar>
            <apply>
              <times/>
              <ci> b3 </ci>
              <ci> T </ci>
            </apply>
          </lambda>
        </math>
      </functionDefinition>
    </listOfFunctionDefinitions>
    <listOfUnitDefinitions>
      <unitDefinition id="volume" name="volume">
        <listOfUnits>
          <unit kind="litre" exponent="1" scale="-3" multiplier="1"/>
        </listOfUnits>
      </unitDefinition>
      <unitDefinition id="time" name="time">
        <listOfUnits>
          <unit kind="second" exponent="1" scale="0" multiplier="3600"/>
        </listOfUnits>
      </unitDefinition>
      <unitDefinition id="substance" name="substance">
        <listOfUnits>
          <unit kind="mole" exponent="1" scale="-12" multiplier="1"/>
        </listOfUnits>
      </unitDefinition>
      <unitDefinition id="unit_0" name="1/h">
        <listOfUnits>
          <unit kind="second" exponent="-1" scale="2" multiplier="3600"/>
        </listOfUnits>
      </unitDefinition>
      <unitDefinition id="unit_1" name="ng/(l*h)">
        <listOfUnits>
          <unit kind="gram" exponent="1" scale="-9" multiplier="1"/>
          <unit kind="litre" exponent="-1" scale="0" multiplier="1"/>
          <unit kind="second" exponent="-1" scale="2" multiplier="3600"/>
        </listOfUnits>
      </unitDefinition>
      <unitDefinition id="unit_2" name="ng/l">
        <listOfUnits>
          <unit kind="gram" exponent="1" scale="-9" multiplier="1"/>
          <unit kind="litre" exponent="-1" scale="0" multiplier="1"/>
        </listOfUnits>
      </unitDefinition>
      <unitDefinition id="unit_3" name="1">
        <listOfUnits>
          <unit kind="dimensionless" exponent="0" scale="0" multiplier="1"/>
        </listOfUnits>
      </unitDefinition>
    </listOfUnitDefinitions>
    <listOfCompartments>
      <compartment metaid="COPASI1" id="Compartment" name="Com" spatialDimensions="3" size="1" constant="true">
        <annotation>
          <COPASI xmlns="http://www.copasi.org/static/sbml">
            <rdf:RDF xmlns:dcterms="http://purl.org/dc/terms/" xmlns:rdf="http://www.w3.org/1999/02/22-rdf-syntax-ns#">
              <rdf:Description rdf:about="#COPASI1">
                <dcterms:created>
                  <rdf:Description>
                    <dcterms:W3CDTF>2019-10-08T12:17:26Z</dcterms:W3CDTF>
                  </rdf:Description>
                </dcterms:created>
              </rdf:Description>
            </rdf:RDF>
          </COPASI>
        </annotation>
      </compartment>
    </listOfCompartments>
    <listOfSpecies>
      <species metaid="COPASI2" id="R" name="R" compartment="Compartment" initialConcentration="0.5" boundaryCondition="false" constant="false">
        <annotation>
          <rdf:RDF xmlns:rdf="http://www.w3.org/1999/02/22-rdf-syntax-ns#" xmlns:dc="http://purl.org/dc/elements/1.1/" xmlns:dcterms="http://purl.org/dc/terms/" xmlns:vCard="http://www.w3.org/2001/vcard-rdf/3.0#" xmlns:bqbiol="http://biomodels.net/biology-qualifiers/" xmlns:bqmodel="http://biomodels.net/model-qualifiers/">
            <rdf:Description rdf:about="#COPASI2">
              <bqbiol:is>
                <rdf:Bag>
                  <rdf:li rdf:resource="http://identifiers.org/uniprot/B0FMT3"/>
                </rdf:Bag>
              </bqbiol:is>
            </rdf:Description>
          </rdf:RDF>
          <COPASI xmlns="http://www.copasi.org/static/sbml">
            <rdf:RDF xmlns:CopasiMT="http://www.copasi.org/RDF/MiriamTerms#" xmlns:dcterms="http://purl.org/dc/terms/" xmlns:rdf="http://www.w3.org/1999/02/22-rdf-syntax-ns#">
              <rdf:Description rdf:about="#COPASI2">
                <dcterms:created>
                  <rdf:Description>
                    <dcterms:W3CDTF>2019-10-08T12:31:42Z</dcterms:W3CDTF>
                  </rdf:Description>
                </dcterms:created>
                <CopasiMT:is rdf:resource="urn:miriam:uniprot:B0FMT3"/>
              </rdf:Description>
            </rdf:RDF>
          </COPASI>
        </annotation>
      </species>
      <species metaid="COPASI3" id="L" name="L" compartment="Compartment" initialConcentration="22" boundaryCondition="false" constant="false">
        <annotation>
          <rdf:RDF xmlns:rdf="http://www.w3.org/1999/02/22-rdf-syntax-ns#" xmlns:dc="http://purl.org/dc/elements/1.1/" xmlns:dcterms="http://purl.org/dc/terms/" xmlns:vCard="http://www.w3.org/2001/vcard-rdf/3.0#" xmlns:bqbiol="http://biomodels.net/biology-qualifiers/" xmlns:bqmodel="http://biomodels.net/model-qualifiers/">
            <rdf:Description rdf:about="#COPASI3">
              <bqbiol:is>
                <rdf:Bag>
                  <rdf:li rdf:resource="http://identifiers.org/uniprot/Q9I999"/>
                </rdf:Bag>
              </bqbiol:is>
            </rdf:Description>
          </rdf:RDF>
          <COPASI xmlns="http://www.copasi.org/static/sbml">
            <rdf:RDF xmlns:CopasiMT="http://www.copasi.org/RDF/MiriamTerms#" xmlns:dcterms="http://purl.org/dc/terms/" xmlns:rdf="http://www.w3.org/1999/02/22-rdf-syntax-ns#">
              <rdf:Description rdf:about="#COPASI3">
                <dcterms:created>
                  <rdf:Description>
                    <dcterms:W3CDTF>2019-10-08T12:17:43Z</dcterms:W3CDTF>
                  </rdf:Description>
                </dcterms:created>
                <CopasiMT:is rdf:resource="urn:miriam:uniprot:Q9I999"/>
              </rdf:Description>
            </rdf:RDF>
          </COPASI>
        </annotation>
      </species>
      <species metaid="COPASI4" id="T" name="T" compartment="Compartment" initialConcentration="15" boundaryCondition="false" constant="false">
        <annotation>
          <rdf:RDF xmlns:rdf="http://www.w3.org/1999/02/22-rdf-syntax-ns#" xmlns:dc="http://purl.org/dc/elements/1.1/" xmlns:dcterms="http://purl.org/dc/terms/" xmlns:vCard="http://www.w3.org/2001/vcard-rdf/3.0#" xmlns:bqbiol="http://biomodels.net/biology-qualifiers/" xmlns:bqmodel="http://biomodels.net/model-qualifiers/">
            <rdf:Description rdf:about="#COPASI4">
              <bqbiol:is>
                <rdf:Bag>
                  <rdf:li rdf:resource="http://identifiers.org/uniprot/Q5I3B1"/>
                </rdf:Bag>
              </bqbiol:is>
            </rdf:Description>
          </rdf:RDF>
          <COPASI xmlns="http://www.copasi.org/static/sbml">
            <rdf:RDF xmlns:CopasiMT="http://www.copasi.org/RDF/MiriamTerms#" xmlns:dcterms="http://purl.org/dc/terms/" xmlns:rdf="http://www.w3.org/1999/02/22-rdf-syntax-ns#">
              <rdf:Description rdf:about="#COPASI4">
                <dcterms:created>
                  <rdf:Description>
                    <dcterms:W3CDTF>2019-10-08T12:33:53Z</dcterms:W3CDTF>
                  </rdf:Description>
                </dcterms:created>
                <CopasiMT:is rdf:resource="urn:miriam:uniprot:Q5I3B1"/>
              </rdf:Description>
            </rdf:RDF>
          </COPASI>
        </annotation>
      </species>
    </listOfSpecies>
    <listOfParameters>
      <parameter metaid="COPASI5" id="h" name="h" value="12" units="unit_0" constant="true">
        <annotation>
          <COPASI xmlns="http://www.copasi.org/static/sbml">
            <rdf:RDF xmlns:dcterms="http://purl.org/dc/terms/" xmlns:rdf="http://www.w3.org/1999/02/22-rdf-syntax-ns#">
              <rdf:Description rdf:about="#COPASI5">
                <dcterms:created>
                  <rdf:Description>
                    <dcterms:W3CDTF>2019-10-07T14:28:15Z</dcterms:W3CDTF>
                  </rdf:Description>
                </dcterms:created>
              </rdf:Description>
            </rdf:RDF>
          </COPASI>
        </annotation>
      </parameter>
      <parameter metaid="COPASI6" id="c" name="c" value="100" units="unit_1" constant="true">
        <annotation>
          <COPASI xmlns="http://www.copasi.org/static/sbml">
            <rdf:RDF xmlns:dcterms="http://purl.org/dc/terms/" xmlns:rdf="http://www.w3.org/1999/02/22-rdf-syntax-ns#">
              <rdf:Description rdf:about="#COPASI6">
                <dcterms:created>
                  <rdf:Description>
                    <dcterms:W3CDTF>2019-10-07T14:27:56Z</dcterms:W3CDTF>
                  </rdf:Description>
                </dcterms:created>
              </rdf:Description>
            </rdf:RDF>
          </COPASI>
        </annotation>
      </parameter>
      <parameter metaid="COPASI7" id="b1" name="b1" value="1.29" units="unit_0" constant="true">
        <annotation>
          <COPASI xmlns="http://www.copasi.org/static/sbml">
            <rdf:RDF xmlns:dcterms="http://purl.org/dc/terms/" xmlns:rdf="http://www.w3.org/1999/02/22-rdf-syntax-ns#">
              <rdf:Description rdf:about="#COPASI7">
                <dcterms:created>
                  <rdf:Description>
                    <dcterms:W3CDTF>2019-10-07T14:27:42Z</dcterms:W3CDTF>
                  </rdf:Description>
                </dcterms:created>
              </rdf:Description>
            </rdf:RDF>
          </COPASI>
        </annotation>
      </parameter>
      <parameter metaid="COPASI8" id="g1" name="g1" value="10" units="unit_0" constant="true">
        <annotation>
          <COPASI xmlns="http://www.copasi.org/static/sbml">
            <rdf:RDF xmlns:dcterms="http://purl.org/dc/terms/" xmlns:rdf="http://www.w3.org/1999/02/22-rdf-syntax-ns#">
              <rdf:Description rdf:about="#COPASI8">
                <dcterms:created>
                  <rdf:Description>
                    <dcterms:W3CDTF>2019-10-07T14:28:06Z</dcterms:W3CDTF>
                  </rdf:Description>
                </dcterms:created>
              </rdf:Description>
            </rdf:RDF>
          </COPASI>
        </annotation>
      </parameter>
      <parameter metaid="COPASI9" id="b2" name="b2" value="0.97" units="unit_0" constant="true">
        <annotation>
          <COPASI xmlns="http://www.copasi.org/static/sbml">
            <rdf:RDF xmlns:dcterms="http://purl.org/dc/terms/" xmlns:rdf="http://www.w3.org/1999/02/22-rdf-syntax-ns#">
              <rdf:Description rdf:about="#COPASI9">
                <dcterms:created>
                  <rdf:Description>
                    <dcterms:W3CDTF>2019-10-07T14:27:47Z</dcterms:W3CDTF>
                  </rdf:Description>
                </dcterms:created>
              </rdf:Description>
            </rdf:RDF>
          </COPASI>
        </annotation>
      </parameter>
      <parameter metaid="COPASI10" id="g2" name="g2" value="0.7" units="unit_0" constant="true">
        <annotation>
          <COPASI xmlns="http://www.copasi.org/static/sbml">
            <rdf:RDF xmlns:dcterms="http://purl.org/dc/terms/" xmlns:rdf="http://www.w3.org/1999/02/22-rdf-syntax-ns#">
              <rdf:Description rdf:about="#COPASI10">
                <dcterms:created>
                  <rdf:Description>
                    <dcterms:W3CDTF>2019-10-07T14:28:11Z</dcterms:W3CDTF>
                  </rdf:Description>
                </dcterms:created>
              </rdf:Description>
            </rdf:RDF>
          </COPASI>
        </annotation>
      </parameter>
      <parameter metaid="COPASI11" id="b3" name="b3" value="1.39" units="unit_0" constant="true">
        <annotation>
          <COPASI xmlns="http://www.copasi.org/static/sbml">
            <rdf:RDF xmlns:dcterms="http://purl.org/dc/terms/" xmlns:rdf="http://www.w3.org/1999/02/22-rdf-syntax-ns#">
              <rdf:Description rdf:about="#COPASI11">
                <dcterms:created>
                  <rdf:Description>
                    <dcterms:W3CDTF>2019-10-07T14:27:51Z</dcterms:W3CDTF>
                  </rdf:Description>
                </dcterms:created>
              </rdf:Description>
            </rdf:RDF>
          </COPASI>
        </annotation>
      </parameter>
      <parameter metaid="COPASI12" id="x" name="x" value="6.66666666666667" units="unit_2" constant="false">
        <annotation>
          <COPASI xmlns="http://www.copasi.org/static/sbml">
            <rdf:RDF xmlns:dcterms="http://purl.org/dc/terms/" xmlns:rdf="http://www.w3.org/1999/02/22-rdf-syntax-ns#">
              <rdf:Description rdf:about="#COPASI12">
                <dcterms:created>
                  <rdf:Description>
                    <dcterms:W3CDTF>2019-10-08T11:23:46Z</dcterms:W3CDTF>
                  </rdf:Description>
                </dcterms:created>
              </rdf:Description>
            </rdf:RDF>
          </COPASI>
        </annotation>
      </parameter>
      <parameter metaid="COPASI13" id="H" name="H" value="1" units="unit_3" constant="false">
        <annotation>
          <COPASI xmlns="http://www.copasi.org/static/sbml">
            <rdf:RDF xmlns:dcterms="http://purl.org/dc/terms/" xmlns:rdf="http://www.w3.org/1999/02/22-rdf-syntax-ns#">
              <rdf:Description rdf:about="#COPASI13">
                <dcterms:created>
                  <rdf:Description>
                    <dcterms:W3CDTF>2019-10-08T11:25:58Z</dcterms:W3CDTF>
                  </rdf:Description>
                </dcterms:created>
              </rdf:Description>
            </rdf:RDF>
          </COPASI>
        </annotation>
      </parameter>
    </listOfParameters>
    <listOfRules>
      <assignmentRule variable="x">
        <math xmlns="http://www.w3.org/1998/Math/MathML">
          <apply>
            <minus/>
            <ci> T </ci>
            <apply>
              <divide/>
              <ci> c </ci>
              <ci> h </ci>
            </apply>
          </apply>
        </math>
      </assignmentRule>
      <assignmentRule variable="H">
        <math xmlns="http://www.w3.org/1998/Math/MathML">
          <piecewise>
            <piece>
              <cn> 1 </cn>
              <apply>
                <gt/>
                <ci> x </ci>
                <cn> 0 </cn>
              </apply>
            </piece>
            <otherwise>
              <cn> 0 </cn>
            </otherwise>
          </piecewise>
        </math>
      </assignmentRule>
    </listOfRules>
    <listOfReactions>
      <reaction metaid="COPASI14" id="LH_formation" name="LH formation" reversible="false">
        <annotation>
          <rdf:RDF xmlns:rdf="http://www.w3.org/1999/02/22-rdf-syntax-ns#" xmlns:dc="http://purl.org/dc/elements/1.1/" xmlns:dcterms="http://purl.org/dc/terms/" xmlns:vCard="http://www.w3.org/2001/vcard-rdf/3.0#" xmlns:bqbiol="http://biomodels.net/biology-qualifiers/" xmlns:bqmodel="http://biomodels.net/model-qualifiers/">
            <rdf:Description rdf:about="#COPASI14">
              <bqbiol:hasProperty>
                <rdf:Bag>
                  <rdf:li rdf:resource="http://identifiers.org/ncit/C25513"/>
                </rdf:Bag>
              </bqbiol:hasProperty>
            </rdf:Description>
          </rdf:RDF>
          <COPASI xmlns="http://www.copasi.org/static/sbml">
            <rdf:RDF xmlns:bqbiol="http://biomodels.net/biology-qualifiers/" xmlns:dcterms="http://purl.org/dc/terms/" xmlns:rdf="http://www.w3.org/1999/02/22-rdf-syntax-ns#">
              <rdf:Description rdf:about="#COPASI14">
                <bqbiol:hasProperty rdf:resource="urn:miriam:ncit:C25513"/>
                <dcterms:created>
                  <rdf:Description>
                    <dcterms:W3CDTF>2019-10-08T09:17:38Z</dcterms:W3CDTF>
                  </rdf:Description>
                </dcterms:created>
              </rdf:Description>
            </rdf:RDF>
          </COPASI>
        </annotation>
        <listOfProducts>
          <speciesReference species="L" stoichiometry="1"/>
        </listOfProducts>
        <listOfModifiers>
          <modifierSpeciesReference species="R"/>
        </listOfModifiers>
        <kineticLaw>
          <math xmlns="http://www.w3.org/1998/Math/MathML">
            <apply>
              <times/>
              <ci> Compartment </ci>
              <apply>
                <ci> Function_fror_LH_formation </ci>
                <ci> g1 </ci>
                <ci> R </ci>
              </apply>
            </apply>
          </math>
        </kineticLaw>
      </reaction>
      <reaction metaid="COPASI15" id="T_formation" name="T formation" reversible="false">
        <annotation>
          <rdf:RDF xmlns:rdf="http://www.w3.org/1999/02/22-rdf-syntax-ns#" xmlns:dc="http://purl.org/dc/elements/1.1/" xmlns:dcterms="http://purl.org/dc/terms/" xmlns:vCard="http://www.w3.org/2001/vcard-rdf/3.0#" xmlns:bqbiol="http://biomodels.net/biology-qualifiers/" xmlns:bqmodel="http://biomodels.net/model-qualifiers/">
            <rdf:Description rdf:about="#COPASI15">
              <bqbiol:hasProperty>
                <rdf:Bag>
                  <rdf:li rdf:resource="http://identifiers.org/ncit/C25513"/>
                </rdf:Bag>
              </bqbiol:hasProperty>
            </rdf:Description>
          </rdf:RDF>
          <COPASI xmlns="http://www.copasi.org/static/sbml">
            <rdf:RDF xmlns:bqbiol="http://biomodels.net/biology-qualifiers/" xmlns:dcterms="http://purl.org/dc/terms/" xmlns:rdf="http://www.w3.org/1999/02/22-rdf-syntax-ns#">
              <rdf:Description rdf:about="#COPASI15">
                <bqbiol:hasProperty rdf:resource="urn:miriam:ncit:C25513"/>
                <dcterms:created>
                  <rdf:Description>
                    <dcterms:W3CDTF>2019-10-08T09:17:29Z</dcterms:W3CDTF>
                  </rdf:Description>
                </dcterms:created>
              </rdf:Description>
            </rdf:RDF>
          </COPASI>
        </annotation>
        <listOfProducts>
          <speciesReference species="T" stoichiometry="1"/>
        </listOfProducts>
        <listOfModifiers>
          <modifierSpeciesReference species="L"/>
        </listOfModifiers>
        <kineticLaw>
          <math xmlns="http://www.w3.org/1998/Math/MathML">
            <apply>
              <times/>
              <ci> Compartment </ci>
              <apply>
                <ci> Function_for_T_formation </ci>
                <ci> g2 </ci>
                <ci> L </ci>
              </apply>
            </apply>
          </math>
        </kineticLaw>
      </reaction>
      <reaction metaid="COPASI16" id="R_degradation" name="R degradation" reversible="false">
        <annotation>
          <rdf:RDF xmlns:rdf="http://www.w3.org/1999/02/22-rdf-syntax-ns#" xmlns:dc="http://purl.org/dc/elements/1.1/" xmlns:dcterms="http://purl.org/dc/terms/" xmlns:vCard="http://www.w3.org/2001/vcard-rdf/3.0#" xmlns:bqbiol="http://biomodels.net/biology-qualifiers/" xmlns:bqmodel="http://biomodels.net/model-qualifiers/">
            <rdf:Description rdf:about="#COPASI16">
              <bqbiol:hasProperty>
                <rdf:Bag>
                  <rdf:li rdf:resource="http://identifiers.org/sbo/SBO:0000179"/>
                </rdf:Bag>
              </bqbiol:hasProperty>
            </rdf:Description>
          </rdf:RDF>
          <COPASI xmlns="http://www.copasi.org/static/sbml">
            <rdf:RDF xmlns:bqbiol="http://biomodels.net/biology-qualifiers/" xmlns:dcterms="http://purl.org/dc/terms/" xmlns:rdf="http://www.w3.org/1999/02/22-rdf-syntax-ns#">
              <rdf:Description rdf:about="#COPASI16">
                <bqbiol:hasProperty rdf:resource="urn:miriam:sbo:SBO:0000179"/>
                <dcterms:created>
                  <rdf:Description>
                    <dcterms:W3CDTF>2019-10-07T15:48:58Z</dcterms:W3CDTF>
                  </rdf:Description>
                </dcterms:created>
              </rdf:Description>
            </rdf:RDF>
          </COPASI>
        </annotation>
        <listOfReactants>
          <speciesReference species="R" stoichiometry="1"/>
        </listOfReactants>
        <kineticLaw>
          <math xmlns="http://www.w3.org/1998/Math/MathML">
            <apply>
              <times/>
              <ci> Compartment </ci>
              <apply>
                <ci> Function_for_R_degradation </ci>
                <ci> b1 </ci>
                <ci> R </ci>
              </apply>
            </apply>
          </math>
        </kineticLaw>
      </reaction>
      <reaction metaid="COPASI17" id="LH_degradation" name="LH degradation" reversible="false">
        <annotation>
          <rdf:RDF xmlns:rdf="http://www.w3.org/1999/02/22-rdf-syntax-ns#" xmlns:dc="http://purl.org/dc/elements/1.1/" xmlns:dcterms="http://purl.org/dc/terms/" xmlns:vCard="http://www.w3.org/2001/vcard-rdf/3.0#" xmlns:bqbiol="http://biomodels.net/biology-qualifiers/" xmlns:bqmodel="http://biomodels.net/model-qualifiers/">
            <rdf:Description rdf:about="#COPASI17">
              <bqbiol:hasProperty>
                <rdf:Bag>
                  <rdf:li rdf:resource="http://identifiers.org/sbo/SBO:0000179"/>
                </rdf:Bag>
              </bqbiol:hasProperty>
            </rdf:Description>
          </rdf:RDF>
          <COPASI xmlns="http://www.copasi.org/static/sbml">
            <rdf:RDF xmlns:bqbiol="http://biomodels.net/biology-qualifiers/" xmlns:dcterms="http://purl.org/dc/terms/" xmlns:rdf="http://www.w3.org/1999/02/22-rdf-syntax-ns#">
              <rdf:Description rdf:about="#COPASI17">
                <bqbiol:hasProperty rdf:resource="urn:miriam:sbo:SBO:0000179"/>
                <dcterms:created>
                  <rdf:Description>
                    <dcterms:W3CDTF>2019-10-08T09:19:56Z</dcterms:W3CDTF>
                  </rdf:Description>
                </dcterms:created>
              </rdf:Description>
            </rdf:RDF>
          </COPASI>
        </annotation>
        <listOfReactants>
          <speciesReference species="L" stoichiometry="1"/>
        </listOfReactants>
        <kineticLaw>
          <math xmlns="http://www.w3.org/1998/Math/MathML">
            <apply>
              <times/>
              <ci> Compartment </ci>
              <apply>
                <ci> Function_for_LH_degradation </ci>
                <ci> b2 </ci>
                <ci> L </ci>
              </apply>
            </apply>
          </math>
        </kineticLaw>
      </reaction>
      <reaction metaid="COPASI18" id="T_degradation" name="T degradation" reversible="false">
        <annotation>
          <rdf:RDF xmlns:rdf="http://www.w3.org/1999/02/22-rdf-syntax-ns#" xmlns:dc="http://purl.org/dc/elements/1.1/" xmlns:dcterms="http://purl.org/dc/terms/" xmlns:vCard="http://www.w3.org/2001/vcard-rdf/3.0#" xmlns:bqbiol="http://biomodels.net/biology-qualifiers/" xmlns:bqmodel="http://biomodels.net/model-qualifiers/">
            <rdf:Description rdf:about="#COPASI18">
              <bqbiol:hasProperty>
                <rdf:Bag>
                  <rdf:li rdf:resource="http://identifiers.org/sbo/SBO:0000179"/>
                </rdf:Bag>
              </bqbiol:hasProperty>
            </rdf:Description>
          </rdf:RDF>
          <COPASI xmlns="http://www.copasi.org/static/sbml">
            <rdf:RDF xmlns:bqbiol="http://biomodels.net/biology-qualifiers/" xmlns:dcterms="http://purl.org/dc/terms/" xmlns:rdf="http://www.w3.org/1999/02/22-rdf-syntax-ns#">
              <rdf:Description rdf:about="#COPASI18">
                <bqbiol:hasProperty rdf:resource="urn:miriam:sbo:SBO:0000179"/>
                <dcterms:created>
                  <rdf:Description>
                    <dcterms:W3CDTF>2019-10-08T09:54:13Z</dcterms:W3CDTF>
                  </rdf:Description>
                </dcterms:created>
              </rdf:Description>
            </rdf:RDF>
          </COPASI>
        </annotation>
        <listOfReactants>
          <speciesReference species="T" stoichiometry="1"/>
        </listOfReactants>
        <kineticLaw>
          <math xmlns="http://www.w3.org/1998/Math/MathML">
            <apply>
              <times/>
              <ci> Compartment </ci>
              <apply>
                <ci> Function_for_T_degradation </ci>
                <ci> b3 </ci>
                <ci> T </ci>
              </apply>
            </apply>
          </math>
        </kineticLaw>
      </reaction>
      <reaction metaid="COPASI19" id="R_formation" name="R formation" reversible="false">
        <annotation>
          <rdf:RDF xmlns:rdf="http://www.w3.org/1999/02/22-rdf-syntax-ns#" xmlns:dc="http://purl.org/dc/elements/1.1/" xmlns:dcterms="http://purl.org/dc/terms/" xmlns:vCard="http://www.w3.org/2001/vcard-rdf/3.0#" xmlns:bqbiol="http://biomodels.net/biology-qualifiers/" xmlns:bqmodel="http://biomodels.net/model-qualifiers/">
            <rdf:Description rdf:about="#COPASI19">
              <bqbiol:hasProperty>
                <rdf:Bag>
                  <rdf:li rdf:resource="http://identifiers.org/ncit/C25513"/>
                </rdf:Bag>
              </bqbiol:hasProperty>
            </rdf:Description>
          </rdf:RDF>
          <COPASI xmlns="http://www.copasi.org/static/sbml">
            <rdf:RDF xmlns:bqbiol="http://biomodels.net/biology-qualifiers/" xmlns:dcterms="http://purl.org/dc/terms/" xmlns:rdf="http://www.w3.org/1999/02/22-rdf-syntax-ns#">
              <rdf:Description rdf:about="#COPASI19">
                <bqbiol:hasProperty rdf:resource="urn:miriam:ncit:C25513"/>
                <dcterms:created>
                  <rdf:Description>
                    <dcterms:W3CDTF>2019-10-08T11:30:21Z</dcterms:W3CDTF>
                  </rdf:Description>
                </dcterms:created>
              </rdf:Description>
            </rdf:RDF>
          </COPASI>
        </annotation>
        <listOfProducts>
          <speciesReference species="R" stoichiometry="1"/>
        </listOfProducts>
        <listOfModifiers>
          <modifierSpeciesReference species="T"/>
        </listOfModifiers>
        <kineticLaw>
          <math xmlns="http://www.w3.org/1998/Math/MathML">
            <apply>
              <times/>
              <ci> Compartment </ci>
              <apply>
                <ci> Function_for_R_formation </ci>
                <ci> c </ci>
                <ci> h </ci>
                <ci> T </ci>
                <ci> H </ci>
              </apply>
            </apply>
          </math>
        </kineticLaw>
      </reaction>
    </listOfReactions>
  </model>
</sbml>
