<?xml version='1.0' encoding='UTF-8' standalone='no'?>
<sbml xmlns="http://www.sbml.org/sbml/level2/version4" level="2" metaid="metaid_0000001" version="4">
  <model id="BeckerSchilling2010_EpoR_CoreModel" metaid="_774451" name="Becker2010_EpoR_CoreModel">
    <notes>
      <body xmlns="http://www.w3.org/1999/xhtml">
        <p>This is the core model described in the article:      <br/>
                <strong>Covering a Broad Dynamic Range: Information Processing at the Erythropoietin Receptor</strong>
                <br/>
          Verena Becker, Marcel Schilling, Julie Bachmann, Ute Baumann, Andreas Raue, Thomas Maiwald, Jens Timmer and Ursula Klingmüller;      <em>Science</em>
          Published Online May 20, 2010; DOI:      <a href="http://dx.doi.org/10.1126/science.1184913">10.1126/science.1184913</a>
          PMID:      <a href="http://www.ncbi.nlm.nih.gov/pubmed/20488988">20488988</a>
                <br/>
          Abstract:      <br/>
          Cell surface receptors convert extracellular cues into receptor activation, thereby triggering intracellular signaling networks and controlling cellular decisions. A major unresolved issue is the identification of receptor properties that critically determine processing of ligand-encoded information. We show by mathematical modeling of quantitative data and experimental validation that rapid ligand depletion and replenishment of cell surface receptor are characteristic features of the erythropoietin (Epo) receptor (EpoR). The amount of Epo-EpoR complexes and EpoR activation integrated over time corresponds linearly to ligand input, covering a broad range of ligand concentrations. This relation solely depends on EpoR turnover independent of ligand binding, suggesting an essential role of large intracellular receptor pools. These receptor properties enable the system to cope with basal and acute demand in the hematopoietic system.      </p>
            <p>SBML model exported from PottersWheel.</p>
            <pre>% PottersWheel model definition file

function m = BeckerSchilling2010_EpoR_CoreModel()

m             = pwGetEmptyModel();

%% Meta information

m.ID          = 'BeckerSchilling2010_EpoR_CoreModel';
m.name        = 'BeckerSchilling2010_EpoR_CoreModel';
m.description = 'BeckerSchilling2010_EpoR_CoreModel';
m.authors     = {'Verena Becker',' Marcel Schilling'};
m.dates       = {'2010'};
m.type        = 'PW-2-0-42';

%% X: Dynamic variables
% m = pwAddX(m, ID, startValue, type, minValue, maxValue, unit, compartment, name, description, typeOfStartValue)

m = pwAddX(m, 'EpoR'     ,     516, 'fix'   ,    0, 10000,   [], 'cell', []  , []  , []             , []  , 'protein.generic');
m = pwAddX(m, 'Epo'      , 2030.19, 'global', 1890,  2310,   [], 'cell', []  , []  , []             , []  , 'protein.generic');
m = pwAddX(m, 'Epo_EpoR' ,       0, 'fix'   ,    0, 10000,   [], 'cell', []  , []  , []             , []  , 'protein.generic');
m = pwAddX(m, 'Epo_EpoRi',       0, 'fix'   ,    0, 10000,   [], 'cell', []  , []  , []             , []  , 'protein.generic');
m = pwAddX(m, 'dEpoi'    ,       0, 'fix'   ,    0, 10000,   [], 'cell', []  , []  , []             , []  , 'protein.generic');
m = pwAddX(m, 'dEpoe'    ,       0, 'fix'   ,    0, 10000,   [], 'cell', []  , []  , []             , []  , 'protein.generic');


%% R: Reactions
% m = pwAddR(m, reactants, products, modifiers, type, options, rateSignature, parameters, description, ID, name, fast, compartments, parameterTrunks, designerPropsR, stoichiometry, reversible)

m = pwAddR(m, {            }, {'EpoR'      }, {  }, 'C' , [] , 'k1*k2', {'kt','Bmax'}, [], 'reaction0001');
m = pwAddR(m, {'EpoR'      }, {            }, {  }, 'MA', [] , []     , {'kt'       }, [], 'reaction0002');
m = pwAddR(m, {'Epo','EpoR'}, {'Epo_EpoR'  }, {  }, 'MA', [] , []     , {'kon'      }, [], 'reaction0003');
m = pwAddR(m, {'Epo_EpoR'  }, {'Epo','EpoR'}, {  }, 'MA', [] , []     , {'koff'     }, [], 'reaction0004');
m = pwAddR(m, {'Epo_EpoR'  }, {'Epo_EpoRi' }, {  }, 'MA', [] , []     , {'ke'       }, [], 'reaction0005');
m = pwAddR(m, {'Epo_EpoRi' }, {'Epo','EpoR'}, {  }, 'MA', [] , []     , {'kex'      }, [], 'reaction0006');
m = pwAddR(m, {'Epo_EpoRi' }, {'dEpoi'     }, {  }, 'MA', [] , []     , {'kdi'      }, [], 'reaction0007');
m = pwAddR(m, {'Epo_EpoRi' }, {'dEpoe'     }, {  }, 'MA', [] , []     , {'kde'      }, [], 'reaction0008');



%% C: Compartments
% m = pwAddC(m, ID, size,  outside, spatialDimensions, name, unit, constant)

m = pwAddC(m, 'cell', 1);


%% K: Dynamical parameters
% m = pwAddK(m, ID, value, type, minValue, maxValue, unit, name, description)

m = pwAddK(m, 'kt'  , 0.0329366 , 'global', 1e-007, 1000);
m = pwAddK(m, 'Bmax', 516       , 'fix'   , 492   , 540 );
m = pwAddK(m, 'kon' , 0.00010496, 'global', 1e-007, 1000);
m = pwAddK(m, 'koff', 0.0172135 , 'global', 1e-007, 1000);
m = pwAddK(m, 'ke'  , 0.0748267 , 'global', 1e-007, 1000);
m = pwAddK(m, 'kex' , 0.00993805, 'global', 1e-007, 1000);
m = pwAddK(m, 'kdi' , 0.00317871, 'global', 1e-007, 1000);
m = pwAddK(m, 'kde' , 0.0164042 , 'global', 1e-007, 1000);


%% Default sampling time points
m.t = 0:3:99;


%% Y: Observables
% m = pwAddY(m, rhs, ID, scalingParameter, errorModel, noiseType, unit, name, description, alternativeIDs, designerProps)

m = pwAddY(m, 'Epo + dEpoe'      , 'Epo_extracellular_obs');
m = pwAddY(m, 'Epo_EpoR'         , 'Epo_cellsurface_obs'  );
m = pwAddY(m, 'Epo_EpoRi + dEpoi', 'Epo_intracellular_obs');


%% S: Scaling parameters
% m = pwAddS(m, ID, value, type, minValue, maxValue, unit, name, description)

m = pwAddS(m, 'scale_Epo_extracellular_obs', 1, 'fix', 0, 100);
m = pwAddS(m, 'scale_Epo_cellsurface_obs'  , 1, 'fix', 0, 100);
m = pwAddS(m, 'scale_Epo_intracellular_obs', 1, 'fix', 0, 100);


%% Designer properties (do not modify)
m.designerPropsM = [1 1 1 0 0 0 400 250 600 400 1 1 1 0 0 0 0];</pre>
            <p>This model originates from BioModels Database: A Database of Annotated Published Models. It is copyright (c) 2005-2010 The BioModels.net Team.      <br/>
          For more information see the      <a href="http://www.ebi.ac.uk/biomodels/legal.html" target="_blank">terms of use</a>
          .      <br/>
          To cite BioModels Database, please use:      <a href="http://www.ncbi.nlm.nih.gov/pubmed/20587024" target="_blank">Li C, Donizelli M, Rodriguez N, Dharuri H, Endler L, Chelliah V, Li L, He E, Henry A, Stefan MI, Snoep JL, Hucka M, Le Novère N, Laibe C (2010) BioModels Database: An enhanced, curated and annotated resource for published quantitative kinetic models. BMC Syst Biol., 4:92.</a>
                </p>
            </body>
      
    </notes>
    <annotation>
      <rdf:RDF xmlns:rdf="http://www.w3.org/1999/02/22-rdf-syntax-ns#" xmlns:bqmodel="http://biomodels.net/model-qualifiers/" xmlns:vCard="http://www.w3.org/2001/vcard-rdf/3.0#" xmlns:dc="http://purl.org/dc/elements/1.1/" xmlns:dcterms="http://purl.org/dc/terms/" xmlns:bqbiol="http://biomodels.net/biology-qualifiers/">
        <rdf:Description rdf:about="#_774451">
	<dc:creator>
	<rdf:Bag>
	<rdf:li rdf:parseType="Resource">
	<vCard:N rdf:parseType="Resource">
	<vCard:Family>Chelliah</vCard:Family>
	<vCard:Given>Vijayalakshmi</vCard:Given>
	</vCard:N>
	<vCard:EMAIL>viji@ebi.ac.uk</vCard:EMAIL>
	<vCard:ORG rdf:parseType="Resource">
	<vCard:Orgname>EMBL-EBI</vCard:Orgname>
	</vCard:ORG>
	</rdf:li>
	
	<rdf:li rdf:parseType="Resource">
	<vCard:N rdf:parseType="Resource">
	<vCard:Family>Becker</vCard:Family>
	<vCard:Given>Verena</vCard:Given>
	</vCard:N>
	<vCard:EMAIL>verena_becker@hms.harvard.edu</vCard:EMAIL>
	<vCard:ORG rdf:parseType="Resource">
	<vCard:Orgname>Department of Systems Biology, Harvard Medical School, Boston, USA</vCard:Orgname>
	</vCard:ORG>
	</rdf:li>
	<rdf:li rdf:parseType="Resource">
	<vCard:N rdf:parseType="Resource">
	<vCard:Family>Schilling</vCard:Family>
	<vCard:Given>Marcel</vCard:Given>
	</vCard:N>
	<vCard:EMAIL>m.schilling@dkfz.de</vCard:EMAIL>
	<vCard:ORG rdf:parseType="Resource">
	<vCard:Orgname>German Cancer Research Center</vCard:Orgname>
	</vCard:ORG>
	</rdf:li>
	</rdf:Bag>
	</dc:creator>
	<dcterms:created rdf:parseType="Resource">
	<dcterms:W3CDTF>2010-05-26T16:12:55Z</dcterms:W3CDTF>
	</dcterms:created>
	<dcterms:modified rdf:parseType="Resource">
	<dcterms:W3CDTF>2012-01-31T13:10:43Z</dcterms:W3CDTF>
	</dcterms:modified>
	<bqmodel:is>
	<rdf:Bag>
	<rdf:li rdf:resource="http://identifiers.org/biomodels.db/MODEL1005260000"/>
	</rdf:Bag>
	</bqmodel:is>
	<bqmodel:is>
	<rdf:Bag>
	<rdf:li rdf:resource="http://identifiers.org/biomodels.db/BIOMD0000000271"/>
	</rdf:Bag>
	</bqmodel:is>
	<bqmodel:isDescribedBy>
	<rdf:Bag>
	<rdf:li rdf:resource="http://identifiers.org/pubmed/20488988"/>
	</rdf:Bag>
	</bqmodel:isDescribedBy>
	<bqbiol:hasTaxon>
	<rdf:Bag>
	<rdf:li rdf:resource="http://identifiers.org/taxonomy/39107"/>
	<rdf:li rdf:resource="http://identifiers.org/bto/BTO:0001035"/>
	</rdf:Bag>
	</bqbiol:hasTaxon>
	<bqbiol:isVersionOf>
	<rdf:Bag>
	<rdf:li rdf:resource="http://identifiers.org/go/GO:0004900"/>
	</rdf:Bag>
	</bqbiol:isVersionOf>
	<bqbiol:isPartOf>
	<rdf:Bag>
	<rdf:li rdf:resource="http://identifiers.org/kegg.pathway/ko04640"/>
	<rdf:li rdf:resource="http://identifiers.org/kegg.pathway/ko04630"/>
	</rdf:Bag>
	</bqbiol:isPartOf>
	</rdf:Description>
	
      </rdf:RDF>
    </annotation>
      <listOfUnitDefinitions>
      <unitDefinition id="time" metaid="metaid_0000026" name="minute">
        <listOfUnits>
          <unit kind="second" metaid="_803714" multiplier="60"/>
        </listOfUnits>
      </unitDefinition>
      <unitDefinition id="per_minute" metaid="metaid_0000027">
        <listOfUnits>
          <unit exponent="-1" kind="second" metaid="_803726" multiplier="60"/>
        </listOfUnits>
      </unitDefinition>
      <unitDefinition id="substance" metaid="metaid_0000028" name="picomole">
        <listOfUnits>
          <unit kind="mole" metaid="_803738" multiplier="1E-12"/>
        </listOfUnits>
      </unitDefinition>
      <unitDefinition id="pM" metaid="metaid_0000029">
        <listOfUnits>
          <unit kind="mole" metaid="_803750" multiplier="1E-12"/>
          <unit exponent="-1" kind="litre" metaid="_803762"/>
        </listOfUnits>
      </unitDefinition>
      <unitDefinition id="per_minute_per_pM" metaid="metaid_0000030">
        <listOfUnits>
          <unit exponent="-1" kind="second" metaid="_803774" multiplier="60"/>
          <unit exponent="-1" kind="mole" metaid="_803786" multiplier="1E-12"/>
          <unit kind="litre" metaid="_803798"/>
        </listOfUnits>
      </unitDefinition>
    </listOfUnitDefinitions>
    <listOfCompartments>
      <compartment id="medium" metaid="_774453" name="medium" sboTerm="SBO:0000290" size="1">
        <annotation>
          <rdf:RDF xmlns:rdf="http://www.w3.org/1999/02/22-rdf-syntax-ns#" xmlns:bqmodel="http://biomodels.net/model-qualifiers/" xmlns:bqbiol="http://biomodels.net/biology-qualifiers/">
            <rdf:Description rdf:about="#_774453">
	<bqbiol:isVersionOf>
	<rdf:Bag>
	<rdf:li rdf:resource="http://identifiers.org/bto/BTO:0000316"/>
	</rdf:Bag>
	</bqbiol:isVersionOf>
	</rdf:Description>
	
          </rdf:RDF>
        </annotation>
            </compartment>
      <compartment id="cellsurface" metaid="_784453" name="cellsurface" sboTerm="SBO:0000290" size="1">
        <annotation>
          <rdf:RDF xmlns:rdf="http://www.w3.org/1999/02/22-rdf-syntax-ns#" xmlns:bqmodel="http://biomodels.net/model-qualifiers/" xmlns:bqbiol="http://biomodels.net/biology-qualifiers/">
            <rdf:Description rdf:about="#_784453">
	<bqbiol:isVersionOf>
	<rdf:Bag>
	<rdf:li rdf:resource="http://identifiers.org/go/GO:0009986"/>
	</rdf:Bag>
	</bqbiol:isVersionOf>
	</rdf:Description>
	
          </rdf:RDF>
        </annotation>
            </compartment>
      <compartment id="cell" metaid="_794453" name="cell" sboTerm="SBO:0000290" size="1">
        <annotation>
          <rdf:RDF xmlns:rdf="http://www.w3.org/1999/02/22-rdf-syntax-ns#" xmlns:bqmodel="http://biomodels.net/model-qualifiers/" xmlns:bqbiol="http://biomodels.net/biology-qualifiers/">
            <rdf:Description rdf:about="#_794453">
	<bqbiol:isVersionOf>
	<rdf:Bag>
	<rdf:li rdf:resource="http://identifiers.org/go/GO:0005623"/>
	</rdf:Bag>
	</bqbiol:isVersionOf>
	</rdf:Description>
	
          </rdf:RDF>
        </annotation>
            </compartment>
    </listOfCompartments>
    <listOfSpecies>
      <species compartment="cellsurface" id="EpoR" initialConcentration="516" metaid="_774454" name="EpoR" sboTerm="SBO:0000244">
        <annotation>
          <rdf:RDF xmlns:rdf="http://www.w3.org/1999/02/22-rdf-syntax-ns#" xmlns:bqmodel="http://biomodels.net/model-qualifiers/" xmlns:bqbiol="http://biomodels.net/biology-qualifiers/">
            <rdf:Description rdf:about="#_774454">
              <bqbiol:isEncodedBy>
	<rdf:Bag>
	<rdf:li rdf:resource="http://identifiers.org/ensembl/ENSMUSG00000006235"/>
	</rdf:Bag>
	</bqbiol:isEncodedBy>
	
	<bqbiol:isVersionOf>
	<rdf:Bag>
	<rdf:li rdf:resource="http://identifiers.org/uniprot/P14753"/>
	<rdf:li rdf:resource="http://identifiers.org/kegg.orthology/K05079"/>
	</rdf:Bag>
	</bqbiol:isVersionOf>
	</rdf:Description>
	
          </rdf:RDF>
        </annotation>
            </species>
      <species compartment="medium" id="Epo" initialConcentration="2030.19" metaid="_774455" name="Epo" sboTerm="SBO:0000280">
        <annotation>
          <rdf:RDF xmlns:rdf="http://www.w3.org/1999/02/22-rdf-syntax-ns#" xmlns:bqmodel="http://biomodels.net/model-qualifiers/" xmlns:bqbiol="http://biomodels.net/biology-qualifiers/">
            <rdf:Description rdf:about="#_774455">
              <bqbiol:isEncodedBy>
	<rdf:Bag>
	<rdf:li rdf:resource="http://identifiers.org/ensembl/ENSMUSG00000029711"/>
	</rdf:Bag>
	</bqbiol:isEncodedBy>
	
	<bqbiol:isVersionOf>
	<rdf:Bag>
	<rdf:li rdf:resource="http://identifiers.org/uniprot/P07321"/>
	<rdf:li rdf:resource="http://identifiers.org/kegg.orthology/K05437"/>
	</rdf:Bag>
	</bqbiol:isVersionOf>
	</rdf:Description>
	
          </rdf:RDF>
        </annotation>
            </species>
      <species compartment="cellsurface" id="Epo_EpoR" initialConcentration="0" metaid="_774457" name="Epo_EpoR" sboTerm="SBO:0000297">
        <annotation>
          <rdf:RDF xmlns:rdf="http://www.w3.org/1999/02/22-rdf-syntax-ns#" xmlns:bqmodel="http://biomodels.net/model-qualifiers/" xmlns:bqbiol="http://biomodels.net/biology-qualifiers/">
            <rdf:Description rdf:about="#_774457">
              <bqbiol:hasPart>
	<rdf:Bag>
	<rdf:li rdf:resource="http://identifiers.org/uniprot/P14753"/>
	<rdf:li rdf:resource="http://identifiers.org/uniprot/P07321"/>
	</rdf:Bag>
	</bqbiol:hasPart>
	
	<bqbiol:hasPart>
	<rdf:Bag>
	<rdf:li rdf:resource="http://identifiers.org/kegg.orthology/K05079"/>
	<rdf:li rdf:resource="http://identifiers.org/kegg.orthology/K05437"/>
	</rdf:Bag>
	</bqbiol:hasPart>
	</rdf:Description>
	
          </rdf:RDF>
        </annotation>
            </species>
      <species compartment="cell" id="Epo_EpoRi" initialConcentration="0" metaid="_774458" name="Epo_EpoRi" sboTerm="SBO:0000297">
        <annotation>
          <rdf:RDF xmlns:rdf="http://www.w3.org/1999/02/22-rdf-syntax-ns#" xmlns:bqmodel="http://biomodels.net/model-qualifiers/" xmlns:bqbiol="http://biomodels.net/biology-qualifiers/">
            <rdf:Description rdf:about="#_774458">
              <bqbiol:hasPart>
	<rdf:Bag>
	<rdf:li rdf:resource="http://identifiers.org/uniprot/P14753"/>
	<rdf:li rdf:resource="http://identifiers.org/uniprot/P07321"/>
	</rdf:Bag>
	</bqbiol:hasPart>
	
	<bqbiol:hasPart>
	<rdf:Bag>
	<rdf:li rdf:resource="http://identifiers.org/kegg.orthology/K05079"/>
	<rdf:li rdf:resource="http://identifiers.org/kegg.orthology/K05437"/>
	</rdf:Bag>
	</bqbiol:hasPart>
	</rdf:Description>
	
          </rdf:RDF>
        </annotation>
            </species>
      <species compartment="cell" id="dEpoi" initialConcentration="0" metaid="_774460" name="dEpoi" sboTerm="SBO:0000291"/>
      <species compartment="medium" id="dEpoe" initialConcentration="0" metaid="_774461" name="dEpoe" sboTerm="SBO:0000291"/>
    </listOfSpecies>
    <listOfParameters>
      <parameter id="kt" metaid="_774480" sboTerm="SBO:0000256" units="per_minute" value="0.0329366"/>
      <parameter id="Bmax" metaid="_774481" sboTerm="SBO:0000256" units="pM" value="516"/>
      <parameter id="kon" metaid="_774483" sboTerm="SBO:0000341" units="per_minute_per_pM" value="0.00010496"/>
      <parameter id="koff" metaid="_774484" sboTerm="SBO:0000338" units="per_minute" value="0.0172135"/>
      <parameter id="ke" metaid="_774486" sboTerm="SBO:0000256" units="per_minute" value="0.0748267"/>
      <parameter id="kex" metaid="_774487" sboTerm="SBO:0000256" units="per_minute" value="0.00993805"/>
      <parameter id="kdi" metaid="_774489" sboTerm="SBO:0000356" units="per_minute" value="0.00317871"/>
      <parameter id="kde" metaid="_774490" sboTerm="SBO:0000356" units="per_minute" value="0.0164042"/>
      <parameter constant="false" id="Epo_medium" metaid="metaid_0000031" name="Epo_medium"/>
      <parameter constant="false" id="Epo_cells" metaid="metaid_0000033" name="Epo_cells"/>
    </listOfParameters>
    <listOfRules>
      <assignmentRule metaid="metaid_0000034" variable="Epo_medium">
        <math xmlns="http://www.w3.org/1998/Math/MathML">        
          <apply>
            <plus/>
            <ci> Epo </ci>
            <ci> dEpoe </ci>
          </apply>
        </math>
            </assignmentRule>
      <assignmentRule metaid="metaid_0000036" variable="Epo_cells">
        <math xmlns="http://www.w3.org/1998/Math/MathML">        
          <apply>
            <plus/>
            <ci> Epo_EpoRi </ci>
            <ci> dEpoi </ci>
          </apply>
        </math>
            </assignmentRule>
    </listOfRules>
    <listOfReactions>
      <reaction id="reaction_1" metaid="_774462" reversible="false" sboTerm="SBO:0000176">
        <annotation>
          <rdf:RDF xmlns:rdf="http://www.w3.org/1999/02/22-rdf-syntax-ns#" xmlns:bqmodel="http://biomodels.net/model-qualifiers/" xmlns:bqbiol="http://biomodels.net/biology-qualifiers/">
            <rdf:Description rdf:about="#_774462">
	<bqbiol:isVersionOf>
	<rdf:Bag>
	<rdf:li rdf:resource="http://identifiers.org/go/GO:0032800"/>
	</rdf:Bag>
	</bqbiol:isVersionOf>
	</rdf:Description>
	
          </rdf:RDF>
        </annotation>
              <listOfProducts>
          <speciesReference metaid="_803810" species="EpoR"/>
        </listOfProducts>
        <kineticLaw metaid="_803822">
          <math xmlns="http://www.w3.org/1998/Math/MathML">          
            <apply>
              <times/>
              <ci> kt </ci>
              <ci> Bmax </ci>
              <ci> cell </ci>
            </apply>
          </math>
                </kineticLaw>
      </reaction>
      <reaction id="reaction_2" metaid="_774463" reversible="false" sboTerm="SBO:0000179">
        <annotation>
          <rdf:RDF xmlns:rdf="http://www.w3.org/1999/02/22-rdf-syntax-ns#" xmlns:bqmodel="http://biomodels.net/model-qualifiers/" xmlns:bqbiol="http://biomodels.net/biology-qualifiers/">
            <rdf:Description rdf:about="#_774463">
	<bqbiol:isVersionOf>
	<rdf:Bag>
	<rdf:li rdf:resource="http://identifiers.org/go/GO:0032801"/>
	</rdf:Bag>
	</bqbiol:isVersionOf>
	</rdf:Description>
	
          </rdf:RDF>
        </annotation>
              <listOfReactants>
          <speciesReference metaid="_803834" species="EpoR"/>
        </listOfReactants>
        <kineticLaw metaid="_803846">
          <math xmlns="http://www.w3.org/1998/Math/MathML">          
            <apply>
              <times/>
              <ci> kt </ci>
              <ci> EpoR </ci>
              <ci> cell </ci>
            </apply>
          </math>
                </kineticLaw>
      </reaction>
      <reaction id="reaction_3" metaid="_774465" reversible="false" sboTerm="SBO:0000177">
        <annotation>
          <rdf:RDF xmlns:rdf="http://www.w3.org/1999/02/22-rdf-syntax-ns#" xmlns:bqmodel="http://biomodels.net/model-qualifiers/" xmlns:bqbiol="http://biomodels.net/biology-qualifiers/">
            <rdf:Description rdf:about="#_774465">
	<bqbiol:isVersionOf>
	<rdf:Bag>
	<rdf:li rdf:resource="http://identifiers.org/go/GO:0005128"/>
	<rdf:li rdf:resource="http://identifiers.org/go/GO:0005102"/>
	</rdf:Bag>
	</bqbiol:isVersionOf>
	</rdf:Description>
	
          </rdf:RDF>
        </annotation>
              <listOfReactants>
          <speciesReference metaid="_803858" species="Epo"/>
          <speciesReference metaid="_803870" species="EpoR"/>
        </listOfReactants>
        <listOfProducts>
          <speciesReference metaid="_803882" species="Epo_EpoR"/>
        </listOfProducts>
        <kineticLaw metaid="_803894">
          <math xmlns="http://www.w3.org/1998/Math/MathML">          
            <apply>
              <times/>
              <ci> kon </ci>
              <ci> Epo </ci>
              <ci> EpoR </ci>
              <ci> cell </ci>
            </apply>
          </math>
                </kineticLaw>
      </reaction>
      <reaction id="reaction_4" metaid="_774466" reversible="false" sboTerm="SBO:0000180">
        <annotation>
          <rdf:RDF xmlns:rdf="http://www.w3.org/1999/02/22-rdf-syntax-ns#" xmlns:bqmodel="http://biomodels.net/model-qualifiers/" xmlns:bqbiol="http://biomodels.net/biology-qualifiers/">
            <rdf:Description rdf:about="#_774466">
	<bqbiol:isVersionOf>
	<rdf:Bag>
	<rdf:li rdf:resource="http://identifiers.org/go/GO:0043241"/>
	</rdf:Bag>
	</bqbiol:isVersionOf>
	</rdf:Description>
	
          </rdf:RDF>
        </annotation>
              <listOfReactants>
          <speciesReference metaid="_803907" species="Epo_EpoR"/>
        </listOfReactants>
        <listOfProducts>
          <speciesReference metaid="_803919" species="Epo"/>
          <speciesReference metaid="_803931" species="EpoR"/>
        </listOfProducts>
        <kineticLaw metaid="_803943">
          <math xmlns="http://www.w3.org/1998/Math/MathML">          
            <apply>
              <times/>
              <ci> koff </ci>
              <ci> Epo_EpoR </ci>
              <ci> cell </ci>
            </apply>
          </math>
                </kineticLaw>
      </reaction>
      <reaction id="reaction_5" metaid="_774468" reversible="false" sboTerm="SBO:0000185">
        <annotation>
          <rdf:RDF xmlns:rdf="http://www.w3.org/1999/02/22-rdf-syntax-ns#" xmlns:bqmodel="http://biomodels.net/model-qualifiers/" xmlns:bqbiol="http://biomodels.net/biology-qualifiers/">
            <rdf:Description rdf:about="#_774468">
	<bqbiol:isVersionOf>
	<rdf:Bag>
	<rdf:li rdf:resource="http://identifiers.org/go/GO:0015031"/>
	</rdf:Bag>
	</bqbiol:isVersionOf>
	</rdf:Description>
	
          </rdf:RDF>
        </annotation>
              <listOfReactants>
          <speciesReference metaid="_803955" species="Epo_EpoR"/>
        </listOfReactants>
        <listOfProducts>
          <speciesReference metaid="_803967" species="Epo_EpoRi"/>
        </listOfProducts>
        <kineticLaw metaid="_803980">
          <math xmlns="http://www.w3.org/1998/Math/MathML">          
            <apply>
              <times/>
              <ci> ke </ci>
              <ci> Epo_EpoR </ci>
              <ci> cell </ci>
            </apply>
          </math>
                </kineticLaw>
      </reaction>
      <reaction id="reaction_6" metaid="_774469" reversible="false" sboTerm="SBO:0000180">
        <annotation>
          <rdf:RDF xmlns:rdf="http://www.w3.org/1999/02/22-rdf-syntax-ns#" xmlns:bqmodel="http://biomodels.net/model-qualifiers/" xmlns:bqbiol="http://biomodels.net/biology-qualifiers/">
            <rdf:Description rdf:about="#_774469">
	<bqbiol:isVersionOf>
	<rdf:Bag>
	<rdf:li rdf:resource="http://identifiers.org/go/GO:0043241"/>
	</rdf:Bag>
	</bqbiol:isVersionOf>
	</rdf:Description>
	
          </rdf:RDF>
        </annotation>
              <listOfReactants>
          <speciesReference metaid="_803992" species="Epo_EpoRi"/>
        </listOfReactants>
        <listOfProducts>
          <speciesReference metaid="_804004" species="Epo"/>
          <speciesReference metaid="_804017" species="EpoR"/>
        </listOfProducts>
        <kineticLaw metaid="_804029">
          <math xmlns="http://www.w3.org/1998/Math/MathML">          
            <apply>
              <times/>
              <ci> kex </ci>
              <ci> Epo_EpoRi </ci>
              <ci> cell </ci>
            </apply>
          </math>
                </kineticLaw>
      </reaction>
      <reaction id="reaction_7" metaid="_774471" reversible="false" sboTerm="SBO:0000179">
        <annotation>
          <rdf:RDF xmlns:rdf="http://www.w3.org/1999/02/22-rdf-syntax-ns#" xmlns:bqmodel="http://biomodels.net/model-qualifiers/" xmlns:bqbiol="http://biomodels.net/biology-qualifiers/">
            <rdf:Description rdf:about="#_774471">
	<bqbiol:isVersionOf>
	<rdf:Bag>
	<rdf:li rdf:resource="http://identifiers.org/go/GO:0030163"/>
	</rdf:Bag>
	</bqbiol:isVersionOf>
	</rdf:Description>
	
          </rdf:RDF>
        </annotation>
              <listOfReactants>
          <speciesReference metaid="_804041" species="Epo_EpoRi"/>
        </listOfReactants>
        <listOfProducts>
          <speciesReference metaid="_804054" species="dEpoi"/>
        </listOfProducts>
        <kineticLaw metaid="_804067">
          <math xmlns="http://www.w3.org/1998/Math/MathML">          
            <apply>
              <times/>
              <ci> kdi </ci>
              <ci> Epo_EpoRi </ci>
              <ci> cell </ci>
            </apply>
          </math>
                </kineticLaw>
      </reaction>
      <reaction id="reaction_8" metaid="_774472" reversible="false" sboTerm="SBO:0000179">
        <annotation>
          <rdf:RDF xmlns:rdf="http://www.w3.org/1999/02/22-rdf-syntax-ns#" xmlns:bqmodel="http://biomodels.net/model-qualifiers/" xmlns:bqbiol="http://biomodels.net/biology-qualifiers/">
            <rdf:Description rdf:about="#_774472">
	<bqbiol:isVersionOf>
	<rdf:Bag>
	<rdf:li rdf:resource="http://identifiers.org/go/GO:0030163"/>
	</rdf:Bag>
	</bqbiol:isVersionOf>
	</rdf:Description>
	
          </rdf:RDF>
        </annotation>
              <listOfReactants>
          <speciesReference metaid="_804079" species="Epo_EpoRi"/>
        </listOfReactants>
        <listOfProducts>
          <speciesReference metaid="_804092" species="dEpoe"/>
        </listOfProducts>
        <kineticLaw metaid="_804104">
          <math xmlns="http://www.w3.org/1998/Math/MathML">          
            <apply>
              <times/>
              <ci> kde </ci>
              <ci> Epo_EpoRi </ci>
              <ci> cell </ci>
            </apply>
          </math>
                </kineticLaw>
      </reaction>
    </listOfReactions>
  </model>
</sbml>