[{"file": "plot.csv"}, {"file": "Critical Roles of the Direct GABAergic Pallido-cortical Pathway in Controlling Absence Seizures.pdf"}, {"file": "report.csv"}, {"file": "BGCT_Basic.sedml"}, {"file": "screenshot.png"}, {"file": "readme.html"}, {"file": "pcbi.1003495.g007.jpg"}, {"file": "pcbi.1003495.g006.jpg"}, {"file": "pcbi.1003495.g004.jpg"}, {"file": "Bidirectional Control of Absence Seizures by the Basal Ganglia_ A Computational Evidence.pdf"}, {"file": "pcbi.1003495.g005.jpg"}, {"file": "pcbi.1003495.g001.jpg"}, {"file": "pcbi.1003495.g002.jpg"}, {"file": "pcbi.1003495.g003.jpg"}, {"file": "pcbi.1004539.g005.jpg"}, {"file": "pcbi.1004539.g004.jpg"}, {"file": "pcbi.1004539.g006.jpg"}, {"file": "pcbi.1004539.g007.jpg"}, {"file": "pcbi.1004539.g003.jpg"}, {"file": "pcbi.1004539.g002.jpg"}, {"file": "readme.docx"}, {"file": "pcbi.1004539.g001.jpg"}]