<?xml version="1.0" encoding="UTF-8" standalone="no"?>
<sbml xmlns="http://www.sbml.org/sbml/level2/version4" level="2" metaid="metaid_0000001" version="4">
  <model id="Lemaire2004_BoneRemodeling_addOsteoclast" metaid="metaid_0000002" name="Lemaire2004_BoneRemodeling_addOsteoclast">
    <notes>
<body xmlns="http://www.w3.org/1999/xhtml">
      <p>
      This a model from the article:
      <br/>
      <strong> Modeling the interactions between osteoblast and osteoclast activities in bone remodeling.
</strong>
      <br/>
Lemaire V, Tobin FL, Greller LD, Cho CR, Suva LJ.
      <em>J Theor Biol.</em>2004 Aug 7;229(3):293-309.
      <a href="http://www.ncbi.nlm.nih.gov/pubmed/15234198">15234198</a>,
      <br/>
      <strong>Abstract:</strong>
      <br/>
We propose a mathematical model explaining the interactions between osteoblasts and osteoclasts, two cell types specialized in the maintenance of the bone integrity. Bone is a dynamic, living tissue whose structure and shape continuously evolves during life. It has the ability to change architecture by removal of old bone and replacement with newly formed bone in a localized process called remodeling. The model described here is based on the idea that the relative proportions of immature and mature osteoblasts control the degree of osteoclastic activity. In addition, osteoclasts control osteoblasts differentially depending on their stage of differentiation. Despite the tremendous complexity of the bone regulatory system and its fragmentary understanding, we obtain surprisingly good correlations between the model simulations and the experimental observations extracted from the literature. The model results corroborate all behaviors of the bone remodeling system that we have simulated, including the tight coupling between osteoblasts and osteoclasts, the catabolic effect induced by continuous administration of PTH, the catabolic action of RANKL, as well as its reversal by soluble antagonist OPG. The model is also able to simulate metabolic bone diseases such as estrogen deficiency, vitamin D deficiency, senescence and glucocorticoid excess. Conversely, possible routes for therapeutic interventions are tested and evaluated. Our model confirms that anti-resorptive therapies are unable to partially restore bone loss, whereas bone formation therapies yield better results. The model enables us to determine and evaluate potential therapies based on their efficacy. In particular, the model predicts that combinations of anti-resorptive and anabolic therapies provide significant benefits compared with monotherapy, especially for certain type of skeletal disease. Finally, the model clearly indicates that increasing the size of the pool of preosteoblasts is an essential ingredient for the therapeutic manipulation of bone formation. This model was conceived as the first step in a bone turnover modeling platform. These initial modeling results are extremely encouraging and lead us to proceed with additional explorations into bone turnover and skeletal remodeling.
   </p>
<p> 
This model is an extension of the core model in which Osteoclasts (C) are being added constantly from day 20 to day 80 (i.e for 60 days) at 0.0001pM/day. The model reproduces (Figure 2 of the curation figure), the middle plot of Figure 2A of the reference publication.
</p>
</body>
    </notes>
 <annotation>
<rdf:RDF xmlns:bqbiol="http://biomodels.net/biology-qualifiers/" xmlns:bqmodel="http://biomodels.net/model-qualifiers/" xmlns:dc="http://purl.org/dc/elements/1.1/" xmlns:dcterms="http://purl.org/dc/terms/" xmlns:rdf="http://www.w3.org/1999/02/22-rdf-syntax-ns#" xmlns:vCard="http://www.w3.org/2001/vcard-rdf/3.0#">
<rdf:Description rdf:about="#model01">
<dcterms:created rdf:parseType="Resource">
<dcterms:W3CDTF>2010-11-18T11:20:34+00:00</dcterms:W3CDTF>
</dcterms:created>
<dcterms:modified rdf:parseType="Resource">
<dcterms:W3CDTF>2010-11-18T15:43:31+00:00</dcterms:W3CDTF>
</dcterms:modified>
</rdf:Description>
</rdf:RDF>
</annotation>
<listOfCompartments>
<compartment id="Compartment" metaid="metaid_0000003" name="Compartment" size="1"/>
</listOfCompartments>
<listOfSpecies>
<species compartment="Compartment" id="R" initialConcentration="0.0007734" metaid="metaid_0000004" name="Responding_Osteoblasts"/>
<species compartment="Compartment" id="B" initialConcentration="0.0007282" metaid="metaid_0000005" name="Active_Osteoblasts"/>
<species compartment="Compartment" id="C" initialConcentration="0.0009127" metaid="metaid_0000006" name="Active_Osteoclasts"/>
</listOfSpecies>
<listOfParameters>
<parameter constant="true" id="C_s" metaid="metaid_0000015" name="C_s" value="5e-03"/>
<parameter constant="true" id="D_A" metaid="metaid_0000012" name="D_A" value="0.7"/>
<parameter constant="true" id="d_B" metaid="metaid_0000037" name="d_B" value="0.7"/>
<parameter constant="true" id="D_C" metaid="metaid_0000011" name="D_C" value="2.1e-03"/>
<parameter constant="true" id="D_R" metaid="metaid_0000007" name="D_R" value="7e-04"/>
<parameter constant="true" id="f0" metaid="metaid_0000014" name="f0" value="0.05"/>
<parameter constant="true" id="I_L" metaid="metaid_0000026" name="I_L" value="0"/>
<parameter constant="true" id="I_O" metaid="metaid_0000025" name="I_O" value="0"/>
<parameter constant="true" id="I_P" metaid="metaid_0000031" name="I_P" value="0"/>
<parameter constant="true" id="K" metaid="metaid_0000020" name="K" value="10"/>
<parameter constant="true" id="k1" metaid="metaid_0000021" name="k1" value="0.01"/>
<parameter constant="true" id="k2" metaid="metaid_0000022" name="k2" value="10"/>
<parameter constant="true" id="k3" metaid="metaid_0000017" name="k3" value="5.8e-04"/>
<parameter constant="true" id="k4" metaid="metaid_0000036" name="k4" value="1.7e-02"/>
<parameter constant="true" id="k5" metaid="metaid_0000035" name="k5" value="0.02"/>
<parameter constant="true" id="k6" metaid="metaid_0000034" name="k6" value="3"/>
<parameter constant="true" id="k_B" metaid="metaid_0000010" name="k_B" value="0.189"/>
<parameter constant="true" id="K_L_P" metaid="metaid_0000018" name="K_L_P" value="3e+06"/>
<parameter constant="true" id="kO" metaid="metaid_0000023" name="kO" value="0.35"/>
<parameter constant="true" id="K_O_P" metaid="metaid_0000024" name="K_O_P" value="2e+05"/>
<parameter constant="true" id="k_P" metaid="metaid_0000032" name="k_P" value="86"/>
<parameter constant="true" id="r_L" metaid="metaid_0000027" name="r_L" value="1000"/>
<parameter constant="true" id="S_P" metaid="metaid_0000033" name="S_P" value="250"/>
<parameter constant="false" id="Phi_C" metaid="metaid_0000008" name="Phi_C"/>
<parameter constant="false" id="D_B" metaid="metaid_0000009" name="D_B"/>
<parameter constant="false" id="Phi_L" metaid="metaid_0000013" name="Phi_L"/>
<parameter constant="false" id="Phi_P" metaid="metaid_0000019" name="Phi_P"/>
<parameter constant="false" id="Pbar" metaid="metaid_0000028" name="Pbar"/>
<parameter constant="false" id="P_O" metaid="metaid_0000029" name="P_O"/>
<parameter constant="false" id="P_S" metaid="metaid_0000030" name="P_S"/>
<parameter constant="false" id="add_Ccells" metaid="metaid_0000048" name="add_Ccells" value="0"/>
</listOfParameters>
<listOfRules>
<assignmentRule metaid="metaid_0000049" variable="add_Ccells">
        <math xmlns="http://www.w3.org/1998/Math/MathML">
        <piecewise>
<piece>
<cn>0.0001</cn>
<apply>
<and/>
<apply>
<gt/>
<csymbol definitionURL="http://www.sbml.org/sbml/symbols/time" encoding="text"> time </csymbol>
<cn>20</cn>
</apply>
<apply>
<leq/>
<csymbol definitionURL="http://www.sbml.org/sbml/symbols/time" encoding="text"> time </csymbol>
<cn>80</cn>
</apply>
</apply>
</piece>
<otherwise>
<cn>0</cn>
</otherwise>
</piecewise>
        </math>
        </assignmentRule>
<assignmentRule metaid="metaid_0000038" variable="D_B">
<math xmlns="http://www.w3.org/1998/Math/MathML">
  <apply>
    <times/>
    <ci> f0 </ci>
    <ci> d_B </ci>
  </apply>
</math>
</assignmentRule>
<assignmentRule metaid="metaid_0000039" variable="Phi_C">
<math xmlns="http://www.w3.org/1998/Math/MathML">
  <apply>
    <divide/>
    <apply>
      <plus/>
      <ci> C </ci>
      <apply>
        <times/>
        <ci> f0 </ci>
        <ci> C_s </ci>
      </apply>
    </apply>
    <apply>
      <plus/>
      <ci> C </ci>
      <ci> C_s </ci>
    </apply>
  </apply>
</math>
</assignmentRule>
<assignmentRule metaid="metaid_0000040" variable="Phi_L">
<math xmlns="http://www.w3.org/1998/Math/MathML">
  <apply>
    <times/>
    <apply>
      <divide/>
      <apply>
        <times/>
        <apply>
          <divide/>
          <ci> k3 </ci>
          <ci> k4 </ci>
        </apply>
        <ci> K_L_P </ci>
        <ci> Phi_P </ci>
        <ci> B </ci>
      </apply>
      <apply>
        <plus/>
        <cn type="integer"> 1 </cn>
        <apply>
          <divide/>
          <apply>
            <times/>
            <ci> k3 </ci>
            <ci> K </ci>
          </apply>
          <ci> k4 </ci>
        </apply>
        <apply>
          <times/>
          <apply>
            <divide/>
            <ci> k1 </ci>
            <apply>
              <times/>
              <ci> k2 </ci>
              <ci> kO </ci>
            </apply>
          </apply>
          <apply>
            <plus/>
            <ci> I_O </ci>
            <apply>
              <divide/>
              <apply>
                <times/>
                <ci> K_O_P </ci>
                <ci> R </ci>
              </apply>
              <ci> Phi_P </ci>
            </apply>
          </apply>
        </apply>
      </apply>
    </apply>
    <apply>
      <plus/>
      <cn type="integer"> 1 </cn>
      <apply>
        <divide/>
        <ci> I_L </ci>
        <ci> r_L </ci>
      </apply>
    </apply>
  </apply>
</math>
</assignmentRule>
<assignmentRule metaid="metaid_0000041" variable="Phi_P">
<math xmlns="http://www.w3.org/1998/Math/MathML">
  <apply>
    <divide/>
    <apply>
      <plus/>
      <ci> Pbar </ci>
      <ci> P_O </ci>
    </apply>
    <apply>
      <plus/>
      <ci> Pbar </ci>
      <ci> P_S </ci>
    </apply>
  </apply>
</math>
</assignmentRule>
<assignmentRule metaid="metaid_0000042" variable="Pbar">
<math xmlns="http://www.w3.org/1998/Math/MathML">
  <apply>
    <divide/>
    <ci> I_P </ci>
    <ci> k_P </ci>
  </apply>
</math>
</assignmentRule>
<assignmentRule metaid="metaid_0000043" variable="P_O">
<math xmlns="http://www.w3.org/1998/Math/MathML">
  <apply>
    <divide/>
    <ci> S_P </ci>
    <ci> k_P </ci>
  </apply>
</math>
</assignmentRule>
<assignmentRule metaid="metaid_0000044" variable="P_S">
<math xmlns="http://www.w3.org/1998/Math/MathML">
  <apply>
    <divide/>
    <ci> k6 </ci>
    <ci> k5 </ci>
  </apply>
</math>
</assignmentRule>
<rateRule metaid="metaid_0000045" variable="R">
<math xmlns="http://www.w3.org/1998/Math/MathML">
    <apply>
      <minus/>
      <apply>
        <times/>
        <ci> D_R </ci>
        <ci> Phi_C </ci>
      </apply>
      <apply>
        <divide/>
        <apply>
          <times/>
          <ci> D_B </ci>
          <ci> R </ci>
        </apply>
        <ci> Phi_C </ci>
      </apply>
    </apply>
</math>
</rateRule>
<rateRule metaid="metaid_0000046" variable="B">
<math xmlns="http://www.w3.org/1998/Math/MathML">
  <apply>
    <minus/>
    <apply>
      <divide/>
      <apply>
        <times/>
        <ci> D_B </ci>
        <ci> R </ci>
      </apply>
      <ci> Phi_C </ci>
    </apply>
    <apply>
      <times/>
      <ci> k_B </ci>
      <ci> B </ci>
    </apply>
  </apply>
</math>
</rateRule>
<rateRule metaid="metaid_0000047" variable="C">
<math xmlns="http://www.w3.org/1998/Math/MathML">
  <apply>
    <plus/>
  <apply>
    <minus/>
    <apply>
      <times/>
      <ci> D_C </ci>
      <ci> Phi_L </ci>
    </apply>
    <apply>
      <times/>
      <ci> D_A </ci>
      <ci> Phi_C </ci>
      <ci> C </ci>
    </apply>
  </apply>
    <ci> add_Ccells </ci>
  </apply>
</math>
</rateRule>
</listOfRules>
</model>
</sbml>
