[{"file": "lemaire_tobin_greller_cho_suva_2004.cellml"}, {"file": "simulation_3.sedml"}, {"file": "simulation_1.sedml"}, {"file": "lemaire_tobin_greller_cho_suva_2004_b.cellml"}, {"file": "simulation_5.sedml"}, {"file": "simulation_7.sedml"}, {"file": "report.csv"}, {"file": "lemaire_2004.svg"}, {"file": "simulation_0.sedml"}, {"file": "lemaire_2004.png"}, {"file": "lemaire_tobin_greller_cho_suva_2004_f.cellml"}, {"file": "simulation_2.sedml"}, {"file": "simulation_6.sedml"}, {"file": "lemaire_2004.ai"}, {"file": "simulation_4.sedml"}, {"file": "lemaire_tobin_greller_cho_suva_2004_h.cellml"}, {"file": "lemaire_tobin_greller_cho_suva_2004_d.cellml"}, {"file": "simulation_8.sedml"}, {"file": "lemaire_tobin_greller_cho_suva_2004_a.cellml"}, {"file": "lemaire_tobin_greller_cho_suva_2004_c.cellml"}, {"file": "lemaire_2004_new.svg"}, {"file": "lemaire_2004_new.png"}, {"file": "lemaire_2004_new.ai"}, {"file": "lemaire_tobin_greller_cho_suva_2004_g.cellml"}, {"file": "simulation_9.sedml"}, {"file": "lemaire_tobin_greller_cho_suva_2004_i.cellml"}, {"file": "lemaire_tobin_greller_cho_suva_2004_e.cellml"}, {"file": "lemaire_2004_new.xul"}]