<?xml version='1.0' encoding='UTF-8' standalone='no'?>
<sbml xmlns="http://www.sbml.org/sbml/level2/version4" level="2" metaid="_6dcd5228-cd00-4e8d-af6c-a104e65c4ed9" version="4">
  <model id="Reddyhoff2015" metaid="_539267ca-f4ed-4bc3-be6a-a6ce5cd42876" name="Reddyhoff2015 - Acetaminophen metabolism and toxicity">
    <notes>
      <body xmlns="http://www.w3.org/1999/xhtml">
        <div class="dc:title">Reddyhoff2015 - Acetaminophen metabolism and toxicity</div>
        <div class="dc:description">
          <div>This model examines acetaminophen metabolism and related hepatotoxicity. Multiple pathways associated with APAP metabolism has been included in the model. Using numerical, sensitivity and timescale analysis, key parameters involved in the toxicity has been identified. The model analysis highlights a critical acetaminophen dose in terms of the model parameters. 
  </div>
      </div>
      <div class="dc:bibliographicCitation">
        <p>This model is described in the article:</p>
        <div class="bibo:title">
          <a href="http://identifiers.org/pubmed/26348886" title="Access to this publication">Timescale analysis of a mathematical model of acetaminophen metabolism and toxicity.</a>
        </div>
        <div class="bibo:authorList">Reddyhoff D, Ward J, Williams D, Regan S, Webb S</div>
        <div class="bibo:Journal">J Theor Biol. 2015 Dec 7;386:132-46.</div>
        <p>Abstract:</p>
        <div class="bibo:abstract">
          <p>
    Acetaminophen is a widespread and commonly used painkiller all over the world. However, it can cause liver damage when taken in large doses or at repeated chronic doses. Current models of acetaminophen metabolism are complex, and limited to numerical investigation though provide results that represent clinical investigation well. We derive a mathematical model based on mass action laws aimed at capturing the main dynamics of acetaminophen metabolism, in particular the contrast between normal and overdose cases, whilst remaining simple enough for detailed mathematical analysis that can identify key parameters and quantify their role in liver toxicity. We use singular perturbation analysis to separate the different timescales describing the sequence of events in acetaminophen metabolism, systematically identifying which parameters dominate during each of the successive stages. Using this approach we determined, in terms of the model parameters, the critical dose between safe and overdose cases, timescales for exhaustion and regeneration of important cofactors for acetaminophen metabolism and total toxin accumulation as a fraction of initial dose. 
    </p>
        </div>
      </div>
      <div class="dc:publisher">
        <p>This model is hosted on 
  <a href="http://www.ebi.ac.uk/biomodels/">BioModels Database</a>
  and identified by: 
  <a href="http://identifiers.org/biomodels.db/MODEL1603080000">MODEL1603080000</a>.</p>
      <p>To cite BioModels Database, please use: 
  <a href="http://identifiers.org/pubmed/26225232" title="Latest BioModels Database publication">BioModels:
  Content, Features, Functionality and Use.</a>
  </p>
</div><div class="dc:license">
  <p>To the extent possible under law, all copyright and related or
  neighbouring rights to this encoded model have been dedicated to
  the public domain worldwide. Please refer to 
  <a href="http://creativecommons.org/publicdomain/zero/1.0/" title="Access to: CC0 1.0 Universal (CC0 1.0), Public Domain Dedication">CC0
  Public Domain Dedication</a> for more information.</p>
</div>
</body>
</notes>
    <annotation>
	<rdf:RDF xmlns:rdf="http://www.w3.org/1999/02/22-rdf-syntax-ns#" xmlns:dc="http://purl.org/dc/elements/1.1/" xmlns:vCard="http://www.w3.org/2001/vcard-rdf/3.0#" xmlns:dcterms="http://purl.org/dc/terms/" xmlns:bqmodel="http://biomodels.net/model-qualifiers/" xmlns:bqbiol="http://biomodels.net/biology-qualifiers/">
        <rdf:Description rdf:about="#_539267ca-f4ed-4bc3-be6a-a6ce5cd42876">
	<dc:creator>
	<rdf:Bag>
	<rdf:li rdf:parseType="Resource">
	<vCard:N rdf:parseType="Resource">
	<vCard:Family>Chelliah</vCard:Family>
	<vCard:Given>Vijayalakshmi</vCard:Given>
	</vCard:N>
	<vCard:EMAIL>viji@ebi.ac.uk</vCard:EMAIL>
	<vCard:ORG rdf:parseType="Resource">
	<vCard:Orgname>EMBL-EBI</vCard:Orgname>
	</vCard:ORG>
	</rdf:li>
	<rdf:li rdf:parseType="Resource">
	<vCard:N rdf:parseType="Resource">
	<vCard:Family>Reddyhoff</vCard:Family>
	<vCard:Given>Dennis</vCard:Given>
	</vCard:N>
	<vCard:EMAIL>d.reddyhoff@lboro.ac.uk</vCard:EMAIL>
	<vCard:ORG rdf:parseType="Resource">
	<vCard:Orgname>Department of Mathematical Sciences, Loughborough University, Loughborough, Leics LE11 3TU, UK.</vCard:Orgname>
	</vCard:ORG>
	</rdf:li>
	</rdf:Bag>
	</dc:creator>
	<dcterms:created rdf:parseType="Resource">
	<dcterms:W3CDTF>2016-04-19T17:49:22Z</dcterms:W3CDTF>
	</dcterms:created>
	<dcterms:modified rdf:parseType="Resource">
	<dcterms:W3CDTF>2017-01-13T16:15:07Z</dcterms:W3CDTF>
	</dcterms:modified>
	<bqmodel:is>
	<rdf:Bag>
	<rdf:li rdf:resource="http://identifiers.org/biomodels.db/MODEL1603080000"/>
	</rdf:Bag>
	</bqmodel:is>
	<bqmodel:is>
	<rdf:Bag>
	<rdf:li rdf:resource="http://identifiers.org/biomodels.db/BIOMD0000000609"/>
	</rdf:Bag>
	</bqmodel:is>
	<bqmodel:isDescribedBy>
	<rdf:Bag>
	<rdf:li rdf:resource="http://identifiers.org/pubmed/26348886"/>
	</rdf:Bag>
	</bqmodel:isDescribedBy>
	<bqmodel:isDerivedFrom>
	<rdf:Bag>
	<rdf:li rdf:resource="http://identifiers.org/pubmed/26966512"/>
	</rdf:Bag>
	</bqmodel:isDerivedFrom>
	<bqbiol:occursIn>
	<rdf:Bag>
	<rdf:li rdf:resource="http://identifiers.org/bto/BTO:0000759"/>
	</rdf:Bag>
	</bqbiol:occursIn>
	<bqbiol:hasTaxon>
	<rdf:Bag>
	<rdf:li rdf:resource="http://identifiers.org/taxonomy/9606"/>
	</rdf:Bag>
	</bqbiol:hasTaxon>
	<bqbiol:hasProperty>
	<rdf:Bag>
	<rdf:li rdf:resource="urn:miriam:efo:EFO%3A0004228"/>
	</rdf:Bag>
	</bqbiol:hasProperty>
	<bqbiol:isVersionOf>
	<rdf:Bag>
	<rdf:li rdf:resource="http://identifiers.org/go/GO:1901554"/>
	</rdf:Bag>
	</bqbiol:isVersionOf>
	</rdf:Description>
	
	
	
	</rdf:RDF>
	</annotation>
      <listOfFunctionDefinitions>
      <functionDefinition id="Constant_flux__irreversible" metaid="cdc5e596-3601-4084-a179-ae746c349d47" name="Constant flux (irreversible)">
        <math xmlns="http://www.w3.org/1998/Math/MathML">        
          <lambda>
            <bvar>
              <ci> v </ci>
            </bvar>
            <ci> v </ci>
          </lambda>
        </math>
            </functionDefinition>
    </listOfFunctionDefinitions>
    <listOfUnitDefinitions>
      <unitDefinition id="volume" metaid="a0b51b5a-ac80-4157-959f-f9cf81e663c6" name="volume">
        <listOfUnits>
          <unit exponent="1" kind="litre" metaid="_433bcc0e-7e6d-411c-9bb3-a638a99e1421" multiplier="1" scale="-3"/>
        </listOfUnits>
      </unitDefinition>
      <unitDefinition id="substance" metaid="ec1c3f2f-fab2-484b-b9d2-d2a4d7f10058" name="substance">
        <listOfUnits>
          <unit exponent="1" kind="mole" metaid="_05d1da5a-9b8f-4f26-9288-6c881269d00a" multiplier="1" scale="-3"/>
        </listOfUnits>
      </unitDefinition>
    </listOfUnitDefinitions>
    <listOfCompartments>
      <compartment constant="true" id="compartment" metaid="a1526978-adf5-452c-bfd5-6829e917e843" name="compartment" size="1" spatialDimensions="3">
        <annotation>
	<rdf:RDF xmlns:rdf="http://www.w3.org/1999/02/22-rdf-syntax-ns#" xmlns:bqmodel="http://biomodels.net/model-qualifiers/">
            <rdf:Description rdf:about="#a1526978-adf5-452c-bfd5-6829e917e843">
	<bqmodel:is>
	<rdf:Bag>
	<rdf:li rdf:resource="http://identifiers.org/bto/BTO:0000759"/>
	</rdf:Bag>
	</bqmodel:is>
	</rdf:Description>
	
	
	
	</rdf:RDF>
	</annotation>
            </compartment>
    </listOfCompartments>
    <listOfSpecies>
      <species boundaryCondition="false" compartment="compartment" constant="false" hasOnlySubstanceUnits="false" id="Sulphate__PAPS" initialConcentration="1.325E-14" metaid="COPASI1" name="Sulphate_PAPS">
        <annotation>
          <COPASI xmlns="http://www.copasi.org/static/sbml">
            <rdf:RDF xmlns:dcterms="http://purl.org/dc/terms/" xmlns:rdf="http://www.w3.org/1999/02/22-rdf-syntax-ns#">
              <rdf:Description rdf:about="#COPASI1">
                <dcterms:created>
                  <rdf:Description>
                    <dcterms:W3CDTF>2016-03-08T16:29:59Z</dcterms:W3CDTF>
                  </rdf:Description>
                </dcterms:created>
              </rdf:Description>
            </rdf:RDF>
          </COPASI>
	<rdf:RDF xmlns:rdf="http://www.w3.org/1999/02/22-rdf-syntax-ns#" xmlns:bqbiol="http://biomodels.net/biology-qualifiers/">
            <rdf:Description rdf:about="#COPASI1">
	<bqbiol:is>
	<rdf:Bag>
	<rdf:li rdf:resource="http://identifiers.org/chebi/CHEBI:17980"/>
	</rdf:Bag>
	</bqbiol:is>
	</rdf:Description>
	
	
	
	</rdf:RDF>
	</annotation>
            </species>
      <species boundaryCondition="false" compartment="compartment" constant="false" hasOnlySubstanceUnits="false" id="GSH" initialConcentration="6.87E-15" metaid="COPASI2" name="GSH">
        <annotation>
          <COPASI xmlns="http://www.copasi.org/static/sbml">
            <rdf:RDF xmlns:dcterms="http://purl.org/dc/terms/" xmlns:rdf="http://www.w3.org/1999/02/22-rdf-syntax-ns#">
              <rdf:Description rdf:about="#COPASI2">
                <dcterms:created>
                  <rdf:Description>
                    <dcterms:W3CDTF>2016-03-08T16:33:20Z</dcterms:W3CDTF>
                  </rdf:Description>
                </dcterms:created>
              </rdf:Description>
            </rdf:RDF>
          </COPASI>
	<rdf:RDF xmlns:rdf="http://www.w3.org/1999/02/22-rdf-syntax-ns#" xmlns:bqbiol="http://biomodels.net/biology-qualifiers/">
            <rdf:Description rdf:about="#COPASI2">
	<bqbiol:is>
	<rdf:Bag>
	<rdf:li rdf:resource="http://identifiers.org/chebi/CHEBI:16856"/>
	</rdf:Bag>
	</bqbiol:is>
	</rdf:Description>
	
	
	
	</rdf:RDF>
	</annotation>
            </species>
      <species boundaryCondition="false" compartment="compartment" constant="false" hasOnlySubstanceUnits="false" id="NAPQI" initialConcentration="0" metaid="COPASI3" name="NAPQI">
        <annotation>
          <COPASI xmlns="http://www.copasi.org/static/sbml">
            <rdf:RDF xmlns:dcterms="http://purl.org/dc/terms/" xmlns:rdf="http://www.w3.org/1999/02/22-rdf-syntax-ns#">
              <rdf:Description rdf:about="#COPASI3">
                <dcterms:created>
                  <rdf:Description>
                    <dcterms:W3CDTF>2016-03-09T13:19:40Z</dcterms:W3CDTF>
                  </rdf:Description>
                </dcterms:created>
              </rdf:Description>
            </rdf:RDF>
          </COPASI>
	<rdf:RDF xmlns:rdf="http://www.w3.org/1999/02/22-rdf-syntax-ns#" xmlns:bqbiol="http://biomodels.net/biology-qualifiers/">
            <rdf:Description rdf:about="#COPASI3">
	<bqbiol:isVersionOf>
	<rdf:Bag>
	<rdf:li rdf:resource="http://identifiers.org/uniprot/P15559"/>
	</rdf:Bag>
	</bqbiol:isVersionOf>
	</rdf:Description>
	
	
	
	</rdf:RDF>
	</annotation>
            </species>
      <species boundaryCondition="false" compartment="compartment" constant="false" hasOnlySubstanceUnits="false" id="Paracetamol_APAP" initialConcentration="1.32E-13" metaid="COPASI4" name="Paracetamol_APAP">
        <annotation>
          <COPASI xmlns="http://www.copasi.org/static/sbml">
            <rdf:RDF xmlns:dcterms="http://purl.org/dc/terms/" xmlns:rdf="http://www.w3.org/1999/02/22-rdf-syntax-ns#">
              <rdf:Description rdf:about="#COPASI4">
                <dcterms:created>
                  <rdf:Description>
                    <dcterms:W3CDTF>2016-03-08T17:48:27Z</dcterms:W3CDTF>
                  </rdf:Description>
                </dcterms:created>
              </rdf:Description>
            </rdf:RDF>
          </COPASI>
	<rdf:RDF xmlns:rdf="http://www.w3.org/1999/02/22-rdf-syntax-ns#" xmlns:bqbiol="http://biomodels.net/biology-qualifiers/">
            <rdf:Description rdf:about="#COPASI4">
	<bqbiol:is>
	<rdf:Bag>
	<rdf:li rdf:resource="urn:miriam:chembl.compound:+CHEMBL112"/>
	</rdf:Bag>
	</bqbiol:is>
	</rdf:Description>
	
	
	
	</rdf:RDF>
	</annotation>
            </species>
      <species boundaryCondition="false" compartment="compartment" constant="false" hasOnlySubstanceUnits="false" id="Protein_adducts" initialConcentration="0" metaid="COPASI5" name="Protein_adducts">
        <annotation>
          <COPASI xmlns="http://www.copasi.org/static/sbml">
            <rdf:RDF xmlns:dcterms="http://purl.org/dc/terms/" xmlns:rdf="http://www.w3.org/1999/02/22-rdf-syntax-ns#">
              <rdf:Description rdf:about="#COPASI5">
                <dcterms:created>
                  <rdf:Description>
                    <dcterms:W3CDTF>2016-03-08T17:48:18Z</dcterms:W3CDTF>
                  </rdf:Description>
                </dcterms:created>
              </rdf:Description>
            </rdf:RDF>
          </COPASI>
	<rdf:RDF xmlns:rdf="http://www.w3.org/1999/02/22-rdf-syntax-ns#" xmlns:bqbiol="http://biomodels.net/biology-qualifiers/">
            <rdf:Description rdf:about="#COPASI5">
	<bqbiol:hasPart>
	<rdf:Bag>
	<rdf:li rdf:resource="http://identifiers.org/chebi/CHEBI:36080"/>
	<rdf:li rdf:resource="http://identifiers.org/chembl.compound/CHEMBL112"/>
	</rdf:Bag>
	</bqbiol:hasPart>
	</rdf:Description>
	
	
	
	</rdf:RDF>
	</annotation>
            </species>
    </listOfSpecies>
    <listOfParameters>
      <parameter constant="true" id="P0" metaid="COPASI6" name="P0" value="1.32E-13">
        <annotation>
          <COPASI xmlns="http://www.copasi.org/static/sbml">
            <rdf:RDF xmlns:dcterms="http://purl.org/dc/terms/" xmlns:rdf="http://www.w3.org/1999/02/22-rdf-syntax-ns#">
              <rdf:Description rdf:about="#COPASI6">
                <dcterms:created>
                  <rdf:Description>
                    <dcterms:W3CDTF>2016-03-08T17:00:20Z</dcterms:W3CDTF>
                  </rdf:Description>
                </dcterms:created>
              </rdf:Description>
            </rdf:RDF>
          </COPASI>
        </annotation>
            </parameter>
      <parameter constant="true" id="dG" metaid="e6815cf9-629e-4b0b-933e-6893a28bc49f" name="dG" value="2"/>
      <parameter constant="true" id="bG" metaid="_977b619a-7f6d-4dcb-b393-39f98a62c6d8" name="bG" value="1.374E-14"/>
      <parameter constant="true" id="kGSH" metaid="f2471d3c-4e33-430a-ac4b-2eda0a03519f" name="kGSH" value="1.6E18"/>
      <parameter constant="true" id="kG" metaid="d9935912-2602-450f-9559-c76e9b6ef97f" name="kG" value="2.99"/>
      <parameter constant="true" id="kS" metaid="_1dc8e309-8760-4c12-9d05-688e74a6396d" name="kS" value="2.26E14"/>
      <parameter constant="true" id="bS" metaid="_0fda7f8d-eda9-4714-bc1e-37770bf086ef" name="bS" value="2.65E-14"/>
      <parameter constant="true" id="dS" metaid="COPASI7" name="dS" value="2">
        <annotation>
          <COPASI xmlns="http://www.copasi.org/static/sbml">
            <rdf:RDF xmlns:dcterms="http://purl.org/dc/terms/" xmlns:rdf="http://www.w3.org/1999/02/22-rdf-syntax-ns#">
              <rdf:Description rdf:about="#COPASI7">
                <dcterms:created>
                  <rdf:Description>
                    <dcterms:W3CDTF>2016-03-09T13:55:15Z</dcterms:W3CDTF>
                  </rdf:Description>
                </dcterms:created>
              </rdf:Description>
            </rdf:RDF>
          </COPASI>
        </annotation>
            </parameter>
      <parameter constant="true" id="k450" metaid="_9b5032a8-a3dd-465d-b8cc-22a5cfb1c2b9" name="k450" value="0.315"/>
      <parameter constant="true" id="kN" metaid="COPASI8" name="kN" value="0.0315">
        <annotation>
          <COPASI xmlns="http://www.copasi.org/static/sbml">
            <rdf:RDF xmlns:dcterms="http://purl.org/dc/terms/" xmlns:rdf="http://www.w3.org/1999/02/22-rdf-syntax-ns#">
              <rdf:Description rdf:about="#COPASI8">
                <dcterms:created>
                  <rdf:Description>
                    <dcterms:W3CDTF>2016-03-08T17:35:52Z</dcterms:W3CDTF>
                  </rdf:Description>
                </dcterms:created>
              </rdf:Description>
            </rdf:RDF>
          </COPASI>
        </annotation>
            </parameter>
      <parameter constant="true" id="kPSH" metaid="a46814c7-937b-47e6-866d-91454a3477b7" name="kPSH" value="110"/>
    </listOfParameters>
    <listOfInitialAssignments>
      <initialAssignment metaid="ba8690d7-3ef1-4a63-bdf8-9a16774d2ffb" symbol="Sulphate__PAPS">
        <math xmlns="http://www.w3.org/1998/Math/MathML">        
          <apply>
            <divide/>
            <ci> bS </ci>
            <ci> dS </ci>
          </apply>
        </math>
            </initialAssignment>
      <initialAssignment metaid="c4f98570-90db-4e12-9b43-2587627bb7e2" symbol="GSH">
        <math xmlns="http://www.w3.org/1998/Math/MathML">        
          <apply>
            <divide/>
            <ci> bG </ci>
            <ci> dG </ci>
          </apply>
        </math>
            </initialAssignment>
      <initialAssignment metaid="_67949df3-dbee-476b-a91f-a3766713dbd6" symbol="Paracetamol_APAP">
        <math xmlns="http://www.w3.org/1998/Math/MathML">        
          <ci> P0 </ci>
        </math>
            </initialAssignment>
    </listOfInitialAssignments>
    <listOfReactions>
      <reaction id="reaction_1" metaid="COPASI9" name="R1" reversible="false">
        <annotation>
          <COPASI xmlns="http://www.copasi.org/static/sbml">
            <rdf:RDF xmlns:dcterms="http://purl.org/dc/terms/" xmlns:rdf="http://www.w3.org/1999/02/22-rdf-syntax-ns#">
              <rdf:Description rdf:about="#COPASI9">
                <dcterms:created>
                  <rdf:Description>
                    <dcterms:W3CDTF>2016-03-08T17:20:16Z</dcterms:W3CDTF>
                  </rdf:Description>
                </dcterms:created>
              </rdf:Description>
            </rdf:RDF>
          </COPASI>
        </annotation>
              <listOfReactants>
          <speciesReference metaid="bb736737-ec0b-47ca-86a7-a64a7070c8ef" species="Paracetamol_APAP" stoichiometry="1"/>
        </listOfReactants>
        <listOfProducts>
          <speciesReference metaid="_86d617d0-80d0-451a-b415-ea6e0493fccf" species="NAPQI" stoichiometry="1"/>
        </listOfProducts>
        <listOfModifiers>
          <modifierSpeciesReference metaid="f2632fc6-d9f2-4638-bc94-054713d2d7a9" species="Paracetamol_APAP"/>
        </listOfModifiers>
        <kineticLaw metaid="b120b3f7-5a28-4d0d-aad2-ff60a252bc49">
          <math xmlns="http://www.w3.org/1998/Math/MathML">          
            <apply>
              <times/>
              <ci> compartment </ci>
              <ci> k450 </ci>
              <ci> Paracetamol_APAP </ci>
            </apply>
          </math>
                </kineticLaw>
      </reaction>
      <reaction id="R2" metaid="COPASI10" name="R2" reversible="false">
        <annotation>
          <COPASI xmlns="http://www.copasi.org/static/sbml">
            <rdf:RDF xmlns:dcterms="http://purl.org/dc/terms/" xmlns:rdf="http://www.w3.org/1999/02/22-rdf-syntax-ns#">
              <rdf:Description rdf:about="#COPASI10">
                <dcterms:created>
                  <rdf:Description>
                    <dcterms:W3CDTF>2016-03-08T17:35:00Z</dcterms:W3CDTF>
                  </rdf:Description>
                </dcterms:created>
              </rdf:Description>
            </rdf:RDF>
          </COPASI>
        </annotation>
              <listOfReactants>
          <speciesReference metaid="bf493916-e7b2-4291-b605-19e23c717c25" species="NAPQI" stoichiometry="1"/>
        </listOfReactants>
        <listOfProducts>
          <speciesReference metaid="f5d2b3f1-1f1f-46e6-82b1-741b223ba123" species="Paracetamol_APAP" stoichiometry="1"/>
        </listOfProducts>
        <listOfModifiers>
          <modifierSpeciesReference metaid="_4504fc9b-66ee-46a3-9f81-f4e57ac77f51" species="NAPQI"/>
        </listOfModifiers>
        <kineticLaw metaid="eefb999c-408d-4c43-a1d9-0e1de7c3f5dd">
          <math xmlns="http://www.w3.org/1998/Math/MathML">          
            <apply>
              <times/>
              <ci> compartment </ci>
              <ci> kN </ci>
              <ci> NAPQI </ci>
            </apply>
          </math>
                </kineticLaw>
      </reaction>
      <reaction id="R3" metaid="COPASI11" name="R3" reversible="false">
        <annotation>
          <COPASI xmlns="http://www.copasi.org/static/sbml">
            <rdf:RDF xmlns:dcterms="http://purl.org/dc/terms/" xmlns:rdf="http://www.w3.org/1999/02/22-rdf-syntax-ns#">
              <rdf:Description rdf:about="#COPASI11">
                <dcterms:created>
                  <rdf:Description>
                    <dcterms:W3CDTF>2016-03-08T17:36:07Z</dcterms:W3CDTF>
                  </rdf:Description>
                </dcterms:created>
              </rdf:Description>
            </rdf:RDF>
          </COPASI>
        </annotation>
              <listOfReactants>
          <speciesReference metaid="_63cc6cb4-bb43-4389-a450-b889f6c4841e" species="Paracetamol_APAP" stoichiometry="1"/>
        </listOfReactants>
        <listOfModifiers>
          <modifierSpeciesReference metaid="e87e265c-e593-46b7-ad08-b882984355cd" species="Paracetamol_APAP"/>
        </listOfModifiers>
        <kineticLaw metaid="_61fe605d-57d3-4fcb-98e7-2d24e09c714a">
          <math xmlns="http://www.w3.org/1998/Math/MathML">          
            <apply>
              <times/>
              <ci> compartment </ci>
              <ci> kG </ci>
              <ci> Paracetamol_APAP </ci>
            </apply>
          </math>
                </kineticLaw>
      </reaction>
      <reaction id="R4" metaid="COPASI12" name="R4" reversible="false">
        <annotation>
          <COPASI xmlns="http://www.copasi.org/static/sbml">
            <rdf:RDF xmlns:dcterms="http://purl.org/dc/terms/" xmlns:rdf="http://www.w3.org/1999/02/22-rdf-syntax-ns#">
              <rdf:Description rdf:about="#COPASI12">
                <dcterms:created>
                  <rdf:Description>
                    <dcterms:W3CDTF>2016-03-08T17:38:21Z</dcterms:W3CDTF>
                  </rdf:Description>
                </dcterms:created>
              </rdf:Description>
            </rdf:RDF>
          </COPASI>
        </annotation>
              <listOfReactants>
          <speciesReference metaid="cfe720d3-b515-4001-bcdb-12af87b6ca23" species="NAPQI" stoichiometry="1"/>
        </listOfReactants>
        <listOfProducts>
          <speciesReference metaid="d1f66713-7d2b-42e7-bc38-561f3724bba3" species="Protein_adducts" stoichiometry="1"/>
        </listOfProducts>
        <listOfModifiers>
          <modifierSpeciesReference metaid="a7afb8e0-f390-4fed-827c-448f6460bf52" species="NAPQI"/>
        </listOfModifiers>
        <kineticLaw metaid="a6b41704-22f7-4423-95e1-da6193c429cd">
          <math xmlns="http://www.w3.org/1998/Math/MathML">          
            <apply>
              <times/>
              <ci> compartment </ci>
              <ci> kPSH </ci>
              <ci> NAPQI </ci>
            </apply>
          </math>
                </kineticLaw>
      </reaction>
      <reaction id="R5" metaid="COPASI13" name="R5" reversible="false">
        <annotation>
          <COPASI xmlns="http://www.copasi.org/static/sbml">
            <rdf:RDF xmlns:dcterms="http://purl.org/dc/terms/" xmlns:rdf="http://www.w3.org/1999/02/22-rdf-syntax-ns#">
              <rdf:Description rdf:about="#COPASI13">
                <dcterms:created>
                  <rdf:Description>
                    <dcterms:W3CDTF>2016-03-09T13:35:16Z</dcterms:W3CDTF>
                  </rdf:Description>
                </dcterms:created>
              </rdf:Description>
            </rdf:RDF>
          </COPASI>
        </annotation>
              <listOfReactants>
          <speciesReference metaid="f7c9216a-3c89-4165-b9de-8d1c66d04874" species="NAPQI" stoichiometry="1"/>
          <speciesReference metaid="_38e597ca-1ab0-4047-929f-3755d8175ff0" species="GSH" stoichiometry="1"/>
        </listOfReactants>
        <listOfModifiers>
          <modifierSpeciesReference metaid="_926883ef-c47d-460c-b77a-38b28f767068" species="NAPQI"/>
          <modifierSpeciesReference metaid="_34f27cb8-693d-4394-8718-7bd0bb9113ee" species="GSH"/>
        </listOfModifiers>
        <kineticLaw metaid="_20615927-e344-45d2-8da0-cd2e389175ce">
          <math xmlns="http://www.w3.org/1998/Math/MathML">          
            <apply>
              <times/>
              <ci> compartment </ci>
              <ci> kGSH </ci>
              <ci> NAPQI </ci>
              <ci> GSH </ci>
            </apply>
          </math>
                </kineticLaw>
      </reaction>
      <reaction id="R6" metaid="COPASI14" name="R6" reversible="false">
        <annotation>
          <COPASI xmlns="http://www.copasi.org/static/sbml">
            <rdf:RDF xmlns:dcterms="http://purl.org/dc/terms/" xmlns:rdf="http://www.w3.org/1999/02/22-rdf-syntax-ns#">
              <rdf:Description rdf:about="#COPASI14">
                <dcterms:created>
                  <rdf:Description>
                    <dcterms:W3CDTF>2016-03-09T13:36:52Z</dcterms:W3CDTF>
                  </rdf:Description>
                </dcterms:created>
              </rdf:Description>
            </rdf:RDF>
          </COPASI>
        </annotation>
              <listOfReactants>
          <speciesReference metaid="_67eb6ba6-8934-4a32-bda0-f2a2425d670b" species="GSH" stoichiometry="1"/>
        </listOfReactants>
        <listOfModifiers>
          <modifierSpeciesReference metaid="_7b6f4e70-191b-47ea-b928-163843e00b90" species="GSH"/>
        </listOfModifiers>
        <kineticLaw metaid="_756968a6-359a-4f65-89f5-195ca53bd595">
          <math xmlns="http://www.w3.org/1998/Math/MathML">          
            <apply>
              <times/>
              <ci> compartment </ci>
              <ci> dG </ci>
              <ci> GSH </ci>
            </apply>
          </math>
                </kineticLaw>
      </reaction>
      <reaction id="R7" metaid="COPASI15" name="R7" reversible="false">
        <annotation>
          <COPASI xmlns="http://www.copasi.org/static/sbml">
            <rdf:RDF xmlns:dcterms="http://purl.org/dc/terms/" xmlns:rdf="http://www.w3.org/1999/02/22-rdf-syntax-ns#">
              <rdf:Description rdf:about="#COPASI15">
                <dcterms:created>
                  <rdf:Description>
                    <dcterms:W3CDTF>2016-03-09T13:37:34Z</dcterms:W3CDTF>
                  </rdf:Description>
                </dcterms:created>
              </rdf:Description>
            </rdf:RDF>
          </COPASI>
        </annotation>
              <listOfProducts>
          <speciesReference metaid="_65f1aaea-7cbe-4b52-a07c-47f7503483f8" species="GSH" stoichiometry="1"/>
        </listOfProducts>
        <kineticLaw metaid="_64eb3556-217a-4c29-9fa6-71db4215325e">
          <math xmlns="http://www.w3.org/1998/Math/MathML">          
            <apply>
              <times/>
              <ci> compartment </ci>
              <apply>
                <ci> Constant_flux__irreversible </ci>
                <ci> bG </ci>
              </apply>
            </apply>
          </math>
                </kineticLaw>
      </reaction>
      <reaction id="R8" metaid="COPASI16" name="R8" reversible="false">
        <annotation>
          <COPASI xmlns="http://www.copasi.org/static/sbml">
            <rdf:RDF xmlns:dcterms="http://purl.org/dc/terms/" xmlns:rdf="http://www.w3.org/1999/02/22-rdf-syntax-ns#">
              <rdf:Description rdf:about="#COPASI16">
                <dcterms:created>
                  <rdf:Description>
                    <dcterms:W3CDTF>2016-03-09T13:40:33Z</dcterms:W3CDTF>
                  </rdf:Description>
                </dcterms:created>
              </rdf:Description>
            </rdf:RDF>
          </COPASI>
        </annotation>
              <listOfReactants>
          <speciesReference metaid="_909d8221-cc5f-44c3-882f-f61e630174c6" species="Paracetamol_APAP" stoichiometry="1"/>
          <speciesReference metaid="_44f33281-902a-487b-8744-bab7341e36dd" species="Sulphate__PAPS" stoichiometry="1"/>
        </listOfReactants>
        <listOfModifiers>
          <modifierSpeciesReference metaid="_3da9b86b-8d18-4fa1-b15b-b7e2b8ec5a9b" species="Paracetamol_APAP"/>
          <modifierSpeciesReference metaid="_2eb9b289-1bf7-4626-9f6c-1038884cab18" species="Sulphate__PAPS"/>
        </listOfModifiers>
        <kineticLaw metaid="_130dde8b-1b0f-4099-81d1-ec3c9a57afc2">
          <math xmlns="http://www.w3.org/1998/Math/MathML">          
            <apply>
              <times/>
              <ci> compartment </ci>
              <ci> kS </ci>
              <ci> Paracetamol_APAP </ci>
              <ci> Sulphate__PAPS </ci>
            </apply>
          </math>
                </kineticLaw>
      </reaction>
      <reaction id="R9" metaid="COPASI17" name="R9" reversible="false">
        <annotation>
          <COPASI xmlns="http://www.copasi.org/static/sbml">
            <rdf:RDF xmlns:dcterms="http://purl.org/dc/terms/" xmlns:rdf="http://www.w3.org/1999/02/22-rdf-syntax-ns#">
              <rdf:Description rdf:about="#COPASI17">
                <dcterms:created>
                  <rdf:Description>
                    <dcterms:W3CDTF>2016-03-09T13:40:59Z</dcterms:W3CDTF>
                  </rdf:Description>
                </dcterms:created>
              </rdf:Description>
            </rdf:RDF>
          </COPASI>
        </annotation>
              <listOfReactants>
          <speciesReference metaid="f767d065-c5f8-48cd-91bd-aadfdff924a2" species="Sulphate__PAPS" stoichiometry="1"/>
        </listOfReactants>
        <listOfModifiers>
          <modifierSpeciesReference metaid="cae6043d-702f-486f-be6f-3d267c93438e" species="Sulphate__PAPS"/>
        </listOfModifiers>
        <kineticLaw metaid="_100b9cb5-1524-45d3-ae64-93ad9d1608c4">
          <math xmlns="http://www.w3.org/1998/Math/MathML">          
            <apply>
              <times/>
              <ci> compartment </ci>
              <ci> dS </ci>
              <ci> Sulphate__PAPS </ci>
            </apply>
          </math>
                </kineticLaw>
      </reaction>
      <reaction id="R10" metaid="COPASI18" name="R10" reversible="false">
        <annotation>
          <COPASI xmlns="http://www.copasi.org/static/sbml">
            <rdf:RDF xmlns:dcterms="http://purl.org/dc/terms/" xmlns:rdf="http://www.w3.org/1999/02/22-rdf-syntax-ns#">
              <rdf:Description rdf:about="#COPASI18">
                <dcterms:created>
                  <rdf:Description>
                    <dcterms:W3CDTF>2016-03-09T13:41:27Z</dcterms:W3CDTF>
                  </rdf:Description>
                </dcterms:created>
              </rdf:Description>
            </rdf:RDF>
          </COPASI>
        </annotation>
              <listOfProducts>
          <speciesReference metaid="d0110f44-cdc4-485b-aabe-a1b605821edc" species="Sulphate__PAPS" stoichiometry="1"/>
        </listOfProducts>
        <kineticLaw metaid="bb469ef3-d045-4d60-b40a-1a59c8d09f74">
          <math xmlns="http://www.w3.org/1998/Math/MathML">          
            <apply>
              <times/>
              <ci> compartment </ci>
              <apply>
                <ci> Constant_flux__irreversible </ci>
                <ci> bS </ci>
              </apply>
            </apply>
          </math>
                </kineticLaw>
      </reaction>
    </listOfReactions>
  </model>
</sbml>