<?xml version="1.0" encoding="UTF-8"?>
<omexManifest xmlns="http://identifiers.org/combine.specifications/omex-manifest">
  <content location="." format="http://identifiers.org/combine.specifications/omex" />
  <content location="./manifest.xml" format="http://identifiers.org/combine.specifications/omex-manifest" />
  <content location="./BIOMD0000000734.xml" format="http://identifiers.org/combine.specifications/sbml.level-2.version-4" />
  <content location="./Parmar2017_Deficient_Rich_tracer.sedml" format="http://identifiers.org/combine.specifications/sed-ml" />
  <content location="metadata.rdf" format="http://identifiers.org/combine.specifications/omex-metadata" master="false"/>
  <content location="expected-results.json" format="http://purl.org/NET/mediatypes/application/json" master="false"/>
  <content location="reports.h5" format="http://purl.org/NET/mediatypes/application/x-hdf" master="false"/>
  <content location="Figure1.jpg" format="http://purl.org/NET/mediatypes/image/jpeg" master="false"/>
</omexManifest>
