[{"file": "fujita_2010b.ai"}, {"file": "simulation_1.sedml"}, {"file": "report.csv"}, {"file": "fujita_2010_EGF_dependent_Akt.cellml"}, {"file": "fujita_2010c.ai"}, {"file": "simulation_0.sedml"}, {"file": "fujita_2010_NGF_dependent_Akt.cellml"}, {"file": "fujita_2010_EGFR_inhibited_Akt.cellml"}, {"file": "simulation_2.sedml"}, {"file": "fujita_2010c.xul"}, {"file": "fujita_2010b.xul"}, {"file": "fujita_2010a.xul"}, {"file": "fujita_2010a.png"}, {"file": "fujita_2010c.png"}, {"file": "fujita_2010b.png"}, {"file": "fujita_2010b.svg"}, {"file": "fujita_2010c.svg"}, {"file": "fujita_2010a.svg"}, {"file": "fujita_2010a.ai"}]