[{"file": "plot.csv"}, {"file": "Readme_html_5448d781b1de6a46.png"}, {"file": "report.csv"}, {"file": "molecules-25-03062-g007.jpg"}, {"file": "molecules-25-03062-g006.jpg"}, {"file": "molecules-25-03062-g004.jpg"}, {"file": "Readme-sesamin.docx"}, {"file": "molecules-25-03062-g005.jpg"}, {"file": "molecules-25-03062-g001.jpg"}, {"file": "molecules-25-03062-g002.jpg"}, {"file": "Readme.html"}, {"file": "Result-9B.jpg"}, {"file": "molecules-25-03062-g003.jpg"}, {"file": "RB-INa-Molecules.sedml"}, {"file": "Readme_html_9ada485dbba73b72.png"}, {"file": "molecules-25-03062-g008.jpg"}, {"file": "molecules-25-03062-g009.jpg"}, {"file": "molecules-25-03062-Sesamin.pdf"}, {"file": "Diagram.jpg"}, {"file": "molecules-25-03062-sch001.jpg"}]