[{"file": "Dorvash2019 - Dynamic modeling of signal transduction by mTOR complexes in cancer.sedml"}, {"file": "simbiodata.mat"}, {"file": "Dorvash2019 - Dynamic modeling of signal transduction by mTOR complexes in cancer.cps"}, {"file": "autogen_report_for_task1.csv"}, {"file": "curation_image.png"}, {"file": "plot_1_task1.csv"}, {"file": "Dorvash2019 - Dynamic modeling of signal transduction by mTOR complexes in cancer.xml"}, {"file": "Fig 4.png"}, {"file": "BIOMD0000000822_tellurium_Dynamic_modeling_of_signal_tra.ant"}]