<?xml version='1.0' encoding='UTF-8' standalone='no'?>
<sbml xmlns="http://www.sbml.org/sbml/level2/version4" level="2" metaid="metaid_0000001" version="4">
  <model id="Novak2001_FissionYeast_CellCycle" metaid="metaid_0000002" name="Novak2001_FissionYeast_CellCycle">
    <notes>
      <body xmlns="http://www.w3.org/1999/xhtml">
        <p>The model reproduces the time evolution of several species as depicted in Fig 4 of the paper. Events have been used to reset  cell mass when the value of M-phase promoting factor (MPF) decreases through 0.1. The model was successfully tested on Cell Designer.</p>
            <br/>
            <p>To the extent possible under law, all copyright and related or neighbouring rights to this encoded model have been dedicated to the public domain worldwide. Please refer to      <a href="http://creativecommons.org/publicdomain/zero/1.0/" title="Creative Commons CC0">CC0 Public Domain Dedication</a>
          for more information.      </p>
            <p>In summary, you are entitled to use this encoded model in absolutely any manner you deem suitable, verbatim, or with modification, alone or embedded it in a larger context, redistribute it, commercially or not, in a restricted way or not.</p>
            <br/>
            <p>To cite BioModels Database, please use:      <a href="http://www.ncbi.nlm.nih.gov/pubmed/20587024" target="_blank">Li C, Donizelli M, Rodriguez N, Dharuri H, Endler L, Chelliah V, Li L, He E, Henry A, Stefan MI, Snoep JL, Hucka M, Le Novère N, Laibe C (2010) BioModels Database: An enhanced, curated and annotated resource for published quantitative kinetic models. BMC Syst Biol., 4:92.</a>
                </p>
            </body>
      
    </notes>
    <annotation>
      <rdf:RDF xmlns:rdf="http://www.w3.org/1999/02/22-rdf-syntax-ns#" xmlns:bqmodel="http://biomodels.net/model-qualifiers/" xmlns:vCard="http://www.w3.org/2001/vcard-rdf/3.0#" xmlns:dc="http://purl.org/dc/elements/1.1/" xmlns:dcterms="http://purl.org/dc/terms/" xmlns:bqbiol="http://biomodels.net/biology-qualifiers/">
        <rdf:Description rdf:about="#metaid_0000002">
	<dc:creator>
	<rdf:Bag>
	<rdf:li rdf:parseType="Resource">
	<vCard:N rdf:parseType="Resource">
	<vCard:Family>Dharuri</vCard:Family>
	<vCard:Given>Harish</vCard:Given>
	</vCard:N>
	<vCard:EMAIL>hdharuri@cds.caltech.edu</vCard:EMAIL>
	<vCard:ORG rdf:parseType="Resource">
	<vCard:Orgname>California Institute of Technology</vCard:Orgname>
	</vCard:ORG>
	</rdf:li>
	</rdf:Bag>
	</dc:creator>
	<dcterms:created rdf:parseType="Resource">
	<dcterms:W3CDTF>2007-04-13T05:35:42Z</dcterms:W3CDTF>
	</dcterms:created>
	<dcterms:modified rdf:parseType="Resource">
	<dcterms:W3CDTF>2012-07-05T16:47:55Z</dcterms:W3CDTF>
	</dcterms:modified>
	<bqmodel:is>
	<rdf:Bag>
	<rdf:li rdf:resource="http://identifiers.org/biomodels.db/MODEL6488296959"/>
	</rdf:Bag>
	</bqmodel:is>
	<bqmodel:is>
	<rdf:Bag>
	<rdf:li rdf:resource="http://identifiers.org/biomodels.db/BIOMD0000000111"/>
	</rdf:Bag>
	</bqmodel:is>
	<bqmodel:isDescribedBy>
	<rdf:Bag>
	<rdf:li rdf:resource="http://identifiers.org/pubmed/12779461"/>
	</rdf:Bag>
	</bqmodel:isDescribedBy>
	<bqbiol:hasTaxon>
	<rdf:Bag>
	<rdf:li rdf:resource="http://identifiers.org/taxonomy/4894"/>
	</rdf:Bag>
	</bqbiol:hasTaxon>
	<bqbiol:isVersionOf>
	<rdf:Bag>
	<rdf:li rdf:resource="http://identifiers.org/kegg.pathway/spo04111"/>
	<rdf:li rdf:resource="http://identifiers.org/go/GO:0000278"/>
	</rdf:Bag>
	</bqbiol:isVersionOf>
	<bqbiol:hasVersion>
	<rdf:Bag>
	<rdf:li rdf:resource="http://identifiers.org/reactome/REACT_152"/>
	</rdf:Bag>
	</bqbiol:hasVersion>
	</rdf:Description>
	
      </rdf:RDF>
    </annotation>
      <listOfUnitDefinitions>
      <unitDefinition id="time" metaid="metaid_0000095" name="minutes">
        <listOfUnits>
          <unit kind="second" metaid="_264677" multiplier="60"/>
        </listOfUnits>
      </unitDefinition>
      <unitDefinition id="min_inv" metaid="metaid_0000097" name="min_inv">
        <listOfUnits>
          <unit exponent="-1" kind="second" metaid="_264691" multiplier="60"/>
        </listOfUnits>
      </unitDefinition>
      <unitDefinition id="substance" metaid="metaid_0020097" name="norm. substance">
        <listOfUnits>
          <unit kind="dimensionless" metaid="_264703"/>
        </listOfUnits>
      </unitDefinition>
    </listOfUnitDefinitions>
    <listOfCompartments>
      <compartment id="cell" metaid="metaid_0000056" name="cell" size="1">
        <annotation>
          <rdf:RDF xmlns:rdf="http://www.w3.org/1999/02/22-rdf-syntax-ns#" xmlns:bqmodel="http://biomodels.net/model-qualifiers/" xmlns:bqbiol="http://biomodels.net/biology-qualifiers/">
            <rdf:Description rdf:about="#metaid_0000056">
	<bqbiol:is>
	<rdf:Bag>
	<rdf:li rdf:resource="http://identifiers.org/go/GO:0005623"/>
	</rdf:Bag>
	</bqbiol:is>
	</rdf:Description>
	
          </rdf:RDF>
        </annotation>
            </compartment>
    </listOfCompartments>
    <listOfSpecies>
      <species compartment="cell" hasOnlySubstanceUnits="true" id="cdc13T" initialAmount="0.2" metaid="metaid_0000058" name="Total cdc13">
        <annotation>
          <rdf:RDF xmlns:rdf="http://www.w3.org/1999/02/22-rdf-syntax-ns#" xmlns:bqmodel="http://biomodels.net/model-qualifiers/" xmlns:bqbiol="http://biomodels.net/biology-qualifiers/">
            <rdf:Description rdf:about="#metaid_0000058">
	<bqbiol:isVersionOf>
	<rdf:Bag>
	<rdf:li rdf:resource="http://identifiers.org/interpro/IPR015454"/>
	</rdf:Bag>
	</bqbiol:isVersionOf>
	</rdf:Description>
	
          </rdf:RDF>
        </annotation>
            </species>
      <species compartment="cell" hasOnlySubstanceUnits="true" id="preMPF" initialAmount="0" metaid="metaid_0000059" name="preMPF">
        <annotation>
          <rdf:RDF xmlns:rdf="http://www.w3.org/1999/02/22-rdf-syntax-ns#" xmlns:bqmodel="http://biomodels.net/model-qualifiers/" xmlns:bqbiol="http://biomodels.net/biology-qualifiers/">
            <rdf:Description rdf:about="#metaid_0000059">
	<bqbiol:hasPart>
	<rdf:Bag>
	<rdf:li rdf:resource="http://identifiers.org/uniprot/P04551"/>
	<rdf:li rdf:resource="http://identifiers.org/interpro/IPR015454"/>
	</rdf:Bag>
	</bqbiol:hasPart>
	</rdf:Description>
	
          </rdf:RDF>
        </annotation>
            </species>
      <species compartment="cell" hasOnlySubstanceUnits="true" id="ste9" initialAmount="1" metaid="metaid_0000060" name="ste9">
        <annotation>
          <rdf:RDF xmlns:rdf="http://www.w3.org/1999/02/22-rdf-syntax-ns#" xmlns:bqmodel="http://biomodels.net/model-qualifiers/" xmlns:bqbiol="http://biomodels.net/biology-qualifiers/">
            <rdf:Description rdf:about="#metaid_0000060">
	<bqbiol:is>
	<rdf:Bag>
	<rdf:li rdf:resource="http://identifiers.org/uniprot/O13286"/>
	</rdf:Bag>
	</bqbiol:is>
	</rdf:Description>
	
          </rdf:RDF>
        </annotation>
            </species>
      <species compartment="cell" hasOnlySubstanceUnits="true" id="slp1T" initialAmount="0" metaid="metaid_0000061" name="slp1T">
        <annotation>
          <rdf:RDF xmlns:rdf="http://www.w3.org/1999/02/22-rdf-syntax-ns#" xmlns:bqmodel="http://biomodels.net/model-qualifiers/" xmlns:bqbiol="http://biomodels.net/biology-qualifiers/">
            <rdf:Description rdf:about="#metaid_0000061">
	<bqbiol:is>
	<rdf:Bag>
	<rdf:li rdf:resource="http://identifiers.org/uniprot/P78972"/>
	</rdf:Bag>
	</bqbiol:is>
	</rdf:Description>
	
          </rdf:RDF>
        </annotation>
            </species>
      <species compartment="cell" hasOnlySubstanceUnits="true" id="slp1" initialAmount="2.2" metaid="metaid_0000062" name="slp1">
        <annotation>
          <rdf:RDF xmlns:rdf="http://www.w3.org/1999/02/22-rdf-syntax-ns#" xmlns:bqmodel="http://biomodels.net/model-qualifiers/" xmlns:bqbiol="http://biomodels.net/biology-qualifiers/">
            <rdf:Description rdf:about="#metaid_0000062">
	<bqbiol:is>
	<rdf:Bag>
	<rdf:li rdf:resource="http://identifiers.org/uniprot/P78972"/>
	</rdf:Bag>
	</bqbiol:is>
	</rdf:Description>
	
          </rdf:RDF>
        </annotation>
            </species>
      <species compartment="cell" hasOnlySubstanceUnits="true" id="IEP" initialAmount="0" metaid="metaid_0000063" name="IEP"/>
      <species compartment="cell" hasOnlySubstanceUnits="true" id="rum1T" initialAmount="0" metaid="metaid_0000064" name="rum1T">
        <annotation>
          <rdf:RDF xmlns:rdf="http://www.w3.org/1999/02/22-rdf-syntax-ns#" xmlns:bqmodel="http://biomodels.net/model-qualifiers/" xmlns:bqbiol="http://biomodels.net/biology-qualifiers/">
            <rdf:Description rdf:about="#metaid_0000064">
	<bqbiol:is>
	<rdf:Bag>
	<rdf:li rdf:resource="http://identifiers.org/uniprot/P40380"/>
	</rdf:Bag>
	</bqbiol:is>
	</rdf:Description>
	
          </rdf:RDF>
        </annotation>
            </species>
      <species compartment="cell" hasOnlySubstanceUnits="true" id="SK" initialAmount="0" metaid="metaid_0000065" name="SK">
        <annotation>
          <rdf:RDF xmlns:rdf="http://www.w3.org/1999/02/22-rdf-syntax-ns#" xmlns:bqmodel="http://biomodels.net/model-qualifiers/" xmlns:bqbiol="http://biomodels.net/biology-qualifiers/">
            <rdf:Description rdf:about="#metaid_0000065">
	<bqbiol:isVersionOf>
	<rdf:Bag>
	<rdf:li rdf:resource="http://identifiers.org/uniprot/P24865"/>
	</rdf:Bag>
	</bqbiol:isVersionOf>
	</rdf:Description>
	
          </rdf:RDF>
        </annotation>
            </species>
      <species compartment="cell" hasOnlySubstanceUnits="true" id="M" initialAmount="1" metaid="metaid_0000066" name="Cell Mass"/>
      <species compartment="cell" hasOnlySubstanceUnits="true" id="MPF" initialAmount="0" metaid="metaid_0000094" name="M-phase promoting factor">
        <annotation>
          <rdf:RDF xmlns:rdf="http://www.w3.org/1999/02/22-rdf-syntax-ns#" xmlns:bqmodel="http://biomodels.net/model-qualifiers/" xmlns:bqbiol="http://biomodels.net/biology-qualifiers/">
            <rdf:Description rdf:about="#metaid_0000094">
	<bqbiol:hasPart>
	<rdf:Bag>
	<rdf:li rdf:resource="http://identifiers.org/uniprot/P04551"/>
	<rdf:li rdf:resource="http://identifiers.org/interpro/IPR015454"/>
	</rdf:Bag>
	</bqbiol:hasPart>
	</rdf:Description>
	
          </rdf:RDF>
        </annotation>
            </species>
    </listOfSpecies>
    <listOfParameters>
      <parameter constant="false" id="flag_MPF" metaid="metaid_0000093" units="dimensionless" value="0"/>
      <parameter constant="false" id="sigma" metaid="metaid_0000003" units="dimensionless" value="0"/>
      <parameter id="Kdiss" metaid="metaid_0000004" units="dimensionless" value="0.001"/>
      <parameter constant="false" id="Trimer" metaid="metaid_0000005" units="dimensionless" value="0"/>
      <parameter constant="false" id="TF" metaid="metaid_0000007" units="dimensionless" value="0"/>
      <parameter id="k15" metaid="metaid_0000008" units="min_inv" value="1.5"/>
      <parameter id="J16" metaid="metaid_0000009" units="dimensionless" value="0.01"/>
      <parameter id="k16_prime" metaid="metaid_0000010" units="min_inv" value="1"/>
      <parameter id="k16_double_prime" metaid="metaid_0000011" units="min_inv" value="2"/>
      <parameter id="J15" metaid="metaid_0000012" units="dimensionless" value="0.01"/>
      <parameter constant="false" id="kwee" metaid="metaid_0000013" units="min_inv" value="0"/>
      <parameter id="kwee_prime" metaid="metaid_0000014" units="min_inv" value="0.15"/>
      <parameter id="kwee_double_prime" metaid="metaid_0000015" units="min_inv" value="1.3"/>
      <parameter id="Vawee" metaid="metaid_0000016" units="min_inv" value="0.25"/>
      <parameter id="Jiwee" metaid="metaid_0000017" units="dimensionless" value="0.01"/>
      <parameter id="Viwee" metaid="metaid_0000018" units="min_inv" value="1"/>
      <parameter id="Jawee" metaid="metaid_0000019" units="dimensionless" value="0.01"/>
      <parameter constant="false" id="k25" metaid="metaid_0000020" units="min_inv" value="0"/>
      <parameter id="k25_prime" metaid="metaid_0000021" units="min_inv" value="0.05"/>
      <parameter id="k25_double_prime" metaid="metaid_0000022" units="min_inv" value="5"/>
      <parameter id="Va25" metaid="metaid_0000023" units="min_inv" value="1"/>
      <parameter id="Ji25" metaid="metaid_0000024" units="dimensionless" value="0.01"/>
      <parameter id="Vi25" metaid="metaid_0000025" units="min_inv" value="0.25"/>
      <parameter id="Ja25" metaid="metaid_0000026" units="dimensionless" value="0.01"/>
      <parameter id="k1" metaid="metaid_0000027" units="min_inv" value="0.03"/>
      <parameter id="k2_prime" metaid="metaid_0000028" units="min_inv" value="0.03"/>
      <parameter id="k2_double_prime" metaid="metaid_0000029" units="min_inv" value="1"/>
      <parameter id="k2_triple_prime" metaid="metaid_0000030" units="min_inv" value="0.1"/>
      <parameter id="k3_prime" metaid="metaid_0000031" units="min_inv" value="1"/>
      <parameter id="k3_double_prime" metaid="metaid_0000032" units="min_inv" value="10"/>
      <parameter id="J3" metaid="metaid_0000033" units="dimensionless" value="0.01"/>
      <parameter id="k4_prime" metaid="metaid_0000034" units="min_inv" value="2"/>
      <parameter id="k4" metaid="metaid_0000035" units="min_inv" value="35"/>
      <parameter id="J4" metaid="metaid_0000036" units="dimensionless" value="0.01"/>
      <parameter id="k5_prime" metaid="metaid_0000037" units="min_inv" value="0.005"/>
      <parameter id="k5_double_prime" metaid="metaid_0000038" units="min_inv" value="0.3"/>
      <parameter id="J5" metaid="metaid_0000039" units="dimensionless" value="0.3"/>
      <parameter id="k6" metaid="metaid_0000040" units="min_inv" value="0.1"/>
      <parameter id="k7" metaid="metaid_0000041" units="min_inv" value="1"/>
      <parameter id="J7" metaid="metaid_0000042" units="dimensionless" value="0.001"/>
      <parameter id="k8" metaid="metaid_0000043" units="min_inv" value="0.25"/>
      <parameter id="J8" metaid="metaid_0000044" units="dimensionless" value="0.001"/>
      <parameter id="k9" metaid="metaid_0000045" units="min_inv" value="0.1"/>
      <parameter id="J9" metaid="metaid_0000046" units="dimensionless" value="0.01"/>
      <parameter id="k10" metaid="metaid_0000047" units="min_inv" value="0.04"/>
      <parameter id="J10" metaid="metaid_0000048" units="dimensionless" value="0.01"/>
      <parameter id="k11" metaid="metaid_0000049" units="min_inv" value="0.1"/>
      <parameter id="k12" metaid="metaid_0000050" units="min_inv" value="0.01"/>
      <parameter id="k12_prime" metaid="metaid_0000051" units="min_inv" value="1"/>
      <parameter id="k12_double_prime" metaid="metaid_0000052" units="min_inv" value="3"/>
      <parameter id="k13" metaid="metaid_0000053" units="min_inv" value="0.1"/>
      <parameter id="k14" metaid="metaid_0000054" units="min_inv" value="0.1"/>
      <parameter id="mu" metaid="metaid_0000055" units="min_inv" value="0.005"/>
    </listOfParameters>
    <listOfRules>
      <assignmentRule metaid="metaid_0000067" variable="sigma">
        <math xmlns="http://www.w3.org/1998/Math/MathML">        
          <apply>
            <plus/>
            <ci> cdc13T </ci>
            <ci> rum1T </ci>
            <ci> Kdiss </ci>
          </apply>
        </math>
            </assignmentRule>
      <assignmentRule metaid="metaid_0000068" variable="Trimer">
        <math xmlns="http://www.w3.org/1998/Math/MathML">        
          <apply>
            <divide/>
            <apply>
              <times/>
              <cn type="integer"> 2 </cn>
              <ci> cdc13T </ci>
              <ci> rum1T </ci>
            </apply>
            <apply>
              <plus/>
              <ci> sigma </ci>
              <apply>
                <power/>
                <apply>
                  <minus/>
                  <apply>
                    <power/>
                    <ci> sigma </ci>
                    <cn type="integer"> 2 </cn>
                  </apply>
                  <apply>
                    <times/>
                    <cn type="integer"> 4 </cn>
                    <ci> cdc13T </ci>
                    <ci> rum1T </ci>
                  </apply>
                </apply>
                <cn> 0.5 </cn>
              </apply>
            </apply>
          </apply>
        </math>
            </assignmentRule>
      <assignmentRule metaid="metaid_0000069" variable="MPF">
        <math xmlns="http://www.w3.org/1998/Math/MathML">        
          <apply>
            <divide/>
            <apply>
              <times/>
              <apply>
                <minus/>
                <ci> cdc13T </ci>
                <ci> preMPF </ci>
              </apply>
              <apply>
                <minus/>
                <ci> cdc13T </ci>
                <ci> Trimer </ci>
              </apply>
            </apply>
            <ci> cdc13T </ci>
          </apply>
        </math>
            </assignmentRule>
      <assignmentRule metaid="metaid_0000070" variable="TF">
        <math xmlns="http://www.w3.org/1998/Math/MathML">        
          <apply>
            <divide/>
            <apply>
              <times/>
              <cn type="integer"> 2 </cn>
              <ci> k15 </ci>
              <ci> M </ci>
              <ci> J16 </ci>
            </apply>
            <apply>
              <plus/>
              <apply>
                <minus/>
                <apply>
                  <plus/>
                  <ci> k16_prime </ci>
                  <apply>
                    <times/>
                    <ci> k16_double_prime </ci>
                    <ci> MPF </ci>
                  </apply>
                </apply>
                <apply>
                  <times/>
                  <ci> k15 </ci>
                  <ci> M </ci>
                </apply>
              </apply>
              <apply>
                <times/>
                <apply>
                  <plus/>
                  <ci> k16_prime </ci>
                  <apply>
                    <times/>
                    <ci> k16_double_prime </ci>
                    <ci> MPF </ci>
                  </apply>
                </apply>
                <ci> J15 </ci>
              </apply>
              <apply>
                <times/>
                <ci> k15 </ci>
                <ci> M </ci>
                <ci> J16 </ci>
              </apply>
              <apply>
                <root/>
                <degree>
                  <cn type="integer"> 2 </cn>
                </degree>
                <apply>
                  <minus/>
                  <apply>
                    <power/>
                    <apply>
                      <plus/>
                      <apply>
                        <minus/>
                        <apply>
                          <plus/>
                          <ci> k16_prime </ci>
                          <apply>
                            <times/>
                            <ci> k16_double_prime </ci>
                            <ci> MPF </ci>
                          </apply>
                        </apply>
                        <apply>
                          <times/>
                          <ci> k15 </ci>
                          <ci> M </ci>
                        </apply>
                      </apply>
                      <apply>
                        <times/>
                        <apply>
                          <plus/>
                          <ci> k16_prime </ci>
                          <apply>
                            <times/>
                            <ci> k16_double_prime </ci>
                            <ci> MPF </ci>
                          </apply>
                        </apply>
                        <ci> J15 </ci>
                      </apply>
                      <apply>
                        <times/>
                        <ci> k15 </ci>
                        <ci> M </ci>
                        <ci> J16 </ci>
                      </apply>
                    </apply>
                    <cn type="integer"> 2 </cn>
                  </apply>
                  <apply>
                    <times/>
                    <cn type="integer"> 4 </cn>
                    <apply>
                      <minus/>
                      <apply>
                        <plus/>
                        <ci> k16_prime </ci>
                        <apply>
                          <times/>
                          <ci> k16_double_prime </ci>
                          <ci> MPF </ci>
                        </apply>
                      </apply>
                      <apply>
                        <times/>
                        <ci> k15 </ci>
                        <ci> M </ci>
                      </apply>
                    </apply>
                    <ci> k15 </ci>
                    <ci> M </ci>
                    <ci> J16 </ci>
                  </apply>
                </apply>
              </apply>
            </apply>
          </apply>
        </math>
            </assignmentRule>
      <assignmentRule metaid="metaid_0000071" variable="kwee">
        <math xmlns="http://www.w3.org/1998/Math/MathML">        
          <apply>
            <plus/>
            <ci> kwee_prime </ci>
            <apply>
              <times/>
              <apply>
                <minus/>
                <ci> kwee_double_prime </ci>
                <ci> kwee_prime </ci>
              </apply>
              <apply>
                <divide/>
                <apply>
                  <times/>
                  <cn type="integer"> 2 </cn>
                  <ci> Vawee </ci>
                  <ci> Jiwee </ci>
                </apply>
                <apply>
                  <plus/>
                  <apply>
                    <minus/>
                    <apply>
                      <times/>
                      <ci> Viwee </ci>
                      <ci> MPF </ci>
                    </apply>
                    <ci> Vawee </ci>
                  </apply>
                  <apply>
                    <times/>
                    <ci> Viwee </ci>
                    <ci> MPF </ci>
                    <ci> Jawee </ci>
                  </apply>
                  <apply>
                    <times/>
                    <ci> Vawee </ci>
                    <ci> Jiwee </ci>
                  </apply>
                  <apply>
                    <root/>
                    <degree>
                      <cn type="integer"> 2 </cn>
                    </degree>
                    <apply>
                      <minus/>
                      <apply>
                        <power/>
                        <apply>
                          <plus/>
                          <apply>
                            <minus/>
                            <apply>
                              <times/>
                              <ci> Viwee </ci>
                              <ci> MPF </ci>
                            </apply>
                            <ci> Vawee </ci>
                          </apply>
                          <apply>
                            <times/>
                            <ci> Viwee </ci>
                            <ci> MPF </ci>
                            <ci> Jawee </ci>
                          </apply>
                          <apply>
                            <times/>
                            <ci> Vawee </ci>
                            <ci> Jiwee </ci>
                          </apply>
                        </apply>
                        <cn type="integer"> 2 </cn>
                      </apply>
                      <apply>
                        <times/>
                        <cn type="integer"> 4 </cn>
                        <apply>
                          <minus/>
                          <apply>
                            <times/>
                            <ci> Viwee </ci>
                            <ci> MPF </ci>
                          </apply>
                          <ci> Vawee </ci>
                        </apply>
                        <ci> Vawee </ci>
                        <ci> Jiwee </ci>
                      </apply>
                    </apply>
                  </apply>
                </apply>
              </apply>
            </apply>
          </apply>
        </math>
            </assignmentRule>
      <assignmentRule metaid="metaid_0000072" variable="k25">
        <math xmlns="http://www.w3.org/1998/Math/MathML">        
          <apply>
            <plus/>
            <ci> k25_prime </ci>
            <apply>
              <times/>
              <apply>
                <minus/>
                <ci> k25_double_prime </ci>
                <ci> k25_prime </ci>
              </apply>
              <apply>
                <divide/>
                <apply>
                  <times/>
                  <cn type="integer"> 2 </cn>
                  <ci> Va25 </ci>
                  <ci> MPF </ci>
                  <ci> Ji25 </ci>
                </apply>
                <apply>
                  <plus/>
                  <apply>
                    <minus/>
                    <ci> Vi25 </ci>
                    <apply>
                      <times/>
                      <ci> Va25 </ci>
                      <ci> MPF </ci>
                    </apply>
                  </apply>
                  <apply>
                    <times/>
                    <ci> Vi25 </ci>
                    <ci> Ja25 </ci>
                  </apply>
                  <apply>
                    <times/>
                    <ci> Va25 </ci>
                    <ci> MPF </ci>
                    <ci> Ji25 </ci>
                  </apply>
                  <apply>
                    <root/>
                    <degree>
                      <cn type="integer"> 2 </cn>
                    </degree>
                    <apply>
                      <minus/>
                      <apply>
                        <power/>
                        <apply>
                          <plus/>
                          <apply>
                            <minus/>
                            <ci> Vi25 </ci>
                            <apply>
                              <times/>
                              <ci> Va25 </ci>
                              <ci> MPF </ci>
                            </apply>
                          </apply>
                          <apply>
                            <times/>
                            <ci> Vi25 </ci>
                            <ci> Ja25 </ci>
                          </apply>
                          <apply>
                            <times/>
                            <ci> Va25 </ci>
                            <ci> MPF </ci>
                            <ci> Ji25 </ci>
                          </apply>
                        </apply>
                        <cn type="integer"> 2 </cn>
                      </apply>
                      <apply>
                        <times/>
                        <cn type="integer"> 4 </cn>
                        <apply>
                          <minus/>
                          <ci> Vi25 </ci>
                          <apply>
                            <times/>
                            <ci> Va25 </ci>
                            <ci> MPF </ci>
                          </apply>
                        </apply>
                        <ci> Va25 </ci>
                        <ci> MPF </ci>
                        <ci> Ji25 </ci>
                      </apply>
                    </apply>
                  </apply>
                </apply>
              </apply>
            </apply>
          </apply>
        </math>
            </assignmentRule>
    </listOfRules>
    <listOfReactions>
      <reaction id="R1" metaid="metaid_0000073" name="cdc13T synthesis" reversible="false">
        <annotation>
          <rdf:RDF xmlns:rdf="http://www.w3.org/1999/02/22-rdf-syntax-ns#" xmlns:bqmodel="http://biomodels.net/model-qualifiers/" xmlns:bqbiol="http://biomodels.net/biology-qualifiers/">
            <rdf:Description rdf:about="#metaid_0000073">
	<bqbiol:is>
	<rdf:Bag>
	<rdf:li rdf:resource="http://identifiers.org/go/GO:0007346"/>
	<rdf:li rdf:resource="http://identifiers.org/go/GO:0006412"/>
	</rdf:Bag>
	</bqbiol:is>
	</rdf:Description>
	
          </rdf:RDF>
        </annotation>
              <listOfProducts>
          <speciesReference metaid="_264715" species="cdc13T"/>
        </listOfProducts>
        <listOfModifiers>
          <modifierSpeciesReference metaid="_264727" species="M"/>
        </listOfModifiers>
        <kineticLaw metaid="_264739">
          <math xmlns="http://www.w3.org/1998/Math/MathML">          
            <apply>
              <times/>
              <ci> k1 </ci>
              <ci> M </ci>
            </apply>
          </math>
                </kineticLaw>
      </reaction>
      <reaction id="R2" metaid="metaid_0000074" name="Targeting cdc13T to APC core" reversible="false">
        <annotation>
          <rdf:RDF xmlns:rdf="http://www.w3.org/1999/02/22-rdf-syntax-ns#" xmlns:bqmodel="http://biomodels.net/model-qualifiers/" xmlns:bqbiol="http://biomodels.net/biology-qualifiers/">
            <rdf:Description rdf:about="#metaid_0000074">
	<bqbiol:is>
	<rdf:Bag>
	<rdf:li rdf:resource="http://identifiers.org/go/GO:0008054"/>
	<rdf:li rdf:resource="http://identifiers.org/go/GO:0007092"/>
	</rdf:Bag>
	</bqbiol:is>
	</rdf:Description>
	
          </rdf:RDF>
        </annotation>
              <listOfReactants>
          <speciesReference metaid="_264751" species="cdc13T"/>
        </listOfReactants>
        <listOfModifiers>
          <modifierSpeciesReference metaid="_264764" species="ste9"/>
          <modifierSpeciesReference metaid="_264776" species="slp1"/>
        </listOfModifiers>
        <kineticLaw metaid="_264788">
          <math xmlns="http://www.w3.org/1998/Math/MathML">          
            <apply>
              <times/>
              <apply>
                <plus/>
                <ci> k2_prime </ci>
                <apply>
                  <times/>
                  <ci> k2_double_prime </ci>
                  <ci> ste9 </ci>
                </apply>
                <apply>
                  <times/>
                  <ci> k2_triple_prime </ci>
                  <ci> slp1 </ci>
                </apply>
              </apply>
              <ci> cdc13T </ci>
            </apply>
          </math>
                </kineticLaw>
      </reaction>
      <reaction id="R3" metaid="metaid_0000075" name="wee1 dependent MPF inactivation" reversible="false">
        <annotation>
          <rdf:RDF xmlns:rdf="http://www.w3.org/1999/02/22-rdf-syntax-ns#" xmlns:bqmodel="http://biomodels.net/model-qualifiers/" xmlns:bqbiol="http://biomodels.net/biology-qualifiers/">
            <rdf:Description rdf:about="#metaid_0000075">
              <bqbiol:is>
	<rdf:Bag>
	<rdf:li rdf:resource="http://identifiers.org/ec-code/2.7.10.2"/>
	</rdf:Bag>
	</bqbiol:is>
	<bqbiol:is>
	<rdf:Bag>
	<rdf:li rdf:resource="http://identifiers.org/go/GO:0018108"/>
	<rdf:li rdf:resource="http://identifiers.org/go/GO:0045736"/>
	</rdf:Bag>
	</bqbiol:is>
	
	<bqbiol:isVersionOf>
	<rdf:Bag>
	<rdf:li rdf:resource="http://identifiers.org/reactome/REACT_6178"/>
	</rdf:Bag>
	</bqbiol:isVersionOf>
	</rdf:Description>
	
          </rdf:RDF>
        </annotation>
              <listOfProducts>
          <speciesReference metaid="_264800" species="preMPF"/>
        </listOfProducts>
        <listOfModifiers>
          <modifierSpeciesReference metaid="_264812" species="cdc13T"/>
        </listOfModifiers>
        <kineticLaw metaid="_264824">
          <math xmlns="http://www.w3.org/1998/Math/MathML">          
            <apply>
              <times/>
              <ci> kwee </ci>
              <apply>
                <minus/>
                <ci> cdc13T </ci>
                <ci> preMPF </ci>
              </apply>
            </apply>
          </math>
                </kineticLaw>
      </reaction>
      <reaction id="R4" metaid="metaid_0000076" name="cdc25 dependent preMPF phosphorylation" reversible="false">
        <annotation>
          <rdf:RDF xmlns:rdf="http://www.w3.org/1999/02/22-rdf-syntax-ns#" xmlns:bqmodel="http://biomodels.net/model-qualifiers/" xmlns:bqbiol="http://biomodels.net/biology-qualifiers/">
            <rdf:Description rdf:about="#metaid_0000076">
              <bqbiol:is>
	<rdf:Bag>
	<rdf:li rdf:resource="http://identifiers.org/ec-code/3.1.3.48"/>
	<rdf:li rdf:resource="http://identifiers.org/go/GO:0004725"/>
	<rdf:li rdf:resource="http://identifiers.org/go/GO:0010389"/>
	</rdf:Bag>
	</bqbiol:is>
	
	<bqbiol:isVersionOf>
	<rdf:Bag>
	<rdf:li rdf:resource="http://identifiers.org/reactome/REACT_6257.1"/>
	</rdf:Bag>
	</bqbiol:isVersionOf>
	</rdf:Description>
	
          </rdf:RDF>
        </annotation>
              <listOfReactants>
          <speciesReference metaid="_264837" species="preMPF"/>
        </listOfReactants>
        <kineticLaw metaid="_264848">
          <math xmlns="http://www.w3.org/1998/Math/MathML">          
            <apply>
              <times/>
              <ci> k25 </ci>
              <ci> preMPF </ci>
            </apply>
          </math>
                </kineticLaw>
      </reaction>
      <reaction id="R5" metaid="metaid_0000077" name="preMPF inactivation" reversible="false">
        <annotation>
          <rdf:RDF xmlns:rdf="http://www.w3.org/1999/02/22-rdf-syntax-ns#" xmlns:bqmodel="http://biomodels.net/model-qualifiers/" xmlns:bqbiol="http://biomodels.net/biology-qualifiers/">
            <rdf:Description rdf:about="#metaid_0000077">
	<bqbiol:is>
	<rdf:Bag>
	<rdf:li rdf:resource="http://identifiers.org/go/GO:0008054"/>
	<rdf:li rdf:resource="http://identifiers.org/go/GO:0000216"/>
	<rdf:li rdf:resource="http://identifiers.org/go/GO:0007092"/>
	</rdf:Bag>
	</bqbiol:is>
	</rdf:Description>
	
          </rdf:RDF>
        </annotation>
              <listOfReactants>
          <speciesReference metaid="_264860" species="preMPF"/>
        </listOfReactants>
        <listOfModifiers>
          <modifierSpeciesReference metaid="_264872" species="ste9"/>
          <modifierSpeciesReference metaid="_264885" species="slp1"/>
        </listOfModifiers>
        <kineticLaw metaid="_264897">
          <math xmlns="http://www.w3.org/1998/Math/MathML">          
            <apply>
              <times/>
              <apply>
                <plus/>
                <ci> k2_prime </ci>
                <apply>
                  <times/>
                  <ci> k2_double_prime </ci>
                  <ci> ste9 </ci>
                </apply>
                <apply>
                  <times/>
                  <ci> k2_triple_prime </ci>
                  <ci> slp1 </ci>
                </apply>
              </apply>
              <ci> preMPF </ci>
            </apply>
          </math>
                </kineticLaw>
      </reaction>
      <reaction id="R6" metaid="metaid_0000078" name="slp1 dependent ste9 activation" reversible="false">
        <annotation>
          <rdf:RDF xmlns:rdf="http://www.w3.org/1999/02/22-rdf-syntax-ns#" xmlns:bqmodel="http://biomodels.net/model-qualifiers/" xmlns:bqbiol="http://biomodels.net/biology-qualifiers/">
            <rdf:Description rdf:about="#metaid_0000078">
	<bqbiol:is>
	<rdf:Bag>
	<rdf:li rdf:resource="http://identifiers.org/go/GO:0035307"/>
	</rdf:Bag>
	</bqbiol:is>
	</rdf:Description>
	
          </rdf:RDF>
        </annotation>
              <listOfProducts>
          <speciesReference metaid="_264909" species="ste9"/>
        </listOfProducts>
        <listOfModifiers>
          <modifierSpeciesReference metaid="_264921" species="slp1"/>
        </listOfModifiers>
        <kineticLaw metaid="_264933">
          <math xmlns="http://www.w3.org/1998/Math/MathML">          
            <apply>
              <divide/>
              <apply>
                <times/>
                <apply>
                  <plus/>
                  <ci> k3_prime </ci>
                  <apply>
                    <times/>
                    <ci> k3_double_prime </ci>
                    <ci> slp1 </ci>
                  </apply>
                </apply>
                <apply>
                  <minus/>
                  <cn type="integer"> 1 </cn>
                  <ci> ste9 </ci>
                </apply>
              </apply>
              <apply>
                <minus/>
                <apply>
                  <plus/>
                  <ci> J3 </ci>
                  <cn type="integer"> 1 </cn>
                </apply>
                <ci> ste9 </ci>
              </apply>
            </apply>
          </math>
                </kineticLaw>
      </reaction>
      <reaction id="R7" metaid="metaid_0000079" name="ste9 phosphorylation (inactivation) by starter kinase" reversible="false">
        <annotation>
          <rdf:RDF xmlns:rdf="http://www.w3.org/1999/02/22-rdf-syntax-ns#" xmlns:bqmodel="http://biomodels.net/model-qualifiers/" xmlns:bqbiol="http://biomodels.net/biology-qualifiers/">
            <rdf:Description rdf:about="#metaid_0000079">
	<bqbiol:is>
	<rdf:Bag>
	<rdf:li rdf:resource="http://identifiers.org/go/GO:0006468"/>
	</rdf:Bag>
	</bqbiol:is>
	</rdf:Description>
	
          </rdf:RDF>
        </annotation>
              <listOfReactants>
          <speciesReference metaid="_264945" species="ste9"/>
        </listOfReactants>
        <listOfModifiers>
          <modifierSpeciesReference metaid="_264957" species="SK"/>
          <modifierSpeciesReference metaid="_264968" species="MPF"/>
        </listOfModifiers>
        <kineticLaw metaid="_264981">
          <math xmlns="http://www.w3.org/1998/Math/MathML">          
            <apply>
              <divide/>
              <apply>
                <times/>
                <apply>
                  <plus/>
                  <apply>
                    <times/>
                    <ci> k4_prime </ci>
                    <ci> SK </ci>
                  </apply>
                  <apply>
                    <times/>
                    <ci> k4 </ci>
                    <ci> MPF </ci>
                  </apply>
                </apply>
                <ci> ste9 </ci>
              </apply>
              <apply>
                <plus/>
                <ci> J4 </ci>
                <ci> ste9 </ci>
              </apply>
            </apply>
          </math>
                </kineticLaw>
      </reaction>
      <reaction id="R8" metaid="metaid_0000080" name="slp1T activation by MPF" reversible="false">
        <annotation>
          <rdf:RDF xmlns:rdf="http://www.w3.org/1999/02/22-rdf-syntax-ns#" xmlns:bqmodel="http://biomodels.net/model-qualifiers/" xmlns:bqbiol="http://biomodels.net/biology-qualifiers/">
            <rdf:Description rdf:about="#metaid_0000080">
	<bqbiol:is>
	<rdf:Bag>
	<rdf:li rdf:resource="http://identifiers.org/go/GO:0006468"/>
	</rdf:Bag>
	</bqbiol:is>
	</rdf:Description>
	
          </rdf:RDF>
        </annotation>
              <listOfProducts>
          <speciesReference metaid="_264993" species="slp1T"/>
        </listOfProducts>
        <listOfModifiers>
          <modifierSpeciesReference metaid="_265005" species="MPF"/>
        </listOfModifiers>
        <kineticLaw metaid="_265017">
          <math xmlns="http://www.w3.org/1998/Math/MathML">          
            <apply>
              <plus/>
              <ci> k5_prime </ci>
              <apply>
                <divide/>
                <apply>
                  <times/>
                  <ci> k5_double_prime </ci>
                  <apply>
                    <power/>
                    <ci> MPF </ci>
                    <cn type="integer"> 4 </cn>
                  </apply>
                </apply>
                <apply>
                  <plus/>
                  <apply>
                    <power/>
                    <ci> J5 </ci>
                    <cn type="integer"> 4 </cn>
                  </apply>
                  <apply>
                    <power/>
                    <ci> MPF </ci>
                    <cn type="integer"> 4 </cn>
                  </apply>
                </apply>
              </apply>
            </apply>
          </math>
                </kineticLaw>
      </reaction>
      <reaction id="R9" metaid="metaid_0000081" name="slp1T inactivation" reversible="false">
        <annotation>
          <rdf:RDF xmlns:rdf="http://www.w3.org/1999/02/22-rdf-syntax-ns#" xmlns:bqmodel="http://biomodels.net/model-qualifiers/" xmlns:bqbiol="http://biomodels.net/biology-qualifiers/">
            <rdf:Description rdf:about="#metaid_0000081">
	<bqbiol:is>
	<rdf:Bag>
	<rdf:li rdf:resource="http://identifiers.org/go/GO:0044257"/>
	</rdf:Bag>
	</bqbiol:is>
	</rdf:Description>
	
          </rdf:RDF>
        </annotation>
              <listOfReactants>
          <speciesReference metaid="_265029" species="slp1T"/>
        </listOfReactants>
        <kineticLaw metaid="_265041">
          <math xmlns="http://www.w3.org/1998/Math/MathML">          
            <apply>
              <times/>
              <ci> k6 </ci>
              <ci> slp1T </ci>
            </apply>
          </math>
                </kineticLaw>
      </reaction>
      <reaction id="R10" metaid="metaid_0000082" name="slp1 activation by intermediary enzyme" reversible="false">
        <annotation>
          <rdf:RDF xmlns:rdf="http://www.w3.org/1999/02/22-rdf-syntax-ns#" xmlns:bqmodel="http://biomodels.net/model-qualifiers/" xmlns:bqbiol="http://biomodels.net/biology-qualifiers/">
            <rdf:Description rdf:about="#metaid_0000082">
	<bqbiol:is>
	<rdf:Bag>
	<rdf:li rdf:resource="http://identifiers.org/go/GO:0051443"/>
	</rdf:Bag>
	</bqbiol:is>
	</rdf:Description>
	
          </rdf:RDF>
        </annotation>
              <listOfProducts>
          <speciesReference metaid="_265053" species="slp1"/>
        </listOfProducts>
        <listOfModifiers>
          <modifierSpeciesReference metaid="_265065" species="IEP"/>
          <modifierSpeciesReference metaid="_265077" species="slp1T"/>
        </listOfModifiers>
        <kineticLaw metaid="_265089">
          <math xmlns="http://www.w3.org/1998/Math/MathML">          
            <apply>
              <divide/>
              <apply>
                <times/>
                <ci> k7 </ci>
                <ci> IEP </ci>
                <apply>
                  <minus/>
                  <ci> slp1T </ci>
                  <ci> slp1 </ci>
                </apply>
              </apply>
              <apply>
                <minus/>
                <apply>
                  <plus/>
                  <ci> J7 </ci>
                  <ci> slp1T </ci>
                </apply>
                <ci> slp1 </ci>
              </apply>
            </apply>
          </math>
                </kineticLaw>
      </reaction>
      <reaction id="R11" metaid="metaid_0000083" name="slp1 inactivation" reversible="false">
        <annotation>
          <rdf:RDF xmlns:rdf="http://www.w3.org/1999/02/22-rdf-syntax-ns#" xmlns:bqmodel="http://biomodels.net/model-qualifiers/" xmlns:bqbiol="http://biomodels.net/biology-qualifiers/">
            <rdf:Description rdf:about="#metaid_0000083">
	<bqbiol:is>
	<rdf:Bag>
	<rdf:li rdf:resource="http://identifiers.org/go/GO:0044257"/>
	</rdf:Bag>
	</bqbiol:is>
	</rdf:Description>
	
          </rdf:RDF>
        </annotation>
              <listOfReactants>
          <speciesReference metaid="_265101" species="slp1"/>
        </listOfReactants>
        <kineticLaw metaid="_265113">
          <math xmlns="http://www.w3.org/1998/Math/MathML">          
            <apply>
              <divide/>
              <apply>
                <times/>
                <ci> k8 </ci>
                <ci> slp1 </ci>
              </apply>
              <apply>
                <plus/>
                <ci> J8 </ci>
                <ci> slp1 </ci>
              </apply>
            </apply>
          </math>
                </kineticLaw>
      </reaction>
      <reaction id="R12" metaid="metaid_0000084" name="slp1 inactivation" reversible="false">
        <annotation>
          <rdf:RDF xmlns:rdf="http://www.w3.org/1999/02/22-rdf-syntax-ns#" xmlns:bqmodel="http://biomodels.net/model-qualifiers/" xmlns:bqbiol="http://biomodels.net/biology-qualifiers/">
            <rdf:Description rdf:about="#metaid_0000084">
	<bqbiol:is>
	<rdf:Bag>
	<rdf:li rdf:resource="http://identifiers.org/go/GO:0044257"/>
	</rdf:Bag>
	</bqbiol:is>
	</rdf:Description>
	
          </rdf:RDF>
        </annotation>
              <listOfReactants>
          <speciesReference metaid="_265125" species="slp1"/>
        </listOfReactants>
        <kineticLaw metaid="_265137">
          <math xmlns="http://www.w3.org/1998/Math/MathML">          
            <apply>
              <times/>
              <ci> k6 </ci>
              <ci> slp1 </ci>
            </apply>
          </math>
                </kineticLaw>
      </reaction>
      <reaction id="R13" metaid="metaid_0000085" name="Intermediary enzyme activation" reversible="false">
        <annotation>
          <rdf:RDF xmlns:rdf="http://www.w3.org/1999/02/22-rdf-syntax-ns#" xmlns:bqmodel="http://biomodels.net/model-qualifiers/" xmlns:bqbiol="http://biomodels.net/biology-qualifiers/">
            <rdf:Description rdf:about="#metaid_0000085">
	<bqbiol:is>
	<rdf:Bag>
	<rdf:li rdf:resource="http://identifiers.org/go/GO:0006468"/>
	</rdf:Bag>
	</bqbiol:is>
	</rdf:Description>
	
          </rdf:RDF>
        </annotation>
              <listOfProducts>
          <speciesReference metaid="_265149" species="IEP"/>
        </listOfProducts>
        <listOfModifiers>
          <modifierSpeciesReference metaid="_265161" species="MPF"/>
        </listOfModifiers>
        <kineticLaw metaid="_265173">
          <math xmlns="http://www.w3.org/1998/Math/MathML">          
            <apply>
              <divide/>
              <apply>
                <times/>
                <ci> k9 </ci>
                <ci> MPF </ci>
                <apply>
                  <minus/>
                  <cn type="integer"> 1 </cn>
                  <ci> IEP </ci>
                </apply>
              </apply>
              <apply>
                <minus/>
                <apply>
                  <plus/>
                  <ci> J9 </ci>
                  <cn type="integer"> 1 </cn>
                </apply>
                <ci> IEP </ci>
              </apply>
            </apply>
          </math>
                </kineticLaw>
      </reaction>
      <reaction id="R14" metaid="metaid_0000086" name="IEP inactivation" reversible="false">
        <annotation>
          <rdf:RDF xmlns:rdf="http://www.w3.org/1999/02/22-rdf-syntax-ns#" xmlns:bqmodel="http://biomodels.net/model-qualifiers/" xmlns:bqbiol="http://biomodels.net/biology-qualifiers/">
            <rdf:Description rdf:about="#metaid_0000086">
	<bqbiol:is>
	<rdf:Bag>
	<rdf:li rdf:resource="http://identifiers.org/go/GO:0006470"/>
	</rdf:Bag>
	</bqbiol:is>
	</rdf:Description>
	
          </rdf:RDF>
        </annotation>
              <listOfReactants>
          <speciesReference metaid="_265185" species="IEP"/>
        </listOfReactants>
        <kineticLaw metaid="_265197">
          <math xmlns="http://www.w3.org/1998/Math/MathML">          
            <apply>
              <divide/>
              <apply>
                <times/>
                <ci> k10 </ci>
                <ci> IEP </ci>
              </apply>
              <apply>
                <plus/>
                <ci> J10 </ci>
                <ci> IEP </ci>
              </apply>
            </apply>
          </math>
                </kineticLaw>
      </reaction>
      <reaction id="R15" metaid="metaid_0000087" name="rum1T activation" reversible="false">
        <annotation>
          <rdf:RDF xmlns:rdf="http://www.w3.org/1999/02/22-rdf-syntax-ns#" xmlns:bqmodel="http://biomodels.net/model-qualifiers/" xmlns:bqbiol="http://biomodels.net/biology-qualifiers/">
            <rdf:Description rdf:about="#metaid_0000087">
	<bqbiol:is>
	<rdf:Bag>
	<rdf:li rdf:resource="http://identifiers.org/go/GO:0031657"/>
	</rdf:Bag>
	</bqbiol:is>
	</rdf:Description>
	
          </rdf:RDF>
        </annotation>
              <listOfProducts>
          <speciesReference metaid="_265209" species="rum1T"/>
        </listOfProducts>
        <kineticLaw metaid="_265221">
          <math xmlns="http://www.w3.org/1998/Math/MathML">          
            <ci> k11 </ci>
          </math>
                </kineticLaw>
      </reaction>
      <reaction id="R16" metaid="metaid_0000088" name="SK dependent rum1T inactivation" reversible="false">
        <annotation>
          <rdf:RDF xmlns:rdf="http://www.w3.org/1999/02/22-rdf-syntax-ns#" xmlns:bqmodel="http://biomodels.net/model-qualifiers/" xmlns:bqbiol="http://biomodels.net/biology-qualifiers/">
            <rdf:Description rdf:about="#metaid_0000088">
	<bqbiol:is>
	<rdf:Bag>
	<rdf:li rdf:resource="http://identifiers.org/go/GO:0031657"/>
	</rdf:Bag>
	</bqbiol:is>
	</rdf:Description>
	
          </rdf:RDF>
        </annotation>
              <listOfReactants>
          <speciesReference metaid="_265233" species="rum1T"/>
        </listOfReactants>
        <listOfModifiers>
          <modifierSpeciesReference metaid="_265245" species="SK"/>
          <modifierSpeciesReference metaid="_265257" species="MPF"/>
        </listOfModifiers>
        <kineticLaw metaid="_265269">
          <math xmlns="http://www.w3.org/1998/Math/MathML">          
            <apply>
              <times/>
              <apply>
                <plus/>
                <ci> k12 </ci>
                <apply>
                  <times/>
                  <ci> k12_prime </ci>
                  <ci> SK </ci>
                </apply>
                <apply>
                  <times/>
                  <ci> k12_double_prime </ci>
                  <ci> MPF </ci>
                </apply>
              </apply>
              <ci> rum1T </ci>
            </apply>
          </math>
                </kineticLaw>
      </reaction>
      <reaction id="R17" metaid="metaid_0000089" name="SK synthesis" reversible="false">
        <annotation>
          <rdf:RDF xmlns:rdf="http://www.w3.org/1999/02/22-rdf-syntax-ns#" xmlns:bqmodel="http://biomodels.net/model-qualifiers/" xmlns:bqbiol="http://biomodels.net/biology-qualifiers/">
            <rdf:Description rdf:about="#metaid_0000089">
	<bqbiol:is>
	<rdf:Bag>
	<rdf:li rdf:resource="http://identifiers.org/go/GO:0006412"/>
	</rdf:Bag>
	</bqbiol:is>
	</rdf:Description>
	
          </rdf:RDF>
        </annotation>
              <listOfProducts>
          <speciesReference metaid="_265281" species="SK"/>
        </listOfProducts>
        <kineticLaw metaid="_265293">
          <math xmlns="http://www.w3.org/1998/Math/MathML">          
            <apply>
              <times/>
              <ci> k13 </ci>
              <ci> TF </ci>
            </apply>
          </math>
                </kineticLaw>
      </reaction>
      <reaction id="R18" metaid="metaid_0000090" name="SK degradation" reversible="false">
        <annotation>
          <rdf:RDF xmlns:rdf="http://www.w3.org/1999/02/22-rdf-syntax-ns#" xmlns:bqmodel="http://biomodels.net/model-qualifiers/" xmlns:bqbiol="http://biomodels.net/biology-qualifiers/">
            <rdf:Description rdf:about="#metaid_0000090">
	<bqbiol:is>
	<rdf:Bag>
	<rdf:li rdf:resource="http://identifiers.org/go/GO:0044257"/>
	</rdf:Bag>
	</bqbiol:is>
	</rdf:Description>
	
          </rdf:RDF>
        </annotation>
              <listOfReactants>
          <speciesReference metaid="_265305" species="SK"/>
        </listOfReactants>
        <kineticLaw metaid="_265317">
          <math xmlns="http://www.w3.org/1998/Math/MathML">          
            <apply>
              <times/>
              <ci> k14 </ci>
              <ci> SK </ci>
            </apply>
          </math>
                </kineticLaw>
      </reaction>
      <reaction id="R19" metaid="metaid_0000091" name="Cell growth" reversible="false">
        <annotation>
          <rdf:RDF xmlns:rdf="http://www.w3.org/1999/02/22-rdf-syntax-ns#" xmlns:bqmodel="http://biomodels.net/model-qualifiers/" xmlns:bqbiol="http://biomodels.net/biology-qualifiers/">
            <rdf:Description rdf:about="#metaid_0000091">
	<bqbiol:is>
	<rdf:Bag>
	<rdf:li rdf:resource="http://identifiers.org/go/GO:0016049"/>
	</rdf:Bag>
	</bqbiol:is>
	</rdf:Description>
	
          </rdf:RDF>
        </annotation>
              <listOfProducts>
          <speciesReference metaid="_265329" species="M"/>
        </listOfProducts>
        <kineticLaw metaid="_265341">
          <math xmlns="http://www.w3.org/1998/Math/MathML">          
            <apply>
              <times/>
              <ci> mu </ci>
              <ci> M </ci>
            </apply>
          </math>
                </kineticLaw>
      </reaction>
    </listOfReactions>
    <listOfEvents>
      <event id="event_0000001" metaid="metaid_0000096">
        <notes>
          <p xmlns="http://www.w3.org/1999/xhtml">
        The two events are used to reset the cell mass (divide by two) when MPF decreases through 0.1</p>
          
        </notes>
        <trigger metaid="_265353">
          <math xmlns="http://www.w3.org/1998/Math/MathML">          
            <apply>
              <and/>
              <apply>
                <leq/>
                <ci> MPF </ci>
                <cn> 0.1 </cn>
              </apply>
              <apply>
                <eq/>
                <ci> flag_MPF </ci>
                <cn type="integer"> 1 </cn>
              </apply>
            </apply>
          </math>
                </trigger>
        <listOfEventAssignments>
          <eventAssignment metaid="_265366" variable="M">
            <math xmlns="http://www.w3.org/1998/Math/MathML">            
              <apply>
                <divide/>
                <ci> M </ci>
                <cn type="integer"> 2 </cn>
              </apply>
            </math>
                    </eventAssignment>
          <eventAssignment metaid="_265378" variable="flag_MPF">
            <math xmlns="http://www.w3.org/1998/Math/MathML">            
              <cn type="integer"> 0 </cn>
            </math>
                    </eventAssignment>
        </listOfEventAssignments>
      </event>
      <event id="event_0000002" metaid="metaid_0000098">
        <trigger metaid="_265390">
          <math xmlns="http://www.w3.org/1998/Math/MathML">          
            <apply>
              <gt/>
              <ci> MPF </ci>
              <cn> 0.1 </cn>
            </apply>
          </math>
                </trigger>
        <listOfEventAssignments>
          <eventAssignment metaid="_265402" variable="flag_MPF">
            <math xmlns="http://www.w3.org/1998/Math/MathML">            
              <cn type="integer"> 1 </cn>
            </math>
                    </eventAssignment>
        </listOfEventAssignments>
      </event>
    </listOfEvents>
  </model>
</sbml>