<?xml version='1.0' encoding='UTF-8' standalone='no'?>
<sbml xmlns="http://www.sbml.org/sbml/level2/version4" level="2" version="4">
  <model id="th17_core_network" metaid="COPASI0" name="Intoslami2015 - Th17 core network model">
    <notes>
      <body xmlns="http://www.w3.org/1999/xhtml">
        <pre>Th17 core network</pre>
      </body>
    </notes>
    <annotation>
      <COPASI xmlns="http://www.copasi.org/static/sbml">
        <rdf:RDF xmlns:dcterms="http://purl.org/dc/terms/" xmlns:rdf="http://www.w3.org/1999/02/22-rdf-syntax-ns#">
          <rdf:Description rdf:about="#COPASI0">
            <dcterms:created>
              <rdf:Description>
                <dcterms:W3CDTF>2015-07-01T13:58:06Z</dcterms:W3CDTF>
              </rdf:Description>
            </dcterms:created>
          </rdf:Description>
        </rdf:RDF>
      </COPASI>
    <rdf:RDF xmlns:rdf="http://www.w3.org/1999/02/22-rdf-syntax-ns#" xmlns:bqbiol="http://biomodels.net/biology-qualifiers/">
        <rdf:Description rdf:about="#COPASI0">
	<bqbiol:hasProperty>
	<rdf:Bag>
	<rdf:li rdf:resource="http://identifiers.org/mamo/MAMO_0000046"/>
	</rdf:Bag>
	</bqbiol:hasProperty>
	</rdf:Description>
	
	
	
	</rdf:RDF>
	</annotation>
      <listOfFunctionDefinitions>
      <functionDefinition id="Constant_flux__irreversible" name="Constant flux (irreversible)">
        <math xmlns="http://www.w3.org/1998/Math/MathML">        
          <lambda>
            <bvar>
              <ci> v </ci>
            </bvar>
            <ci> v </ci>
          </lambda>
        </math>
            </functionDefinition>
    </listOfFunctionDefinitions>
    <listOfUnitDefinitions>
      <unitDefinition id="volume" name="volume">
        <listOfUnits>
          <unit exponent="1" kind="dimensionless" multiplier="1" scale="0"/>
        </listOfUnits>
      </unitDefinition>
      <unitDefinition id="time" name="time">
        <listOfUnits>
          <unit exponent="1" kind="second" multiplier="3600" scale="0"/>
        </listOfUnits>
      </unitDefinition>
      <unitDefinition id="substance" name="substance">
        <listOfUnits>
          <unit exponent="1" kind="dimensionless" multiplier="1" scale="0"/>
        </listOfUnits>
      </unitDefinition>
    </listOfUnitDefinitions>
    <listOfCompartments>
      <compartment constant="true" id="compartment" name="compartment" size="1" spatialDimensions="3"/>
    </listOfCompartments>
    <listOfSpecies>
      <species boundaryCondition="false" compartment="compartment" constant="false" hasOnlySubstanceUnits="false" id="IL6ext" initialConcentration="1" name="IL6ext"/>
      <species boundaryCondition="false" compartment="compartment" constant="false" hasOnlySubstanceUnits="false" id="IL6int" initialConcentration="0" name="IL6int"/>
      <species boundaryCondition="false" compartment="compartment" constant="false" hasOnlySubstanceUnits="false" id="STAT3mRNA" initialConcentration="0.4576" name="STAT3mRNA"/>
      <species boundaryCondition="false" compartment="compartment" constant="false" hasOnlySubstanceUnits="false" id="STAT3prot_star" initialConcentration="0" name="STAT3prot_star"/>
      <species boundaryCondition="false" compartment="compartment" constant="false" hasOnlySubstanceUnits="false" id="STAT3prot" initialConcentration="1" name="STAT3prot"/>
      <species boundaryCondition="false" compartment="compartment" constant="false" hasOnlySubstanceUnits="false" id="TGFbext" initialConcentration="1" name="TGFbext"/>
      <species boundaryCondition="false" compartment="compartment" constant="false" hasOnlySubstanceUnits="false" id="TGFbint" initialConcentration="0" name="TGFbint"/>
      <species boundaryCondition="false" compartment="compartment" constant="false" hasOnlySubstanceUnits="false" id="RORgtmRNA" initialConcentration="0.0026" name="RORgtmRNA"/>
      <species boundaryCondition="false" compartment="compartment" constant="false" hasOnlySubstanceUnits="false" id="FOXP3prot_star" initialConcentration="1" name="FOXP3prot_star"/>
      <species boundaryCondition="false" compartment="compartment" constant="false" hasOnlySubstanceUnits="false" id="FOXP3mRNA" initialConcentration="0.145" name="FOXP3mRNA"/>
    </listOfSpecies>
    <listOfReactions>
      <reaction id="IL6_conversion" metaid="COPASI1" name="IL6 conversion" reversible="false">
        <annotation>
          <COPASI xmlns="http://www.copasi.org/static/sbml">
            <rdf:RDF xmlns:dcterms="http://purl.org/dc/terms/" xmlns:rdf="http://www.w3.org/1999/02/22-rdf-syntax-ns#">
              <rdf:Description rdf:about="#COPASI1">
                <dcterms:created>
                  <rdf:Description>
                    <dcterms:W3CDTF>2015-07-01T15:21:32Z</dcterms:W3CDTF>
                  </rdf:Description>
                </dcterms:created>
              </rdf:Description>
            </rdf:RDF>
          </COPASI>
        </annotation>
              <listOfReactants>
          <speciesReference species="IL6ext" stoichiometry="1"/>
        </listOfReactants>
        <listOfProducts>
          <speciesReference species="IL6int" stoichiometry="1"/>
        </listOfProducts>
        <kineticLaw>
          <math xmlns="http://www.w3.org/1998/Math/MathML">          
            <apply>
              <times/>
              <ci> compartment </ci>
              <ci> k1 </ci>
              <ci> IL6ext </ci>
            </apply>
          </math>
                  <listOfParameters>
            <parameter id="k1" name="k1" value="0.0627"/>
          </listOfParameters>
        </kineticLaw>
      </reaction>
      <reaction id="STAT3_basal_expression" metaid="COPASI2" name="STAT3 basal expression" reversible="false">
        <annotation>
          <COPASI xmlns="http://www.copasi.org/static/sbml">
            <rdf:RDF xmlns:dcterms="http://purl.org/dc/terms/" xmlns:rdf="http://www.w3.org/1999/02/22-rdf-syntax-ns#">
              <rdf:Description rdf:about="#COPASI2">
                <dcterms:created>
                  <rdf:Description>
                    <dcterms:W3CDTF>2015-07-01T15:22:38Z</dcterms:W3CDTF>
                  </rdf:Description>
                </dcterms:created>
              </rdf:Description>
            </rdf:RDF>
          </COPASI>
        </annotation>
              <listOfProducts>
          <speciesReference species="STAT3mRNA" stoichiometry="1"/>
        </listOfProducts>
        <kineticLaw>
          <math xmlns="http://www.w3.org/1998/Math/MathML">          
            <apply>
              <times/>
              <ci> compartment </ci>
              <apply>
                <ci> Constant_flux__irreversible </ci>
                <ci> v </ci>
              </apply>
            </apply>
          </math>
                  <listOfParameters>
            <parameter id="v" name="v" value="1.0222"/>
          </listOfParameters>
        </kineticLaw>
      </reaction>
      <reaction id="STAT3_autoactivation" metaid="COPASI3" name="STAT3 autoactivation" reversible="false">
        <annotation>
          <COPASI xmlns="http://www.copasi.org/static/sbml">
            <rdf:RDF xmlns:dcterms="http://purl.org/dc/terms/" xmlns:rdf="http://www.w3.org/1999/02/22-rdf-syntax-ns#">
              <rdf:Description rdf:about="#COPASI3">
                <dcterms:created>
                  <rdf:Description>
                    <dcterms:W3CDTF>2015-07-01T14:46:35Z</dcterms:W3CDTF>
                  </rdf:Description>
                </dcterms:created>
              </rdf:Description>
            </rdf:RDF>
          </COPASI>
        </annotation>
              <listOfReactants>
          <speciesReference species="STAT3prot_star" stoichiometry="1"/>
        </listOfReactants>
        <listOfProducts>
          <speciesReference species="STAT3mRNA" stoichiometry="1"/>
          <speciesReference species="STAT3prot_star" stoichiometry="1"/>
        </listOfProducts>
        <kineticLaw>
          <math xmlns="http://www.w3.org/1998/Math/MathML">          
            <apply>
              <times/>
              <ci> compartment </ci>
              <ci> k1 </ci>
              <ci> STAT3prot_star </ci>
            </apply>
          </math>
                  <listOfParameters>
            <parameter id="k1" name="k1" value="14.8148"/>
          </listOfParameters>
        </kineticLaw>
      </reaction>
      <reaction id="STAT3_mRNA_degradation" metaid="COPASI4" name="STAT3 mRNA degradation" reversible="false">
        <annotation>
          <COPASI xmlns="http://www.copasi.org/static/sbml">
            <rdf:RDF xmlns:dcterms="http://purl.org/dc/terms/" xmlns:rdf="http://www.w3.org/1999/02/22-rdf-syntax-ns#">
              <rdf:Description rdf:about="#COPASI4">
                <dcterms:created>
                  <rdf:Description>
                    <dcterms:W3CDTF>2015-07-01T15:23:30Z</dcterms:W3CDTF>
                  </rdf:Description>
                </dcterms:created>
              </rdf:Description>
            </rdf:RDF>
          </COPASI>
        </annotation>
              <listOfReactants>
          <speciesReference species="STAT3mRNA" stoichiometry="1"/>
        </listOfReactants>
        <kineticLaw>
          <math xmlns="http://www.w3.org/1998/Math/MathML">          
            <apply>
              <times/>
              <ci> compartment </ci>
              <ci> k1 </ci>
              <ci> STAT3mRNA </ci>
            </apply>
          </math>
                  <listOfParameters>
            <parameter id="k1" name="k1" value="2.2047"/>
          </listOfParameters>
        </kineticLaw>
      </reaction>
      <reaction id="STAT3_translation" metaid="COPASI5" name="STAT3 translation" reversible="false">
        <annotation>
          <COPASI xmlns="http://www.copasi.org/static/sbml">
            <rdf:RDF xmlns:dcterms="http://purl.org/dc/terms/" xmlns:rdf="http://www.w3.org/1999/02/22-rdf-syntax-ns#">
              <rdf:Description rdf:about="#COPASI5">
                <dcterms:created>
                  <rdf:Description>
                    <dcterms:W3CDTF>2015-07-01T15:24:37Z</dcterms:W3CDTF>
                  </rdf:Description>
                </dcterms:created>
              </rdf:Description>
            </rdf:RDF>
          </COPASI>
        </annotation>
              <listOfReactants>
          <speciesReference species="STAT3mRNA" stoichiometry="1"/>
        </listOfReactants>
        <listOfProducts>
          <speciesReference species="STAT3mRNA" stoichiometry="1"/>
          <speciesReference species="STAT3prot" stoichiometry="1"/>
        </listOfProducts>
        <kineticLaw>
          <math xmlns="http://www.w3.org/1998/Math/MathML">          
            <apply>
              <times/>
              <ci> compartment </ci>
              <ci> k1 </ci>
              <ci> STAT3mRNA </ci>
            </apply>
          </math>
                  <listOfParameters>
            <parameter id="k1" name="k1" value="0.0846"/>
          </listOfParameters>
        </kineticLaw>
      </reaction>
      <reaction id="STAT3_activation" metaid="COPASI6" name="STAT3 activation" reversible="false">
        <annotation>
          <COPASI xmlns="http://www.copasi.org/static/sbml">
            <rdf:RDF xmlns:dcterms="http://purl.org/dc/terms/" xmlns:rdf="http://www.w3.org/1999/02/22-rdf-syntax-ns#">
              <rdf:Description rdf:about="#COPASI6">
                <dcterms:created>
                  <rdf:Description>
                    <dcterms:W3CDTF>2015-07-01T14:46:44Z</dcterms:W3CDTF>
                  </rdf:Description>
                </dcterms:created>
              </rdf:Description>
            </rdf:RDF>
          </COPASI>
        </annotation>
              <listOfReactants>
          <speciesReference species="STAT3prot" stoichiometry="1"/>
          <speciesReference species="IL6int" stoichiometry="1"/>
        </listOfReactants>
        <listOfProducts>
          <speciesReference species="STAT3prot_star" stoichiometry="1"/>
          <speciesReference species="IL6int" stoichiometry="1"/>
        </listOfProducts>
        <kineticLaw>
          <math xmlns="http://www.w3.org/1998/Math/MathML">          
            <apply>
              <times/>
              <ci> compartment </ci>
              <ci> k1 </ci>
              <ci> STAT3prot </ci>
              <ci> IL6int </ci>
            </apply>
          </math>
                  <listOfParameters>
            <parameter id="k1" name="k1" value="16.3647"/>
          </listOfParameters>
        </kineticLaw>
      </reaction>
      <reaction id="STAT3_protein_degradation" metaid="COPASI7" name="STAT3 protein degradation" reversible="false">
        <annotation>
          <COPASI xmlns="http://www.copasi.org/static/sbml">
            <rdf:RDF xmlns:dcterms="http://purl.org/dc/terms/" xmlns:rdf="http://www.w3.org/1999/02/22-rdf-syntax-ns#">
              <rdf:Description rdf:about="#COPASI7">
                <dcterms:created>
                  <rdf:Description>
                    <dcterms:W3CDTF>2015-07-01T15:25:41Z</dcterms:W3CDTF>
                  </rdf:Description>
                </dcterms:created>
              </rdf:Description>
            </rdf:RDF>
          </COPASI>
        </annotation>
              <listOfReactants>
          <speciesReference species="STAT3prot" stoichiometry="1"/>
        </listOfReactants>
        <kineticLaw>
          <math xmlns="http://www.w3.org/1998/Math/MathML">          
            <apply>
              <times/>
              <ci> compartment </ci>
              <ci> k1 </ci>
              <ci> STAT3prot </ci>
            </apply>
          </math>
                  <listOfParameters>
            <parameter id="k1" name="k1" value="0.0221"/>
          </listOfParameters>
        </kineticLaw>
      </reaction>
      <reaction id="STAT3_phosphoprotein_degradation" metaid="COPASI8" name="STAT3 phosphoprotein degradation" reversible="false">
        <annotation>
          <COPASI xmlns="http://www.copasi.org/static/sbml">
            <rdf:RDF xmlns:dcterms="http://purl.org/dc/terms/" xmlns:rdf="http://www.w3.org/1999/02/22-rdf-syntax-ns#">
              <rdf:Description rdf:about="#COPASI8">
                <dcterms:created>
                  <rdf:Description>
                    <dcterms:W3CDTF>2015-07-01T15:25:52Z</dcterms:W3CDTF>
                  </rdf:Description>
                </dcterms:created>
              </rdf:Description>
            </rdf:RDF>
          </COPASI>
        </annotation>
              <listOfReactants>
          <speciesReference species="STAT3prot_star" stoichiometry="1"/>
        </listOfReactants>
        <kineticLaw>
          <math xmlns="http://www.w3.org/1998/Math/MathML">          
            <apply>
              <times/>
              <ci> compartment </ci>
              <ci> k1 </ci>
              <ci> STAT3prot_star </ci>
            </apply>
          </math>
                  <listOfParameters>
            <parameter id="k1" name="k1" value="2.7893"/>
          </listOfParameters>
        </kineticLaw>
      </reaction>
      <reaction id="TGFb_conversion" metaid="COPASI9" name="TGFb conversion" reversible="false">
        <annotation>
          <COPASI xmlns="http://www.copasi.org/static/sbml">
            <rdf:RDF xmlns:dcterms="http://purl.org/dc/terms/" xmlns:rdf="http://www.w3.org/1999/02/22-rdf-syntax-ns#">
              <rdf:Description rdf:about="#COPASI9">
                <dcterms:created>
                  <rdf:Description>
                    <dcterms:W3CDTF>2015-07-01T15:26:13Z</dcterms:W3CDTF>
                  </rdf:Description>
                </dcterms:created>
              </rdf:Description>
            </rdf:RDF>
          </COPASI>
        </annotation>
              <listOfReactants>
          <speciesReference species="TGFbext" stoichiometry="1"/>
        </listOfReactants>
        <listOfProducts>
          <speciesReference species="TGFbint" stoichiometry="1"/>
        </listOfProducts>
        <kineticLaw>
          <math xmlns="http://www.w3.org/1998/Math/MathML">          
            <apply>
              <times/>
              <ci> compartment </ci>
              <ci> k1 </ci>
              <ci> TGFbext </ci>
            </apply>
          </math>
                  <listOfParameters>
            <parameter id="k1" name="k1" value="19.3743"/>
          </listOfParameters>
        </kineticLaw>
      </reaction>
      <reaction id="RORgt_inhibition_by_FOXP3" metaid="COPASI10" name="RORgt inhibition by FOXP3" reversible="false">
        <annotation>
          <COPASI xmlns="http://www.copasi.org/static/sbml">
            <rdf:RDF xmlns:dcterms="http://purl.org/dc/terms/" xmlns:rdf="http://www.w3.org/1999/02/22-rdf-syntax-ns#">
              <rdf:Description rdf:about="#COPASI10">
                <dcterms:created>
                  <rdf:Description>
                    <dcterms:W3CDTF>2015-07-01T15:27:42Z</dcterms:W3CDTF>
                  </rdf:Description>
                </dcterms:created>
              </rdf:Description>
            </rdf:RDF>
          </COPASI>
        </annotation>
              <listOfReactants>
          <speciesReference species="RORgtmRNA" stoichiometry="1"/>
          <speciesReference species="FOXP3prot_star" stoichiometry="1"/>
        </listOfReactants>
        <listOfProducts>
          <speciesReference species="FOXP3prot_star" stoichiometry="1"/>
        </listOfProducts>
        <kineticLaw>
          <math xmlns="http://www.w3.org/1998/Math/MathML">          
            <apply>
              <times/>
              <ci> compartment </ci>
              <ci> k1 </ci>
              <ci> RORgtmRNA </ci>
              <ci> FOXP3prot_star </ci>
            </apply>
          </math>
                  <listOfParameters>
            <parameter id="k1" name="k1" value="773.7824"/>
          </listOfParameters>
        </kineticLaw>
      </reaction>
      <reaction id="RORgt_degradation" metaid="COPASI11" name="RORgt degradation" reversible="false">
        <annotation>
          <COPASI xmlns="http://www.copasi.org/static/sbml">
            <rdf:RDF xmlns:dcterms="http://purl.org/dc/terms/" xmlns:rdf="http://www.w3.org/1999/02/22-rdf-syntax-ns#">
              <rdf:Description rdf:about="#COPASI11">
                <dcterms:created>
                  <rdf:Description>
                    <dcterms:W3CDTF>2015-07-01T15:28:34Z</dcterms:W3CDTF>
                  </rdf:Description>
                </dcterms:created>
              </rdf:Description>
            </rdf:RDF>
          </COPASI>
        </annotation>
              <listOfReactants>
          <speciesReference species="RORgtmRNA" stoichiometry="1"/>
        </listOfReactants>
        <kineticLaw>
          <math xmlns="http://www.w3.org/1998/Math/MathML">          
            <apply>
              <times/>
              <ci> compartment </ci>
              <ci> k1 </ci>
              <ci> RORgtmRNA </ci>
            </apply>
          </math>
                  <listOfParameters>
            <parameter id="k1" name="k1" value="0.0479"/>
          </listOfParameters>
        </kineticLaw>
      </reaction>
      <reaction id="FOXP3_basal_expression" metaid="COPASI12" name="FOXP3 basal expression" reversible="false">
        <annotation>
          <COPASI xmlns="http://www.copasi.org/static/sbml">
            <rdf:RDF xmlns:dcterms="http://purl.org/dc/terms/" xmlns:rdf="http://www.w3.org/1999/02/22-rdf-syntax-ns#">
              <rdf:Description rdf:about="#COPASI12">
                <dcterms:created>
                  <rdf:Description>
                    <dcterms:W3CDTF>2015-07-01T15:28:54Z</dcterms:W3CDTF>
                  </rdf:Description>
                </dcterms:created>
              </rdf:Description>
            </rdf:RDF>
          </COPASI>
        </annotation>
              <listOfProducts>
          <speciesReference species="FOXP3mRNA" stoichiometry="1"/>
        </listOfProducts>
        <kineticLaw>
          <math xmlns="http://www.w3.org/1998/Math/MathML">          
            <apply>
              <times/>
              <ci> compartment </ci>
              <apply>
                <ci> Constant_flux__irreversible </ci>
                <ci> v </ci>
              </apply>
            </apply>
          </math>
                  <listOfParameters>
            <parameter id="v" name="v" value="0"/>
          </listOfParameters>
        </kineticLaw>
      </reaction>
      <reaction id="FOXP3_activation_by_TGFb" metaid="COPASI13" name="FOXP3 activation by TGFb" reversible="false">
        <annotation>
          <COPASI xmlns="http://www.copasi.org/static/sbml">
            <rdf:RDF xmlns:dcterms="http://purl.org/dc/terms/" xmlns:rdf="http://www.w3.org/1999/02/22-rdf-syntax-ns#">
              <rdf:Description rdf:about="#COPASI13">
                <dcterms:created>
                  <rdf:Description>
                    <dcterms:W3CDTF>2015-07-01T15:21:04Z</dcterms:W3CDTF>
                  </rdf:Description>
                </dcterms:created>
              </rdf:Description>
            </rdf:RDF>
          </COPASI>
        </annotation>
              <listOfReactants>
          <speciesReference species="TGFbint" stoichiometry="1"/>
        </listOfReactants>
        <listOfProducts>
          <speciesReference species="FOXP3mRNA" stoichiometry="1"/>
          <speciesReference species="TGFbint" stoichiometry="1"/>
        </listOfProducts>
        <kineticLaw>
          <math xmlns="http://www.w3.org/1998/Math/MathML">          
            <apply>
              <times/>
              <ci> compartment </ci>
              <ci> k1 </ci>
              <ci> TGFbint </ci>
            </apply>
          </math>
                  <listOfParameters>
            <parameter id="k1" name="k1" value="0.0734"/>
          </listOfParameters>
        </kineticLaw>
      </reaction>
      <reaction id="FOXP3_inhibition_by_STAT3" metaid="COPASI14" name="FOXP3 inhibition by STAT3" reversible="false">
        <annotation>
          <COPASI xmlns="http://www.copasi.org/static/sbml">
            <rdf:RDF xmlns:dcterms="http://purl.org/dc/terms/" xmlns:rdf="http://www.w3.org/1999/02/22-rdf-syntax-ns#">
              <rdf:Description rdf:about="#COPASI14">
                <dcterms:created>
                  <rdf:Description>
                    <dcterms:W3CDTF>2015-07-01T15:29:30Z</dcterms:W3CDTF>
                  </rdf:Description>
                </dcterms:created>
              </rdf:Description>
            </rdf:RDF>
          </COPASI>
        </annotation>
              <listOfReactants>
          <speciesReference species="FOXP3mRNA" stoichiometry="1"/>
          <speciesReference species="STAT3prot_star" stoichiometry="1"/>
        </listOfReactants>
        <listOfProducts>
          <speciesReference species="STAT3prot_star" stoichiometry="1"/>
        </listOfProducts>
        <kineticLaw>
          <math xmlns="http://www.w3.org/1998/Math/MathML">          
            <apply>
              <times/>
              <ci> compartment </ci>
              <ci> k1 </ci>
              <ci> FOXP3mRNA </ci>
              <ci> STAT3prot_star </ci>
            </apply>
          </math>
                  <listOfParameters>
            <parameter id="k1" name="k1" value="7.4237"/>
          </listOfParameters>
        </kineticLaw>
      </reaction>
      <reaction id="FOXP3_mRNA_degradation" metaid="COPASI15" name="FOXP3 mRNA degradation" reversible="false">
        <annotation>
          <COPASI xmlns="http://www.copasi.org/static/sbml">
            <rdf:RDF xmlns:dcterms="http://purl.org/dc/terms/" xmlns:rdf="http://www.w3.org/1999/02/22-rdf-syntax-ns#">
              <rdf:Description rdf:about="#COPASI15">
                <dcterms:created>
                  <rdf:Description>
                    <dcterms:W3CDTF>2015-07-01T14:59:29Z</dcterms:W3CDTF>
                  </rdf:Description>
                </dcterms:created>
              </rdf:Description>
            </rdf:RDF>
          </COPASI>
        </annotation>
              <listOfReactants>
          <speciesReference species="FOXP3mRNA" stoichiometry="1"/>
        </listOfReactants>
        <kineticLaw>
          <math xmlns="http://www.w3.org/1998/Math/MathML">          
            <apply>
              <times/>
              <ci> compartment </ci>
              <ci> k1 </ci>
              <ci> FOXP3mRNA </ci>
            </apply>
          </math>
                  <listOfParameters>
            <parameter id="k1" name="k1" value="0.8092"/>
          </listOfParameters>
        </kineticLaw>
      </reaction>
      <reaction id="FOXP3_translation_activation" metaid="COPASI16" name="FOXP3 translation/activation" reversible="false">
        <annotation>
          <COPASI xmlns="http://www.copasi.org/static/sbml">
            <rdf:RDF xmlns:dcterms="http://purl.org/dc/terms/" xmlns:rdf="http://www.w3.org/1999/02/22-rdf-syntax-ns#">
              <rdf:Description rdf:about="#COPASI16">
                <dcterms:created>
                  <rdf:Description>
                    <dcterms:W3CDTF>2015-07-01T15:32:02Z</dcterms:W3CDTF>
                  </rdf:Description>
                </dcterms:created>
              </rdf:Description>
            </rdf:RDF>
          </COPASI>
        </annotation>
              <listOfReactants>
          <speciesReference species="FOXP3mRNA" stoichiometry="1"/>
        </listOfReactants>
        <listOfProducts>
          <speciesReference species="FOXP3mRNA" stoichiometry="1"/>
          <speciesReference species="FOXP3prot_star" stoichiometry="1"/>
        </listOfProducts>
        <kineticLaw>
          <math xmlns="http://www.w3.org/1998/Math/MathML">          
            <apply>
              <times/>
              <ci> compartment </ci>
              <ci> k1 </ci>
              <ci> FOXP3mRNA </ci>
            </apply>
          </math>
                  <listOfParameters>
            <parameter id="k1" name="k1" value="0.0053"/>
          </listOfParameters>
        </kineticLaw>
      </reaction>
      <reaction id="FOXP3_protein_degradation" metaid="COPASI17" name="FOXP3 protein degradation" reversible="false">
        <annotation>
          <COPASI xmlns="http://www.copasi.org/static/sbml">
            <rdf:RDF xmlns:dcterms="http://purl.org/dc/terms/" xmlns:rdf="http://www.w3.org/1999/02/22-rdf-syntax-ns#">
              <rdf:Description rdf:about="#COPASI17">
                <dcterms:created>
                  <rdf:Description>
                    <dcterms:W3CDTF>2015-07-01T15:32:08Z</dcterms:W3CDTF>
                  </rdf:Description>
                </dcterms:created>
              </rdf:Description>
            </rdf:RDF>
          </COPASI>
        </annotation>
              <listOfReactants>
          <speciesReference species="FOXP3prot_star" stoichiometry="1"/>
        </listOfReactants>
        <kineticLaw>
          <math xmlns="http://www.w3.org/1998/Math/MathML">          
            <apply>
              <times/>
              <ci> compartment </ci>
              <ci> k1 </ci>
              <ci> FOXP3prot_star </ci>
            </apply>
          </math>
                  <listOfParameters>
            <parameter id="k1" name="k1" value="1.3205"/>
          </listOfParameters>
        </kineticLaw>
      </reaction>
      <reaction id="RORgt_activation_by_TGFb_and_STAT3" metaid="COPASI18" name="RORgt activation by TGFb and STAT3" reversible="false">
        <annotation>
          <COPASI xmlns="http://www.copasi.org/static/sbml">
            <rdf:RDF xmlns:dcterms="http://purl.org/dc/terms/" xmlns:rdf="http://www.w3.org/1999/02/22-rdf-syntax-ns#">
              <rdf:Description rdf:about="#COPASI18">
                <dcterms:created>
                  <rdf:Description>
                    <dcterms:W3CDTF>2015-07-01T15:27:04Z</dcterms:W3CDTF>
                  </rdf:Description>
                </dcterms:created>
              </rdf:Description>
            </rdf:RDF>
          </COPASI>
        </annotation>
              <listOfReactants>
          <speciesReference species="TGFbint" stoichiometry="1"/>
          <speciesReference species="STAT3prot_star" stoichiometry="1"/>
        </listOfReactants>
        <listOfProducts>
          <speciesReference species="RORgtmRNA" stoichiometry="1"/>
          <speciesReference species="TGFbint" stoichiometry="1"/>
          <speciesReference species="STAT3prot_star" stoichiometry="1"/>
        </listOfProducts>
        <kineticLaw>
          <math xmlns="http://www.w3.org/1998/Math/MathML">          
            <apply>
              <times/>
              <ci> compartment </ci>
              <ci> k1 </ci>
              <ci> TGFbint </ci>
              <ci> STAT3prot_star </ci>
            </apply>
          </math>
                  <listOfParameters>
            <parameter id="k1" name="k1" value="4.967"/>
          </listOfParameters>
        </kineticLaw>
      </reaction>
    </listOfReactions>
  </model>
</sbml>