[{"file": "aguda_b_1999.xul"}, {"file": "report.csv"}, {"file": "simulation_0.sedml"}, {"file": "aguda_1999_bb.ai"}, {"file": "aguda_1999_bc.ai"}, {"file": "aguda_b_1999.cellml"}, {"file": "aguda_1999_ba.xul"}, {"file": "aguda_1999_bd.png"}, {"file": "aguda_1999_bd.ai"}, {"file": "aguda_1999_bc.png"}, {"file": "aguda_1999_bb.png"}, {"file": "aguda_1999_ba.ai"}, {"file": "aguda_1999_ba.png"}, {"file": "aguda_1999_ba.svg"}, {"file": "aguda_1999_bb.svg"}, {"file": "aguda_1999_bc.svg"}, {"file": "aguda_1999_bd.svg"}]