<?xml version='1.0' encoding='UTF-8' standalone='no'?>
<sbml xmlns="http://www.sbml.org/sbml/level2/version4" level="2" metaid="metaid_0000001" version="4">
  <model id="Vernoux2011_AuxinSignalling_AuxinSingleStepInput" metaid="metaid_0000002" name="Vernoux2011_AuxinSignaling_AuxinSingleStepInput">
    <notes>
      <body xmlns="http://www.w3.org/1999/xhtml">
        <p>This model is from the article:      <br/>
                <strong>The auxin signalling network translates dynamic input into robust patterning at the shoo
t apex.</strong>
                <br/>
          Vernoux T, Brunoud G, Farcot E, Morin V, Van den Daele H, Legrand J, Oliva M, Das P, Larrieu A, Wells D
, Guédon Y, Armitage L, Picard F, Guyomarc'h S, Cellier C, Parry G, Koumproglou R, Doonan JH, Estelle M
, Godin C, Kepinski S, Bennett M, De Veylder L, Traas J.      <em>Mol Syst Biol.</em>
          2011 Jul 5;7:508.      <a href="http://www.ncbi.nlm.nih.gov/pubmed/21734647">21734647</a>
          ,      <br/>
                <strong>Abstract:</strong>
                <br/>
          The plant hormone auxin is thought to provide positional information for patterning during development.
 It is still unclear, however, precisely how auxin is distributed across tissues and how the hormone is
 sensed in space and time. The control of gene expression in response to auxin involves a complex netwo
rk of over 50 potentially interacting transcriptional activators and repressors, the auxin response fac
tors (ARFs) and Aux/IAAs. Here, we perform a large-scale analysis of the Aux/IAA-ARF pathway in the sho
ot apex of Arabidopsis, where dynamic auxin-based patterning controls organogenesis. A comprehensive ex
pression map and full interactome uncovered an unexpectedly simple distribution and structure of this p
athway in the shoot apex. A mathematical model of the Aux/IAA-ARF network predicted a strong buffering
capacity along with spatial differences in auxin sensitivity. We then tested and confirmed these predic
tions using a novel auxin signalling sensor that reports input into the signalling pathway, in conjunct
ion with the published DR5 transcriptional output reporter. Our results provide evidence that the auxin
 signalling network is essential to create robust patterns at the shoot apex.      <p>        <b>Note:</b>
                    </p>
                <p>Figure 3 of the supplementary material of the reference article has been reproduced here. Time evolution of all the variables in the model are plotted, under the influence of a step input of auxin level (auxin=5, when time>1000; 0.11, otherwise). pi_A is varied between 0 and 2 by steps of 0.1.</p>
                </p>
            <p>This model originates from BioModels Database: A Database of Annotated Published Models (http://www.ebi.ac.uk/biomodels/). It is copyright (c) 2005-2011 The BioModels.net Team.      <br/>
          For more information see the      <a href="http://www.ebi.ac.uk/biomodels/legal.html" target="_blank">terms of use</a>
          .      <br/>
          To cite BioModels Database, please use:      <a href="http://www.ncbi.nlm.nih.gov/pubmed/20587024" target="_blank">Li C, Donizelli M, Rodriguez N, Dharuri H, Endler L, Chelliah V, Li L, He E, Henry A, Stefan MI, Snoep JL, Hucka M, Le Novère N, Laibe C (2010) BioModels Database: An enhanced, curated and annotated resource for published quantitative kinetic models. BMC Syst Biol., 4:92.</a>
                </p>
            </body>
      
    </notes>
    <annotation>
      <rdf:RDF xmlns:rdf="http://www.w3.org/1999/02/22-rdf-syntax-ns#" xmlns:bqmodel="http://biomodels.net/model-qualifiers/" xmlns:vCard="http://www.w3.org/2001/vcard-rdf/3.0#" xmlns:dc="http://purl.org/dc/elements/1.1/" xmlns:dcterms="http://purl.org/dc/terms/" xmlns:bqbiol="http://biomodels.net/biology-qualifiers/">
        <rdf:Description rdf:about="#metaid_0000002">
	<dc:creator>
	<rdf:Bag>
	<rdf:li rdf:parseType="Resource">
	<vCard:N rdf:parseType="Resource">
	<vCard:Family>Chelliah</vCard:Family>
	<vCard:Given>Vijayalakshmi</vCard:Given>
	</vCard:N>
	<vCard:EMAIL>viji@ebi.ac.uk</vCard:EMAIL>
	<vCard:ORG rdf:parseType="Resource">
	<vCard:Orgname>EMBL-EBI</vCard:Orgname>
	</vCard:ORG>
	</rdf:li>
	
	<rdf:li rdf:parseType="Resource">
	<vCard:N rdf:parseType="Resource">
	<vCard:Family>Vernoux</vCard:Family>
	<vCard:Given>Teva</vCard:Given>
	</vCard:N>
	<vCard:EMAIL>teva.vernoux@ens-lyon.fr</vCard:EMAIL>
	<vCard:ORG rdf:parseType="Resource">
	<vCard:Orgname>CNRS</vCard:Orgname>
	</vCard:ORG>
	</rdf:li>
	<rdf:li rdf:parseType="Resource">
	<vCard:N rdf:parseType="Resource">
	<vCard:Family>Etienne</vCard:Family>
	<vCard:Given>Farcot</vCard:Given>
	</vCard:N>
	<vCard:EMAIL>etienne.farcot@inria.fr</vCard:EMAIL>
	<vCard:ORG rdf:parseType="Resource">
	<vCard:Orgname>INRIA</vCard:Orgname>
	</vCard:ORG>
	</rdf:li>
	</rdf:Bag>
	</dc:creator>
	<dcterms:created rdf:parseType="Resource">
	<dcterms:W3CDTF>2011-04-01T10:17:29Z</dcterms:W3CDTF>
	</dcterms:created>
	<dcterms:modified rdf:parseType="Resource">
	<dcterms:W3CDTF>2011-08-23T14:13:38Z</dcterms:W3CDTF>
	</dcterms:modified>
	<bqmodel:is>
	<rdf:Bag>
	<rdf:li rdf:resource="http://identifiers.org/biomodels.db/MODEL1105290000"/>
	</rdf:Bag>
	</bqmodel:is>
	<bqmodel:is>
	<rdf:Bag>
	<rdf:li rdf:resource="http://identifiers.org/biomodels.db/BIOMD0000000351"/>
	</rdf:Bag>
	</bqmodel:is>
	<bqmodel:isDescribedBy>
	<rdf:Bag>
	<rdf:li rdf:resource="http://identifiers.org/pubmed/21734647"/>
	</rdf:Bag>
	</bqmodel:isDescribedBy>
	<bqbiol:hasTaxon>
	<rdf:Bag>
	<rdf:li rdf:resource="http://identifiers.org/taxonomy/3701"/>
	</rdf:Bag>
	</bqbiol:hasTaxon>
	<bqbiol:isVersionOf>
	<rdf:Bag>
	<rdf:li rdf:resource="http://identifiers.org/go/GO:0009734"/>
	</rdf:Bag>
	</bqbiol:isVersionOf>
	</rdf:Description>
	
      </rdf:RDF>
    </annotation>
      <listOfCompartments>
      <compartment id="compartment_0000001" metaid="metaid_0000018" name="c_1" sboTerm="SBO:0000290" size="1">
        <annotation>
          <rdf:RDF xmlns:rdf="http://www.w3.org/1999/02/22-rdf-syntax-ns#" xmlns:bqmodel="http://biomodels.net/model-qualifiers/" xmlns:bqbiol="http://biomodels.net/biology-qualifiers/">
            <rdf:Description rdf:about="#metaid_0000018">
	<bqbiol:isVersionOf>
	<rdf:Bag>
	<rdf:li rdf:resource="http://identifiers.org/go/GO:0005623"/>
	</rdf:Bag>
	</bqbiol:isVersionOf>
	</rdf:Description>
	
          </rdf:RDF>
        </annotation>
            </compartment>
    </listOfCompartments>
    <listOfSpecies>
      <species compartment="compartment_0000001" id="I" initialConcentration="10" metaid="metaid_0000019" name="Aux/IAA" sboTerm="SBO:0000252">
        <annotation>
          <rdf:RDF xmlns:rdf="http://www.w3.org/1999/02/22-rdf-syntax-ns#" xmlns:bqmodel="http://biomodels.net/model-qualifiers/" xmlns:bqbiol="http://biomodels.net/biology-qualifiers/">
            <rdf:Description rdf:about="#metaid_0000019">
	<bqbiol:isVersionOf>
	<rdf:Bag>
	<rdf:li rdf:resource="http://identifiers.org/uniprot/P49677"/>
	</rdf:Bag>
	</bqbiol:isVersionOf>
	</rdf:Description>
	
          </rdf:RDF>
        </annotation>
            </species>
      <species compartment="compartment_0000001" id="A" initialConcentration="10" metaid="metaid_0000020" name="ARF" sboTerm="SBO:0000252">
        <annotation>
          <rdf:RDF xmlns:rdf="http://www.w3.org/1999/02/22-rdf-syntax-ns#" xmlns:bqmodel="http://biomodels.net/model-qualifiers/" xmlns:bqbiol="http://biomodels.net/biology-qualifiers/">
            <rdf:Description rdf:about="#metaid_0000020">
	<bqbiol:isVersionOf>
	<rdf:Bag>
	<rdf:li rdf:resource="http://identifiers.org/uniprot/Q94JM3"/>
	</rdf:Bag>
	</bqbiol:isVersionOf>
	</rdf:Description>
	
          </rdf:RDF>
        </annotation>
            </species>
      <species compartment="compartment_0000001" id="D_II" initialConcentration="10" metaid="metaid_0000021" name="Aux/IAA:Aux/IAA" sboTerm="SBO:0000286">
        <annotation>
          <rdf:RDF xmlns:rdf="http://www.w3.org/1999/02/22-rdf-syntax-ns#" xmlns:bqmodel="http://biomodels.net/model-qualifiers/" xmlns:bqbiol="http://biomodels.net/biology-qualifiers/">
            <rdf:Description rdf:about="#metaid_0000021">
	<bqbiol:hasPart>
	<rdf:Bag>
	<rdf:li rdf:resource="http://identifiers.org/uniprot/P49677"/>
	</rdf:Bag>
	</bqbiol:hasPart>
	</rdf:Description>
	
          </rdf:RDF>
        </annotation>
            </species>
      <species compartment="compartment_0000001" id="D_IA" initialConcentration="10" metaid="metaid_0000022" name="Aux/IAA:ARF" sboTerm="SBO:0000297">
        <annotation>
          <rdf:RDF xmlns:rdf="http://www.w3.org/1999/02/22-rdf-syntax-ns#" xmlns:bqmodel="http://biomodels.net/model-qualifiers/" xmlns:bqbiol="http://biomodels.net/biology-qualifiers/">
            <rdf:Description rdf:about="#metaid_0000022">
	<bqbiol:hasPart>
	<rdf:Bag>
	<rdf:li rdf:resource="http://identifiers.org/uniprot/Q94JM3"/>
	<rdf:li rdf:resource="http://identifiers.org/uniprot/P49677"/>
	</rdf:Bag>
	</bqbiol:hasPart>
	</rdf:Description>
	
          </rdf:RDF>
        </annotation>
            </species>
      <species compartment="compartment_0000001" id="R" initialConcentration="1" metaid="metaid_0000023" name="mRNA" sboTerm="SBO:0000278">
        <annotation>
          <rdf:RDF xmlns:rdf="http://www.w3.org/1999/02/22-rdf-syntax-ns#" xmlns:bqmodel="http://biomodels.net/model-qualifiers/" xmlns:bqbiol="http://biomodels.net/biology-qualifiers/">
            <rdf:Description rdf:about="#metaid_0000023">
	<bqbiol:isVersionOf>
	<rdf:Bag>
	<rdf:li rdf:resource="http://identifiers.org/chebi/CHEBI:33699"/>
	</rdf:Bag>
	</bqbiol:isVersionOf>
	</rdf:Description>
	
          </rdf:RDF>
        </annotation>
            </species>
      <species compartment="compartment_0000001" id="aux" initialConcentration="0.11" metaid="metaid_0000036" name="auxin" sboTerm="SBO:0000252">
        <annotation>
          <rdf:RDF xmlns:rdf="http://www.w3.org/1999/02/22-rdf-syntax-ns#" xmlns:bqmodel="http://biomodels.net/model-qualifiers/" xmlns:bqbiol="http://biomodels.net/biology-qualifiers/">
            <rdf:Description rdf:about="#metaid_0000036">
	<bqbiol:isVersionOf>
	<rdf:Bag>
	<rdf:li rdf:resource="http://identifiers.org/uniprot/Q96247"/>
	</rdf:Bag>
	</bqbiol:isVersionOf>
	</rdf:Description>
	
          </rdf:RDF>
        </annotation>
            </species>
    </listOfSpecies>
    <listOfParameters>
      <parameter id="pi_I" metaid="metaid_0000005" name="pi_I" sboTerm="SBO:0000153" value="1"/>
      <parameter id="d_r" metaid="metaid_0000006" name="d_r" sboTerm="SBO:0000356" value="0.007">
        <notes>
          <p xmlns="http://www.w3.org/1999/xhtml">
        Auxin target gene mRNA degradation rate. Computed from the mean half life of Aux/IAA mRNA in Narsai et al. The Plant Cell 2007.</p>
          
        </notes>
      </parameter>
      <parameter id="d_A" metaid="metaid_0000007" name="d_A" sboTerm="SBO:0000356" value="0.003">
        <notes>
          <p xmlns="http://www.w3.org/1999/xhtml">
        ARF degradation rate, based on the value for ARF1, cf. Salmon et al. The Plant Journal (2008)</p>
          
        </notes>
      </parameter>
      <parameter id="d_II" metaid="metaid_0000008" name="d_II" sboTerm="SBO:0000356" value="0.003"/>
      <parameter id="d_IA" metaid="metaid_0000009" name="d_IA" sboTerm="SBO:0000356" value="0.003"/>
      <parameter id="k_II" metaid="metaid_0000010" name="k_II" sboTerm="SBO:0000341" value="1"/>
      <parameter id="k_IA" metaid="metaid_0000011" name="k_IA" sboTerm="SBO:0000341" value="1"/>
      <parameter id="B_d" metaid="metaid_0000012" name="B_d" sboTerm="SBO:0000282" value="100"/>
      <parameter id="f_A" metaid="metaid_0000013" name="f_A" sboTerm="SBO:0000009" value="10"/>
      <parameter id="gamma_I" metaid="metaid_0000014" name="gamma_I" sboTerm="SBO:0000009" value="10"/>
      <parameter id="K_aux" metaid="metaid_0000015" name="K_aux" sboTerm="SBO:0000282" value="1"/>
      <parameter id="K_II" metaid="metaid_0000016" name="K_II" sboTerm="SBO:0000282" value="10"/>
      <parameter id="K_IA" metaid="metaid_0000017" name="K_IA" sboTerm="SBO:0000282" value="10"/>
      <parameter id="f_c" metaid="metaid_0000024" name="f_c" sboTerm="SBO:0000009" value="10"/>
      <parameter id="w_A" metaid="metaid_0000025" name="w_A" sboTerm="SBO:0000481" value="10"/>
      <parameter id="w_I" metaid="metaid_0000026" name="w_I" sboTerm="SBO:0000481" value="10"/>
      <parameter id="w_D" metaid="metaid_0000027" name="w_D" sboTerm="SBO:0000481" value="10"/>
      <parameter id="d_I" metaid="metaid_0000028" name="d_I" sboTerm="SBO:0000356" value="0.05">
        <notes>
          <p xmlns="http://www.w3.org/1999/xhtml">
        Aux/IAA basal degradation rate (without auxin), based on half-lifes measured in Dreher et al. The Plant Cell 2006.</p>
          
        </notes>
      </parameter>
      <parameter id="pi_A" metaid="metaid_0000029" name="pi_A" sboTerm="SBO:0000153" value="1"/>
      <parameter id="k_Am" metaid="metaid_0000030" name="k_Am" sboTerm="SBO:0000009" value="10"/>
      <parameter constant="false" id="kprime_IA" metaid="metaid_0000042" name="kprime_IA" sboTerm="SBO:0000338" value="10"/>
      <parameter constant="false" id="kprime_II" metaid="metaid_0000044" name="kprime_II" sboTerm="SBO:0000338" value="10"/>
      <parameter constant="false" id="aux_basal" metaid="metaid_0000045" name="aux_basal" sboTerm="SBO:0000009" value="0.11"/>
    </listOfParameters>
    <listOfRules>
      <assignmentRule metaid="metaid_0000066" variable="aux">
        <math xmlns="http://www.w3.org/1998/Math/MathML">        
          <piecewise>
            <piece>
              <cn type="integer"> 5 </cn>
              <apply>
                <gt/>
                <csymbol encoding="text" definitionURL="http://www.sbml.org/sbml/symbols/time"> time </csymbol>
                <cn type="integer"> 1000 </cn>
              </apply>
            </piece>
            <otherwise>
              <cn type="integer"> 0 </cn>
            </otherwise>
          </piecewise>
        </math>
            </assignmentRule>
      <assignmentRule metaid="metaid_0000055" variable="kprime_IA">
        <math xmlns="http://www.w3.org/1998/Math/MathML">        
          <apply>
            <times/>
            <ci> K_IA </ci>
            <ci> k_IA </ci>
          </apply>
        </math>
            </assignmentRule>
      <assignmentRule metaid="metaid_0000056" variable="kprime_II">
        <math xmlns="http://www.w3.org/1998/Math/MathML">        
          <apply>
            <times/>
            <ci> K_II </ci>
            <ci> k_II </ci>
          </apply>
        </math>
            </assignmentRule>
      <assignmentRule metaid="metaid_0000057" variable="aux_basal">
        <math xmlns="http://www.w3.org/1998/Math/MathML">        
          <apply>
            <divide/>
            <cn> 1 </cn>
            <apply>
              <times/>
              <ci> K_aux </ci>
              <apply>
                <minus/>
                <ci> gamma_I </ci>
                <cn> 1 </cn>
              </apply>
            </apply>
          </apply>
        </math>
            </assignmentRule>
    </listOfRules>
    <listOfReactions>
      <reaction fast="false" id="reac_DIA" metaid="metaid_0000031" name="reac_DIA" sboTerm="SBO:0000526">
        <annotation>
          <rdf:RDF xmlns:rdf="http://www.w3.org/1999/02/22-rdf-syntax-ns#" xmlns:bqmodel="http://biomodels.net/model-qualifiers/" xmlns:bqbiol="http://biomodels.net/biology-qualifiers/">
            <rdf:Description rdf:about="#metaid_0000031">
	<bqbiol:isVersionOf>
	<rdf:Bag>
	<rdf:li rdf:resource="http://identifiers.org/go/GO:0006461"/>
	</rdf:Bag>
	</bqbiol:isVersionOf>
	</rdf:Description>
	
          </rdf:RDF>
        </annotation>
              <listOfReactants>
          <speciesReference metaid="_469312" species="A"/>
          <speciesReference metaid="_469324" species="I"/>
        </listOfReactants>
        <listOfProducts>
          <speciesReference metaid="_469336" species="D_IA"/>
        </listOfProducts>
        <kineticLaw metaid="_469348">
          <math xmlns="http://www.w3.org/1998/Math/MathML">          
            <apply>
              <minus/>
              <apply>
                <times/>
                <ci> k_IA </ci>
                <ci> I </ci>
                <ci> A </ci>
              </apply>
              <apply>
                <times/>
                <ci> kprime_IA </ci>
                <ci> D_IA </ci>
              </apply>
            </apply>
          </math>
                </kineticLaw>
      </reaction>
      <reaction fast="false" id="reac_DII" metaid="metaid_0000032" name="reac_DII" sboTerm="SBO:0000526">
        <annotation>
          <rdf:RDF xmlns:rdf="http://www.w3.org/1999/02/22-rdf-syntax-ns#" xmlns:bqmodel="http://biomodels.net/model-qualifiers/" xmlns:bqbiol="http://biomodels.net/biology-qualifiers/">
            <rdf:Description rdf:about="#metaid_0000032">
	<bqbiol:isVersionOf>
	<rdf:Bag>
	<rdf:li rdf:resource="http://identifiers.org/go/GO:0006461"/>
	</rdf:Bag>
	</bqbiol:isVersionOf>
	</rdf:Description>
	
          </rdf:RDF>
        </annotation>
              <listOfReactants>
          <speciesReference metaid="_469360" species="I"/>
          <speciesReference metaid="_469372" species="I"/>
        </listOfReactants>
        <listOfProducts>
          <speciesReference metaid="_469384" species="D_II"/>
        </listOfProducts>
        <kineticLaw metaid="_469396">
          <math xmlns="http://www.w3.org/1998/Math/MathML">          
            <apply>
              <minus/>
              <apply>
                <times/>
                <ci> k_II </ci>
                <ci> I </ci>
                <ci> I </ci>
              </apply>
              <apply>
                <times/>
                <ci> kprime_II </ci>
                <ci> D_II </ci>
              </apply>
            </apply>
          </math>
                </kineticLaw>
      </reaction>
      <reaction fast="false" id="reac_degrI" metaid="metaid_0000033" name="reac_degrI" reversible="false" sboTerm="SBO:0000179">
        <annotation>
          <rdf:RDF xmlns:rdf="http://www.w3.org/1999/02/22-rdf-syntax-ns#" xmlns:bqmodel="http://biomodels.net/model-qualifiers/" xmlns:bqbiol="http://biomodels.net/biology-qualifiers/">
            <rdf:Description rdf:about="#metaid_0000033">
	<bqbiol:isVersionOf>
	<rdf:Bag>
	<rdf:li rdf:resource="http://identifiers.org/go/GO:0009056"/>
	</rdf:Bag>
	</bqbiol:isVersionOf>
	</rdf:Description>
	
          </rdf:RDF>
        </annotation>
              <listOfReactants>
          <speciesReference metaid="_469408" species="I"/>
        </listOfReactants>
        <listOfModifiers>
          <modifierSpeciesReference metaid="_469420" species="aux"/>
        </listOfModifiers>
        <kineticLaw metaid="_469432">
          <math xmlns="http://www.w3.org/1998/Math/MathML">          
            <apply>
              <times/>
              <apply>
                <divide/>
                <apply>
                  <times/>
                  <ci> gamma_I </ci>
                  <ci> d_I </ci>
                  <ci> K_aux </ci>
                  <ci> aux </ci>
                </apply>
                <apply>
                  <plus/>
                  <apply>
                    <times/>
                    <ci> K_aux </ci>
                    <ci> aux </ci>
                  </apply>
                  <cn> 1 </cn>
                </apply>
              </apply>
              <ci> I </ci>
            </apply>
          </math>
                </kineticLaw>
      </reaction>
      <reaction fast="false" id="reac_degrA" metaid="metaid_0000034" name="reac_degrA" reversible="false" sboTerm="SBO:0000179">
        <annotation>
          <rdf:RDF xmlns:rdf="http://www.w3.org/1999/02/22-rdf-syntax-ns#" xmlns:bqmodel="http://biomodels.net/model-qualifiers/" xmlns:bqbiol="http://biomodels.net/biology-qualifiers/">
            <rdf:Description rdf:about="#metaid_0000034">
	<bqbiol:isVersionOf>
	<rdf:Bag>
	<rdf:li rdf:resource="http://identifiers.org/go/GO:0009056"/>
	</rdf:Bag>
	</bqbiol:isVersionOf>
	</rdf:Description>
	
          </rdf:RDF>
        </annotation>
              <listOfReactants>
          <speciesReference metaid="_469444" species="A"/>
        </listOfReactants>
        <kineticLaw metaid="_469456">
          <math xmlns="http://www.w3.org/1998/Math/MathML">          
            <apply>
              <times/>
              <ci> d_A </ci>
              <ci> A </ci>
            </apply>
          </math>
                </kineticLaw>
      </reaction>
      <reaction fast="false" id="reac_degrDIA" metaid="metaid_0000047" name="reac_degrDIA" reversible="false" sboTerm="SBO:0000179">
        <annotation>
          <rdf:RDF xmlns:rdf="http://www.w3.org/1999/02/22-rdf-syntax-ns#" xmlns:bqmodel="http://biomodels.net/model-qualifiers/" xmlns:bqbiol="http://biomodels.net/biology-qualifiers/">
            <rdf:Description rdf:about="#metaid_0000047">
	<bqbiol:isVersionOf>
	<rdf:Bag>
	<rdf:li rdf:resource="http://identifiers.org/go/GO:0009056"/>
	</rdf:Bag>
	</bqbiol:isVersionOf>
	</rdf:Description>
	
          </rdf:RDF>
        </annotation>
              <listOfReactants>
          <speciesReference metaid="_469468" species="D_IA"/>
        </listOfReactants>
        <kineticLaw metaid="_469480">
          <math xmlns="http://www.w3.org/1998/Math/MathML">          
            <apply>
              <times/>
              <ci> d_IA </ci>
              <ci> D_IA </ci>
            </apply>
          </math>
                </kineticLaw>
      </reaction>
      <reaction fast="false" id="reac_degrDII" metaid="metaid_0000048" name="reac_degrDII" reversible="false" sboTerm="SBO:0000179">
        <annotation>
          <rdf:RDF xmlns:rdf="http://www.w3.org/1999/02/22-rdf-syntax-ns#" xmlns:bqmodel="http://biomodels.net/model-qualifiers/" xmlns:bqbiol="http://biomodels.net/biology-qualifiers/">
            <rdf:Description rdf:about="#metaid_0000048">
	<bqbiol:isVersionOf>
	<rdf:Bag>
	<rdf:li rdf:resource="http://identifiers.org/go/GO:0009056"/>
	</rdf:Bag>
	</bqbiol:isVersionOf>
	</rdf:Description>
	
          </rdf:RDF>
        </annotation>
              <listOfReactants>
          <speciesReference metaid="_469492" species="D_II"/>
        </listOfReactants>
        <kineticLaw metaid="_469504">
          <math xmlns="http://www.w3.org/1998/Math/MathML">          
            <apply>
              <times/>
              <ci> d_II </ci>
              <ci> D_II </ci>
            </apply>
          </math>
                </kineticLaw>
      </reaction>
      <reaction fast="false" id="reac_DIAxA" metaid="metaid_0000049" name="reac_DIAxA" reversible="false" sboTerm="SBO:0000180">
        <annotation>
          <rdf:RDF xmlns:rdf="http://www.w3.org/1999/02/22-rdf-syntax-ns#" xmlns:bqmodel="http://biomodels.net/model-qualifiers/" xmlns:bqbiol="http://biomodels.net/biology-qualifiers/">
            <rdf:Description rdf:about="#metaid_0000049">
	<bqbiol:isVersionOf>
	<rdf:Bag>
	<rdf:li rdf:resource="http://identifiers.org/go/GO:0043241"/>
	</rdf:Bag>
	</bqbiol:isVersionOf>
	</rdf:Description>
	
          </rdf:RDF>
        </annotation>
              <listOfReactants>
          <speciesReference metaid="_469516" species="D_IA"/>
        </listOfReactants>
        <listOfProducts>
          <speciesReference metaid="_469529" species="A"/>
        </listOfProducts>
        <listOfModifiers>
          <modifierSpeciesReference metaid="_469541" species="aux"/>
        </listOfModifiers>
        <kineticLaw metaid="_469553">
          <math xmlns="http://www.w3.org/1998/Math/MathML">          
            <apply>
              <times/>
              <apply>
                <divide/>
                <apply>
                  <times/>
                  <ci> gamma_I </ci>
                  <ci> d_I </ci>
                  <ci> K_aux </ci>
                  <ci> aux </ci>
                </apply>
                <apply>
                  <plus/>
                  <apply>
                    <times/>
                    <ci> K_aux </ci>
                    <ci> aux </ci>
                  </apply>
                  <cn> 1 </cn>
                </apply>
              </apply>
              <ci> D_IA </ci>
            </apply>
          </math>
                </kineticLaw>
      </reaction>
      <reaction fast="false" id="reac_DIIxI" metaid="metaid_0000050" name="reac_DIIxI" reversible="false" sboTerm="SBO:0000180">
        <annotation>
          <rdf:RDF xmlns:rdf="http://www.w3.org/1999/02/22-rdf-syntax-ns#" xmlns:bqmodel="http://biomodels.net/model-qualifiers/" xmlns:bqbiol="http://biomodels.net/biology-qualifiers/">
            <rdf:Description rdf:about="#metaid_0000050">
	<bqbiol:isVersionOf>
	<rdf:Bag>
	<rdf:li rdf:resource="http://identifiers.org/go/GO:0043241"/>
	</rdf:Bag>
	</bqbiol:isVersionOf>
	</rdf:Description>
	
          </rdf:RDF>
        </annotation>
              <listOfReactants>
          <speciesReference metaid="_469565" species="D_II"/>
        </listOfReactants>
        <listOfProducts>
          <speciesReference metaid="_469577" species="I"/>
        </listOfProducts>
        <listOfModifiers>
          <modifierSpeciesReference metaid="_469589" species="aux"/>
        </listOfModifiers>
        <kineticLaw metaid="_469601">
          <math xmlns="http://www.w3.org/1998/Math/MathML">          
            <apply>
              <times/>
              <apply>
                <divide/>
                <apply>
                  <times/>
                  <ci> gamma_I </ci>
                  <ci> d_I </ci>
                  <ci> K_aux </ci>
                  <ci> aux </ci>
                </apply>
                <apply>
                  <plus/>
                  <apply>
                    <times/>
                    <ci> K_aux </ci>
                    <ci> aux </ci>
                  </apply>
                  <cn> 1 </cn>
                </apply>
              </apply>
              <ci> D_II </ci>
            </apply>
          </math>
                </kineticLaw>
      </reaction>
      <reaction fast="false" id="reac_degrR" metaid="metaid_0000051" name="reac_degrR" reversible="false" sboTerm="SBO:0000179">
        <annotation>
          <rdf:RDF xmlns:rdf="http://www.w3.org/1999/02/22-rdf-syntax-ns#" xmlns:bqmodel="http://biomodels.net/model-qualifiers/" xmlns:bqbiol="http://biomodels.net/biology-qualifiers/">
            <rdf:Description rdf:about="#metaid_0000051">
	<bqbiol:isVersionOf>
	<rdf:Bag>
	<rdf:li rdf:resource="http://identifiers.org/go/GO:0009056"/>
	</rdf:Bag>
	</bqbiol:isVersionOf>
	</rdf:Description>
	
          </rdf:RDF>
        </annotation>
              <listOfReactants>
          <speciesReference metaid="_469613" species="R"/>
        </listOfReactants>
        <kineticLaw metaid="_469625">
          <math xmlns="http://www.w3.org/1998/Math/MathML">          
            <apply>
              <times/>
              <ci> d_r </ci>
              <ci> R </ci>
            </apply>
          </math>
                </kineticLaw>
      </reaction>
      <reaction fast="false" id="reac_prodI" metaid="metaid_0000052" name="reac_prodI" reversible="false" sboTerm="SBO:0000393">
        <annotation>
          <rdf:RDF xmlns:rdf="http://www.w3.org/1999/02/22-rdf-syntax-ns#" xmlns:bqmodel="http://biomodels.net/model-qualifiers/" xmlns:bqbiol="http://biomodels.net/biology-qualifiers/">
            <rdf:Description rdf:about="#metaid_0000052">
	<bqbiol:isVersionOf>
	<rdf:Bag>
	<rdf:li rdf:resource="http://identifiers.org/go/GO:0009058"/>
	</rdf:Bag>
	</bqbiol:isVersionOf>
	</rdf:Description>
	
          </rdf:RDF>
        </annotation>
              <listOfProducts>
          <speciesReference metaid="_469637" species="I"/>
        </listOfProducts>
        <listOfModifiers>
          <modifierSpeciesReference metaid="_469649" species="R"/>
        </listOfModifiers>
        <kineticLaw metaid="_469661">
          <math xmlns="http://www.w3.org/1998/Math/MathML">          
            <apply>
              <times/>
              <ci> pi_I </ci>
              <ci> R </ci>
            </apply>
          </math>
                </kineticLaw>
      </reaction>
      <reaction fast="false" id="reac_prodA" metaid="metaid_0000053" name="reac_prodA" reversible="false" sboTerm="SBO:0000393">
        <annotation>
          <rdf:RDF xmlns:rdf="http://www.w3.org/1999/02/22-rdf-syntax-ns#" xmlns:bqmodel="http://biomodels.net/model-qualifiers/" xmlns:bqbiol="http://biomodels.net/biology-qualifiers/">
            <rdf:Description rdf:about="#metaid_0000053">
	<bqbiol:isVersionOf>
	<rdf:Bag>
	<rdf:li rdf:resource="http://identifiers.org/go/GO:0009058"/>
	</rdf:Bag>
	</bqbiol:isVersionOf>
	</rdf:Description>
	
          </rdf:RDF>
        </annotation>
              <listOfProducts>
          <speciesReference metaid="_469673" species="A"/>
        </listOfProducts>
        <kineticLaw metaid="_469685">
          <math xmlns="http://www.w3.org/1998/Math/MathML">          
            <ci> pi_A </ci>
          </math>
                </kineticLaw>
      </reaction>
      <reaction fast="false" id="reac_prodR" metaid="metaid_0000054" name="reac_prodR" reversible="false" sboTerm="SBO:0000393">
        <annotation>
          <rdf:RDF xmlns:rdf="http://www.w3.org/1999/02/22-rdf-syntax-ns#" xmlns:bqmodel="http://biomodels.net/model-qualifiers/" xmlns:bqbiol="http://biomodels.net/biology-qualifiers/">
            <rdf:Description rdf:about="#metaid_0000054">
	<bqbiol:isVersionOf>
	<rdf:Bag>
	<rdf:li rdf:resource="http://identifiers.org/go/GO:0009299"/>
	</rdf:Bag>
	</bqbiol:isVersionOf>
	</rdf:Description>
	
          </rdf:RDF>
        </annotation>
              <listOfProducts>
          <speciesReference metaid="_469697" species="R"/>
        </listOfProducts>
        <listOfModifiers>
          <modifierSpeciesReference metaid="_469709" species="A"/>
          <modifierSpeciesReference metaid="_469721" species="D_IA"/>
          <modifierSpeciesReference metaid="_469733" species="I"/>
        </listOfModifiers>
        <kineticLaw metaid="_469745">
          <math xmlns="http://www.w3.org/1998/Math/MathML">          
            <apply>
              <divide/>
              <apply>
                <plus/>
                <cn> 1 </cn>
                <apply>
                  <times/>
                  <apply>
                    <divide/>
                    <ci> f_c </ci>
                    <ci> B_d </ci>
                  </apply>
                  <ci> A </ci>
                  <apply>
                    <plus/>
                    <cn> 1 </cn>
                    <apply>
                      <divide/>
                      <apply>
                        <times/>
                        <ci> w_A </ci>
                        <ci> f_A </ci>
                        <ci> A </ci>
                      </apply>
                      <ci> B_d </ci>
                    </apply>
                  </apply>
                </apply>
              </apply>
              <apply>
                <plus/>
                <cn> 1 </cn>
                <apply>
                  <times/>
                  <apply>
                    <divide/>
                    <ci> A </ci>
                    <ci> B_d </ci>
                  </apply>
                  <apply>
                    <plus/>
                    <cn> 1 </cn>
                    <apply>
                      <divide/>
                      <apply>
                        <times/>
                        <ci> w_A </ci>
                        <ci> A </ci>
                      </apply>
                      <ci> B_d </ci>
                    </apply>
                  </apply>
                </apply>
                <apply>
                  <divide/>
                  <apply>
                    <times/>
                    <ci> w_I </ci>
                    <ci> A </ci>
                    <ci> I </ci>
                  </apply>
                  <apply>
                    <times/>
                    <ci> K_IA </ci>
                    <ci> B_d </ci>
                  </apply>
                </apply>
                <apply>
                  <divide/>
                  <apply>
                    <times/>
                    <ci> w_D </ci>
                    <ci> D_IA </ci>
                  </apply>
                  <ci> B_d </ci>
                </apply>
                <ci> k_Am </ci>
              </apply>
            </apply>
          </math>
                </kineticLaw>
      </reaction>
    </listOfReactions>
  </model>
</sbml>