[{"file": "4p-r_vagotomized_DRUG.set"}, {"file": "plot.csv"}, {"file": "3p_intact_DRUG.set"}, {"file": "report.csv"}, {"file": "4p-e_severe_rett_intact.set"}, {"file": "4p-e_mod_rett_vagotomized.set"}, {"file": "3p_mod_rett_intact_DRUG.set"}, {"file": "4p-e_mod_rett_vagotomized_DRUG.set"}, {"file": "4p-e_mod_rett_intact.set"}, {"file": "4p-r_intact.set"}, {"file": "4p-r.sedml"}, {"file": "4p-r_mod_rett_intact_DRUG.set"}, {"file": "3p_mod_rett_intact.set"}, {"file": "4p-e_severe_rett_intact_DRUG.set"}, {"file": "3p_severe_rett_intact_DRUG.set"}, {"file": "4p-e_vagotomized.set"}, {"file": "4p-r_intact_DRUG.set"}, {"file": "4p-r_severe_rett_intact_DRUG.set"}, {"file": "README.html"}, {"file": "4p-r_mod_rett_intact.set"}, {"file": "3p_mod_rett_vagotomized.set"}, {"file": "4p-r_severe_rett_vagotomized_DRUG.set"}, {"file": "4p-e_severe_rett_vagotomized_DRUG.set"}, {"file": "4p-r_mod_rett_vagotomized.set"}, {"file": "4p-e.sedml"}, {"file": "3p_mod_rett_vagotomized_DRUG.set"}, {"file": "4p-e_severe_rett_vagotomized.set"}, {"file": "3p_severe_rett_vagotomized.set"}, {"file": "4p-r_severe_rett_vagotomized.set"}, {"file": "4p-r_severe_rett_intact.set"}, {"file": "4p-e_intact_DRUG.set"}, {"file": "4p-r_vagotomized.set"}, {"file": "3p_severe_rett_vagotomized_DRUG.set"}, {"file": "3p.sedml"}, {"file": "4p-r_mod_rett_vagotomized_DRUG.set"}, {"file": "screenshot1.png"}, {"file": "3p_intact.set"}, {"file": "4p-e_vagotomized_DRUG.set"}, {"file": "screenshot2.png"}, {"file": "3p_vagotomized_DRUG.set"}, {"file": "screenshot3.png"}, {"file": "4p-e_intact.set"}, {"file": "3p_vagotomized.set"}, {"file": "4p-e_mod_rett_intact_DRUG.set"}, {"file": "3p_severe_rett_intact.set"}]