[{"file": "pcbi.0030221.g003.jpg"}, {"file": "pcbi.0030221.g002.jpg"}, {"file": "pcbi.0030221.g001.jpg"}, {"file": "pcbi.0030221.g005.jpg"}, {"file": "pcbi.0030221.g010.jpg"}, {"file": "pcbi.0030221.g004.jpg"}, {"file": "report.csv"}, {"file": "pcbi.0030221.g006.jpg"}, {"file": "six_sub_protein_cascade_graupner2007_upper_branch.sedml"}, {"file": "pcbi.0030221.g007.jpg"}, {"file": "lower_branch.dat"}, {"file": "readme.html"}, {"file": "six_sub_protein_cascade_graupner2007_lower_branch.sedml"}, {"file": "upper_branch.dat"}, {"file": "camkII_steady-states.jpg"}, {"file": "pcbi.0030221.g009.jpg"}, {"file": "pcbi.0030221.g008.jpg"}]