[{"file": "simulation_1.sedml"}, {"file": "leloup_gonze_goldbeter_1999_b.cellml"}, {"file": "leloup_1999_tagged.xul"}, {"file": "report.csv"}, {"file": "leloup_1999_tagged_2.svg"}, {"file": "simulation_0.sedml"}, {"file": "leloup_gonze_goldbeter_1999.xul"}, {"file": "leloup_gonze_goldbeter_1999_variant01.xul"}, {"file": "leloup_1999_tagged.svg"}, {"file": "leloup_1999_tagged_2.xul"}, {"file": "leloup_1999.ai"}, {"file": "leloup_1999.svg"}, {"file": "leloup_gonze_goldbeter_1999_a.cellml"}, {"file": "leloup_1999.png"}]