[{"file": "BIOMD0000000344.png"}, {"file": "BIOMD0000000344.pdf"}, {"file": "BIOMD0000000344_url.xml"}, {"file": "autogen_report_for_task1.csv"}, {"file": "curation_image.png"}, {"file": "MODEL1005280000_moderatestress.sedml"}, {"file": "BIOMD0000000344_url.sedml"}, {"file": "BIOMD0000000344.svg"}, {"file": "MODEL1005280000_highstress.sedml"}, {"file": "autogen_plot_for_task1.csv"}, {"file": "MODEL1005280000_moderatestress.xml"}, {"file": "MODEL1005280000_highstress.xml"}, {"file": "BIOMD0000000344_tellurium_Modelling_the_role_of_the_Hsp7.ant"}]