<?xml version='1.0' encoding='UTF-8' standalone='no'?>
<sbml xmlns="http://www.sbml.org/sbml/level3/version2/core" level="3" version="2">
  <notes>
    <body xmlns="http://www.w3.org/1999/xhtml">
     <p>Exported by VCell 7.3</p>
  </body>
  </notes>
  <model areaUnits="um2" extentUnits="umol" id="Boras_Diffusional_Study_100xPDEtest5_ode" lengthUnits="um" name="Boras-Diffusional Study-100xPDEtest5_ode" substanceUnits="umol" timeUnits="s" volumeUnits="l">
    <listOfUnitDefinitions>
      <unitDefinition id="umol">
        <listOfUnits>
          <unit exponent="1" kind="mole" multiplier="1" scale="-6"/>
        </listOfUnits>
      </unitDefinition>
      <unitDefinition id="l">
        <listOfUnits>
          <unit exponent="1" kind="litre" multiplier="1" scale="0"/>
        </listOfUnits>
      </unitDefinition>
      <unitDefinition id="um2">
        <listOfUnits>
          <unit exponent="2" kind="metre" multiplier="1" scale="-6"/>
        </listOfUnits>
      </unitDefinition>
      <unitDefinition id="um">
        <listOfUnits>
          <unit exponent="1" kind="metre" multiplier="1" scale="-6"/>
        </listOfUnits>
      </unitDefinition>
      <unitDefinition id="s">
        <listOfUnits>
          <unit exponent="1" kind="second" multiplier="1" scale="0"/>
        </listOfUnits>
      </unitDefinition>
      <unitDefinition id="s_1">
        <listOfUnits>
          <unit exponent="-1" kind="second" multiplier="1" scale="0"/>
        </listOfUnits>
      </unitDefinition>
      <unitDefinition id="uM">
        <listOfUnits>
          <unit exponent="1" kind="mole" multiplier="1" scale="-6"/>
          <unit exponent="-1" kind="litre" multiplier="1" scale="0"/>
        </listOfUnits>
      </unitDefinition>
      <unitDefinition id="K">
        <listOfUnits>
          <unit exponent="1" kind="kelvin" multiplier="1" scale="0"/>
        </listOfUnits>
      </unitDefinition>
      <unitDefinition id="_one_">
        <listOfUnits>
          <unit exponent="1" kind="dimensionless" multiplier="1" scale="0"/>
        </listOfUnits>
      </unitDefinition>
      <unitDefinition id="C_mol_1">
        <listOfUnits>
          <unit exponent="1" kind="coulomb" multiplier="1" scale="0"/>
          <unit exponent="-1" kind="mole" multiplier="1" scale="0"/>
        </listOfUnits>
      </unitDefinition>
      <unitDefinition id="C_nmol_1">
        <listOfUnits>
          <unit exponent="1" kind="coulomb" multiplier="1" scale="0"/>
          <unit exponent="-1" kind="mole" multiplier="1" scale="-9"/>
        </listOfUnits>
      </unitDefinition>
      <unitDefinition id="molecules_pmol_1">
        <listOfUnits>
          <unit exponent="1" kind="item" multiplier="1" scale="0"/>
          <unit exponent="-1" kind="mole" multiplier="1" scale="-12"/>
        </listOfUnits>
      </unitDefinition>
      <unitDefinition id="_one_000000000">
        <listOfUnits>
          <unit exponent="1" kind="dimensionless" multiplier="1000000000" scale="0"/>
        </listOfUnits>
      </unitDefinition>
      <unitDefinition id="mV_C_K_1_mol_1">
        <listOfUnits>
          <unit exponent="1" kind="volt" multiplier="1" scale="-3"/>
          <unit exponent="1" kind="coulomb" multiplier="1" scale="0"/>
          <unit exponent="-1" kind="kelvin" multiplier="1" scale="0"/>
          <unit exponent="-1" kind="mole" multiplier="1" scale="0"/>
        </listOfUnits>
      </unitDefinition>
      <unitDefinition id="mV_V_1">
        <listOfUnits>
          <unit exponent="1" kind="dimensionless" multiplier="1" scale="0"/>
        </listOfUnits>
      </unitDefinition>
      <unitDefinition id="uM_um3_molecules_1">
        <listOfUnits>
          <unit exponent="1" kind="mole" multiplier="1" scale="-6"/>
          <unit exponent="-1" kind="litre" multiplier="1" scale="0"/>
          <unit exponent="3" kind="metre" multiplier="1" scale="-6"/>
          <unit exponent="-1" kind="item" multiplier="1" scale="0"/>
        </listOfUnits>
      </unitDefinition>
      <unitDefinition id="l_s_1_umol_1">
        <listOfUnits>
          <unit exponent="1" kind="litre" multiplier="1" scale="0"/>
          <unit exponent="-1" kind="second" multiplier="1" scale="0"/>
          <unit exponent="-1" kind="mole" multiplier="1" scale="-6"/>
        </listOfUnits>
      </unitDefinition>
    </listOfUnitDefinitions>
    <listOfCompartments>
      <compartment constant="true" id="mito" name="mito" size="5E-11" spatialDimensions="3" units="l"/>
      <compartment constant="true" id="SR" name="SR" size="5E-11" spatialDimensions="3" units="l"/>
      <compartment constant="true" id="Unnamed_compartment" name="Unnamed compartment" size="5E-11" spatialDimensions="3" units="l"/>
      <compartment constant="true" id="ttube" name="ttube" size="5E-11" spatialDimensions="3" units="l"/>
      <compartment constant="true" id="mito2" name="mito2" size="5E-11" spatialDimensions="3" units="l"/>
      <compartment constant="true" id="ttube2" name="ttube2" size="5E-11" spatialDimensions="3" units="l"/>
      <compartment constant="true" id="Cyto" name="Cyto" size="2.8782152614137423E-16" spatialDimensions="3" units="l"/>
      <compartment constant="true" id="bests" name="bests" size="6563" spatialDimensions="2" units="um2"/>
      <compartment constant="true" id="tttt" name="tttt" size="6563" spatialDimensions="2" units="um2"/>
      <compartment constant="true" id="Membrane0" name="Membrane0" size="6563" spatialDimensions="2" units="um2"/>
      <compartment constant="true" id="Membrane1" name="Membrane1" size="6563" spatialDimensions="2" units="um2"/>
      <compartment constant="true" id="Membrane2" name="Membrane2" size="6563" spatialDimensions="2" units="um2"/>
      <compartment constant="true" id="Membrane3" name="Membrane3" size="6563" spatialDimensions="2" units="um2"/>
    </listOfCompartments>
    <listOfSpecies>
      <species boundaryCondition="false" compartment="Cyto" constant="false" hasOnlySubstanceUnits="false" id="PDE_cAMP" initialConcentration="0" substanceUnits="umol"/>
      <species boundaryCondition="false" compartment="Cyto" constant="false" hasOnlySubstanceUnits="false" id="PDE_Cyto" initialConcentration="7" substanceUnits="umol"/>
      <species boundaryCondition="false" compartment="Cyto" constant="false" hasOnlySubstanceUnits="false" id="cAMP_best" initialConcentration="1" substanceUnits="umol"/>
    </listOfSpecies>
    <listOfParameters>
      <parameter constant="true" id="g0" value="0"/>
      <parameter constant="true" id="C_kr" units="s_1" value="2.3"/>
      <parameter constant="true" id="C_kd" units="uM" value="0.00038"/>
      <parameter constant="true" id="B_factor" value="5"/>
      <parameter constant="true" id="F_B_binding" units="s_1" value="3.175"/>
      <parameter constant="true" id="B_kd" value="0.013"/>
      <parameter constant="true" id="A_kd" value="0.03"/>
      <parameter constant="true" id="spots" value="2"/>
      <parameter constant="true" id="F_A_binding" units="s_1" value="0.3"/>
      <parameter constant="true" id="A_factor" value="23"/>
      <parameter constant="true" id="_T_" units="K" value="300"/>
      <parameter constant="true" id="_PI_" units="_one_" value="3.141592653589793"/>
      <parameter constant="true" id="_F_" units="C_mol_1" value="9.64853321E4"/>
      <parameter constant="true" id="_F_nmol_" units="C_nmol_1" value="9.64853321E-5"/>
      <parameter constant="true" id="_N_pmol_" units="molecules_pmol_1" value="6.02214179E11"/>
      <parameter constant="true" id="_K_GHK_" units="_one_000000000" value="1E-9"/>
      <parameter constant="true" id="_R_" units="mV_C_K_1_mol_1" value="8314.46261815"/>
      <parameter constant="true" id="K_millivolts_per_volt" units="mV_V_1" value="1000"/>
      <parameter constant="true" id="KMOLE" units="uM_um3_molecules_1" value="0.001660538783162726"/>
      <parameter constant="true" id="Kf_r0" units="l_s_1_umol_1" value="12"/>
      <parameter constant="true" id="Kr_r0" units="s_1" value="58.82"/>
      <parameter constant="true" id="Kf_r1" units="s_1" value="14.7"/>
      <parameter constant="true" id="Kr_r1" units="s_1" value="0"/>
    </listOfParameters>
    <listOfReactions>
      <reaction id="r0" name="r0" reversible="true">
        <listOfReactants>
          <speciesReference constant="true" id="r0_cAMP_bestr" species="cAMP_best" stoichiometry="1"/>
          <speciesReference constant="true" id="r0_PDE_Cytor" species="PDE_Cyto" stoichiometry="1"/>
        </listOfReactants>
        <listOfProducts>
          <speciesReference constant="true" id="r0_PDE_cAMPp" species="PDE_cAMP" stoichiometry="1"/>
        </listOfProducts>
        <kineticLaw>
          <math xmlns="http://www.w3.org/1998/Math/MathML">          
            <apply>
              <times/>
              <apply>
                <minus/>
                <apply>
                  <times/>
                  <apply>
                    <times/>
                    <ci> Kf_r0 </ci>
                    <ci> cAMP_best </ci>
                  </apply>
                  <ci> PDE_Cyto </ci>
                </apply>
                <apply>
                  <times/>
                  <ci> Kr_r0 </ci>
                  <ci> PDE_cAMP </ci>
                </apply>
              </apply>
              <ci> Cyto </ci>
            </apply>
          </math>
                </kineticLaw>
      </reaction>
      <reaction id="r1" name="r1" reversible="true">
        <listOfReactants>
          <speciesReference constant="true" id="r1_PDE_cAMPr" species="PDE_cAMP" stoichiometry="1"/>
        </listOfReactants>
        <listOfProducts>
          <speciesReference constant="true" id="r1_PDE_Cytop" species="PDE_Cyto" stoichiometry="1"/>
        </listOfProducts>
        <kineticLaw>
          <math xmlns="http://www.w3.org/1998/Math/MathML">          
            <apply>
              <times/>
              <apply>
                <minus/>
                <apply>
                  <times/>
                  <ci> Kf_r1 </ci>
                  <ci> PDE_cAMP </ci>
                </apply>
                <apply>
                  <times/>
                  <ci> Kr_r1 </ci>
                  <ci> PDE_Cyto </ci>
                </apply>
              </apply>
              <ci> Cyto </ci>
            </apply>
          </math>
                </kineticLaw>
      </reaction>
    </listOfReactions>
  </model>
</sbml>