[{"file": "plot.csv"}, {"file": "report.csv"}, {"file": "IKCa_HCA.JPG"}, {"file": "JGP7962.f9.jpg"}, {"file": "JGP7962.s8.jpg"}, {"file": "JGP7962.s9.jpg"}, {"file": "JGP7962.f8.jpg"}, {"file": "readme.html"}, {"file": "JGP7962.f10.jpg"}, {"file": "JGP7962.s1.jpg"}, {"file": "JGP7962.f1.jpg"}, {"file": "JGP7962.f11.jpg"}, {"file": "JGP7962.f3.jpg"}, {"file": "JGP7962.s2.jpg"}, {"file": "JGP7962.s3.jpg"}, {"file": "JGP7962.f2.jpg"}, {"file": "JGP7962.f6.jpg"}, {"file": "JGP7962.s7.jpg"}, {"file": "JGP7962.s6.jpg"}, {"file": "JGP7962.f7.jpg"}, {"file": "JGP7962.f5.jpg"}, {"file": "JGP7962.s4.jpg"}, {"file": "JGP7962.s5.jpg"}, {"file": "JGP7962.f4.jpg"}, {"file": "IKCa_HCA.sedml"}]