[{"file": "time.rst"}, {"file": "IKv.cellml"}, {"file": "fig14.jpg"}, {"file": "fig6.jpg"}, {"file": "Fig6_sim.py"}, {"file": "simFig13.png"}, {"file": "Periodic_stimulation_SA.sedml"}, {"file": "fig13c0.dig"}, {"file": "Fig5_plot.py"}, {"file": "Fig13_sim.py"}, {"file": "simFig11.png"}, {"file": "fig5.jpg"}, {"file": "fig13c0.csv"}, {"file": "fig4.jpg"}, {"file": "simFig10.png"}, {"file": "Ionic_currents.cellml"}, {"file": "Membrane_potential.rst"}, {"file": "Fig4_plot.py"}, {"file": "fig12.jpg"}, {"file": "Fig11_sim.py"}, {"file": "Nernst_potential.cellml"}, {"file": "Membrane_potential.cellml"}, {"file": "fig13b0.csv"}, {"file": "fig13.png"}, {"file": "fig13.jpg"}, {"file": "ICaL_off.cellml"}, {"file": "fig13b0.dig"}, {"file": "Fig13_plot.py"}, {"file": "fig11.jpg"}, {"file": "fig3.jpg"}, {"file": "fig11.png"}, {"file": "Fig8_sim.py"}, {"file": "fig2.jpg"}, {"file": "fig10.png"}, {"file": "fig10.jpg"}, {"file": "fig9.dig"}, {"file": "fig9.csv"}, {"file": "Periodic_IStim_protocol.cellml"}, {"file": "Fig4_sim.py"}, {"file": "fig13e0.dig"}, {"file": "fig5b.csv"}, {"file": "Clamped_current_Xi.rst"}, {"file": "fig10(-70)_h.csv"}, {"file": "Clamped_current_Xi.cellml"}, {"file": "Patch_clampXi_experiment.sedml"}, {"file": "Fig6_plot.py"}, {"file": "fig13e0.csv"}, {"file": "fig13e1.csv"}, {"file": "schematics.png"}, {"file": "Fig8_sim0.py"}, {"file": "fig13e1.dig"}, {"file": "fig5a.csv"}, {"file": "Fig11_plot.py"}, {"file": "simFig8.png"}, {"file": "fig13e2.csv"}, {"file": "INa.cellml"}, {"file": "simFig9.png"}, {"file": "fig13e2.dig"}, {"file": "fig13d2.dig"}, {"file": "fig8C.csv"}, {"file": "ICaL.cellml"}, {"file": "time_constant_f.cellml"}, {"file": "Fig10_plot.py"}, {"file": "Fig2_sim.py"}, {"file": "fig8C.dig"}, {"file": "ICaT_gating_inf.cellml"}, {"file": "fig13d2.csv"}, {"file": "Periodic_stimulation.rst"}, {"file": "fig8B.dig"}, {"file": "ICaT.cellml"}, {"file": "ICaL_channel_states.cellml"}, {"file": "fig8B.csv"}, {"file": "Periodic_stimulation.sedml"}, {"file": "gating_kinetics.cellml"}, {"file": "IKv_gating_inf.cellml"}, {"file": "fig13d0.csv"}, {"file": "INCX.cellml"}, {"file": "temperature_factor.cellml"}, {"file": "fig13d0.dig"}, {"file": "simFig2.png"}, {"file": "fig10(-70)_a.csv"}, {"file": "Patch_clamp_experiment.cellml"}, {"file": "Fig2_plot.py"}, {"file": "simFig3.png"}, {"file": "fig10(-70)_b.csv"}, {"file": "time.cellml"}, {"file": "Experiments.rst"}, {"file": "fig10(-70)_c.csv"}, {"file": "ICaL_channel_states_off.cellml"}, {"file": "Periodic_stimulation_SA.cellml"}, {"file": "simFig4.png"}, {"file": "fig10(-70)_g.csv"}, {"file": "Fig9_sim.py"}, {"file": "Fig5_sim.py"}, {"file": "fig10(-70)_f.csv"}, {"file": "IBK_channel_states.cellml"}, {"file": "simFig5.png"}, {"file": "Patch_clampXi_experiment.cellml"}, {"file": "Patch_clamp_protocol.cellml"}, {"file": "fig10(-70)_d.csv"}, {"file": "Periodic_stimulation_SA.rst"}, {"file": "Clamped_current.cellml"}, {"file": "Components.rst"}, {"file": "E_Nernst.cellml"}, {"file": "fig10(-70)_e.csv"}, {"file": "Fig10_sim.py"}, {"file": "simFig6.png"}, {"file": "Fig3_plot.py"}, {"file": "fig4.csv"}, {"file": "fig4.dig"}, {"file": "fig13a2.csv"}, {"file": "fig5.dig"}, {"file": "INS_Na.cellml"}, {"file": "Patch_clampXi_experiment.rst"}, {"file": "Fig8_plot.py"}, {"file": "README.rst"}, {"file": "INaK.cellml"}, {"file": "fig13a1.csv"}, {"file": "fig13a0.csv"}, {"file": "temperature_factor.rst"}, {"file": "fig6.dig"}, {"file": "units.cellml"}, {"file": "fig6.csv"}, {"file": "fig2.csv"}, {"file": "fig2.dig"}, {"file": "fig9.jpg"}, {"file": "fig11.dig"}, {"file": "fig8.jpg"}, {"file": "Ionic_concentrations.cellml"}, {"file": "fig3.dig"}, {"file": "fig3.csv"}, {"file": "default_values.cellml"}, {"file": "IBK.cellml"}, {"file": "fig11.csv"}, {"file": "INS_K.cellml"}, {"file": "fig13a.dig"}, {"file": "Periodic_stimulation.cellml"}, {"file": "INa_channel_states.cellml"}, {"file": "Fig9_plot.py"}, {"file": "Fig3_sim.py"}]