[{"file": "BIOMD0000000493.svg"}, {"file": "Schittler2010_Osteochondroswitch_Figure5d.sedml"}, {"file": "BIOMD0000000493_copasi_Cell_differentiation_modeled_v.ant"}, {"file": "Schittler2010_Osteochondroswitch_Figure5b.sedml"}, {"file": "autogen_report_for_task1.csv"}, {"file": "curation_image.png"}, {"file": "BIOMD0000000493.pdf"}, {"file": "BIOMD0000000493.png"}, {"file": "Schittler2010_Osteochondroswitch_Figure5c.sedml"}, {"file": "Schittler2010_Osteochondroswitch_Figure5d.xml"}, {"file": "autogen_plot_for_task1.csv"}, {"file": "Schittler2010_Osteochondroswitch_Figure5b.xml"}, {"file": "BIOMD0000000493_url.xml"}, {"file": "Schittler2010_Osteochondroswitch_Figure5c.xml"}, {"file": "BIOMD0000000493_url.sedml"}]