[{"file": "simulation_3.sedml"}, {"file": "clancy_rudy_2001_IKrT474I_Mcell_seconds_flooristim.cellml"}, {"file": "simulation_1.sedml"}, {"file": "simulation_5.sedml"}, {"file": "simulation_7.sedml"}, {"file": "report.csv"}, {"file": "cellml_rendering.gif"}, {"file": "simulation_0.sedml"}, {"file": "clancy_rudy_2001_2.png"}, {"file": "clancy_rudy_2001_1.png"}, {"file": "clancy_rudy_2001_IKrT474I_Epi_seconds_flooristim.cellml"}, {"file": "simulation_2.sedml"}, {"file": "clancy_rudy_2001_WT_Mcell_seconds_flooristim.cellml"}, {"file": "simulation_6.sedml"}, {"file": "clancy_rudy_2001.cellml"}, {"file": "clancy_rudy_2001_2.ai"}, {"file": "simulation_4.sedml"}, {"file": "clancy_rudy_2001_IKrR56Q_Epi_seconds_flooristim.cellml"}, {"file": "clancy_rudy_2001_IKrN629D_Mcell_seconds_flooristim.cellml"}, {"file": "Clancy_Rudy_Mutations.pdf"}, {"file": "simulation_8.sedml"}, {"file": "CR.RTF"}, {"file": "clancy_rudy_2001_1.ai"}, {"file": "clancy_rudy_2001_IKrR56Q_Mcell_seconds_flooristim.cellml"}, {"file": "clancy_2001.png"}, {"file": "clancy_rudy_2001_IKrN629D_Epi_seconds_flooristim.cellml"}, {"file": "clancy_rudy_2001_INaKPQ_Epi_seconds_flooristim.cellml"}]