[{"file": "report_with_pico.csv"}, {"file": "basenet.ode.set"}, {"file": "basenet.sedml"}, {"file": "pcbi.1006860.g006.jpg"}, {"file": "pcbi.1006860.g012.jpg"}, {"file": "pcbi.1006860.g013.jpg"}, {"file": "pcbi.1006860.g007.jpg"}, {"file": "pcbi.1006860.g011.jpg"}, {"file": "pcbi.1006860.g005.jpg"}, {"file": "pcbi.1006860.g004.jpg"}, {"file": "pcbi.1006860.g010.jpg"}, {"file": "pcbi.1006860.g001.jpg"}, {"file": "report_without_pico_block_of_inhibition.csv"}, {"file": "pcbi.1006860.g003.jpg"}, {"file": "pcbi.1006860.g002.jpg"}, {"file": "basenetTA.ode.set"}, {"file": "plot_without_pico_block_of_inhibition.csv"}, {"file": "report_baseline.csv"}, {"file": "pcbi.1006860.g009.jpg"}, {"file": "basenetpico3.ode.set3"}, {"file": "pcbi.1006860.g008.jpg"}, {"file": "basenetTA.sedml"}, {"file": "basenetpico3.sedml"}, {"file": "plot_baseline.csv"}]