[{"file": "pcbi.1005000.g003.jpg"}, {"file": "DS2M0Purk_play_loop.hoc"}, {"file": "trajectory_rand_noise.fig"}, {"file": "bassin-150.dat"}, {"file": "pcbi.1005000.g002.jpg"}, {"file": "vb-100.mat"}, {"file": "wb-100.mat"}, {"file": "V_w_250.mat"}, {"file": "V_w_150.dat"}, {"file": "KMnew2.mod"}, {"file": "CaT.mod"}, {"file": "pcbi.1005000.g001.jpg"}, {"file": "DS2M0Purk.hoc"}, {"file": "CaP.mod"}, {"file": "pcbi.1005000.g005.jpg"}, {"file": "pcbi.1005000.g004.jpg"}, {"file": "trajectory_increase_noise.fig"}, {"file": "report.csv"}, {"file": "pcbi.1005000.g006.jpg"}, {"file": "v1-v2.mw"}, {"file": "pcbi.1005000.g007.jpg"}, {"file": "V_w_150.jpg"}, {"file": "DS2M0Purk_play.hoc"}, {"file": "Kh2.mod"}, {"file": "vb-200.mat"}, {"file": "wb-200.mat"}, {"file": "bassin_trajectories.mat"}, {"file": "trajectory_rand_noise.jpg"}, {"file": "Kh1.mod"}, {"file": "trajectory_rand_noise.png"}, {"file": "Kdr.mod"}, {"file": "trajectory_increase_noise.jpg"}, {"file": "V_w_150.fig"}, {"file": "vbwb-150.mat"}, {"file": "README.md"}, {"file": "V_w_200.fig"}, {"file": "Purk2M0.nrn"}, {"file": "NaF.mod"}, {"file": "NaP.mod"}, {"file": "aEIF_bif_diagrams.mat"}, {"file": "trajectory_rand_noise.eps"}, {"file": "vbwb-200.mat"}, {"file": "aEIF_bif_bassin.fig"}, {"file": "V_w_100.jpg"}, {"file": "aEIF.ode.auto"}, {"file": "CalciumP.mod"}, {"file": "-200-1.dat"}, {"file": "Leak.mod"}, {"file": "vb-150.mat"}, {"file": "wb-150.mat"}, {"file": "-200-2.dat"}, {"file": "V_w_100.dat"}, {"file": "curve.dat"}, {"file": "aEIF_bif_bassin.jpg"}, {"file": "aEIF.sedml"}, {"file": "250_2.dat"}, {"file": "BIF-150.eps"}, {"file": "V_w_100.fig"}, {"file": "K2.mod"}, {"file": "BIF-150.auto"}, {"file": "250_1.dat"}, {"file": "V_w_200.jpg"}, {"file": "vbwb-100.mat"}, {"file": "KA.mod"}, {"file": "aEIF_bif.pdf"}, {"file": "vb-250.mat"}, {"file": "Imean=-160pA.jpg"}, {"file": "wb-250.mat"}, {"file": "-100-2.dat"}, {"file": "newaEIF_parameters.xls"}, {"file": "-100-1.dat"}, {"file": "V_w_200.dat"}, {"file": "KC.mod"}]