[{"file": "UncompetitiveInhibitionRev.png"}, {"file": "SubstrateInhibitionIrrev.png"}, {"file": "simulation_37.sedml"}, {"file": "simulation_3.sedml"}, {"file": "simulation_13.sedml"}, {"file": "OrderedBiUni.cellml"}, {"file": "simulation_11.sedml"}, {"file": "simulation_1.sedml"}, {"file": "BiIrrev.png"}, {"file": "ReversibleHill.png"}, {"file": "MassActionUniIrrev.png"}, {"file": "UniUni.cellml"}, {"file": "SubstrateInhibitionIrrev.cellml"}, {"file": "HenriMichaelisMentenIrrev.png"}, {"file": "simulation_35.sedml"}, {"file": "simulation_31.sedml"}, {"file": "HyperbolicModifierRev.png"}, {"file": "simulation_15.sedml"}, {"file": "UncompetitiveInhibitionIrrev.cellml"}, {"file": "BiIrrev.cellml"}, {"file": "PingPongBiBi.cellml"}, {"file": "ReversibleHill2Modifier.png"}, {"file": "HenriMichaelisMentenIrrev.cellml"}, {"file": "simulation_5.sedml"}, {"file": "simulation_28.sedml"}, {"file": "simulation_7.sedml"}, {"file": "report.csv"}, {"file": "SubstrateInhibitionRev.cellml"}, {"file": "MixedActivationIrrev.cellml"}, {"file": "UncompetitiveInhibitionRev.cellml"}, {"file": "simulation_17.sedml"}, {"file": "simulation_33.sedml"}, {"file": "HillCooperativity.cellml"}, {"file": "OrderedBiBi.cellml"}, {"file": "simulation_0.sedml"}, {"file": "SubstrateActivationIrrev.png"}, {"file": "AllostericInhibitionMWC.cellml"}, {"file": "simulation_10.sedml"}, {"file": "SpecificActivationIrrev.cellml"}, {"file": "CompetitiveInhibitionIrrev.png"}, {"file": "simulation_34.sedml"}, {"file": "PingPongBiBi.png"}, {"file": "IsoUniUni.png"}, {"file": "SubstrateInhibitionRev.png"}, {"file": "ReversibleHill1Modifier.png"}, {"file": "CatalyticActivationIrrev.cellml"}, {"file": "OrderedBiUni.png"}, {"file": "simulation_36.sedml"}, {"file": "ReversibleMichaelisMenten.png"}, {"file": "UniUni.png"}, {"file": "simulation_12.sedml"}, {"file": "MixedInhibitionRev.png"}, {"file": "SpecificActivationIrrev.png"}, {"file": "simulation_2.sedml"}, {"file": "simulation_16.sedml"}, {"file": "simulation_6.sedml"}, {"file": "simulation_32.sedml"}, {"file": "NoncompetitiveInhibitionRev.png"}, {"file": "simulation_30.sedml"}, {"file": "simulation_4.sedml"}, {"file": "simulation_29.sedml"}, {"file": "HyperbolicModifierIrrev.png"}, {"file": "IsoUniUni.cellml"}, {"file": "simulation_14.sedml"}, {"file": "ReversibleHill.cellml"}, {"file": "NoncompetitiveInhibitionIrrev.png"}, {"file": "simulation_18.sedml"}, {"file": "simulation_25.sedml"}, {"file": "simulation_8.sedml"}, {"file": "SubstrateActivationIrrev.cellml"}, {"file": "MixedActivationRev.cellml"}, {"file": "CompetitiveInhibitionRev.png"}, {"file": "HillCooperativity.png"}, {"file": "MassActionUniUniRev.png"}, {"file": "CatalyticActivationRev.cellml"}, {"file": "OrderedUniBi.png"}, {"file": "HyperbolicModifierRev.cellml"}, {"file": "HyperbolicModifierIrrev.cellml"}, {"file": "OrderedUniBi.cellml"}, {"file": "MixedInhibitionRev.cellml"}, {"file": "SpecificActivationRev.cellml"}, {"file": "simulation_27.sedml"}, {"file": "MixedInhibitionIrrev.png"}, {"file": "AllostericInhibitionMWC.png"}, {"file": "ReversibleMichaelisMenten.cellml"}, {"file": "MixedInhibitionIrrev.cellml"}, {"file": "simulation_23.sedml"}, {"file": "ConstantFlux.png"}, {"file": "CompetitiveInhibitionIrrev.cellml"}, {"file": "NoncompetitiveInhibitionRev.cellml"}, {"file": "CompetitiveInhibitionRev.cellml"}, {"file": "OrderedBiBi.png"}, {"file": "simulation_40.sedml"}, {"file": "simulation_38.sedml"}, {"file": "ReversibleHill2Modifier.cellml"}, {"file": "MixedActivationRev.png"}, {"file": "simulation_21.sedml"}, {"file": "CatalyticActivationRev.png"}, {"file": "UncompetitiveInhibitionIrrev.png"}, {"file": "SpecificActivationRev.png"}, {"file": "MassActionBiBiRev.cellml"}, {"file": "simulation_26.sedml"}, {"file": "simulation_24.sedml"}, {"file": "simulation_9.sedml"}, {"file": "simulation_19.sedml"}, {"file": "MassActionBiIrrev.cellml"}, {"file": "NoncompetitiveInhibitionIrrev.cellml"}, {"file": "CatalyticActivationIrrev.png"}, {"file": "simulation_39.sedml"}, {"file": "MixedActivationIrrev.png"}, {"file": "AllostericInhibitionEmpirical.png"}, {"file": "simulation_20.sedml"}, {"file": "MassActionBiUniRev.cellml"}, {"file": "MassActionUniBiRev.cellml"}, {"file": "AllostericInhibitionEmpirical.cellml"}, {"file": "MassActionUniUniRev.cellml"}, {"file": "MassActionUniIrrev.cellml"}, {"file": "simulation_22.sedml"}, {"file": "ConstantFlux.cellml"}, {"file": "ReversibleHill1Modifier.cellml"}]