<?xml version='1.0' encoding='UTF-8' standalone='no'?>
<sbml xmlns="http://www.sbml.org/sbml/level2/version3" level="2" metaid="ae67c8e0-51e9-4890-8342-b86a702344d7" version="3">
  <model id="MODEL1610100001" metaid="b75e0a4b-3353-40bb-8ff8-46607dc1b12a" name="Proctor2017- Role of microRNAs in osteoarthritis (Negative Feedback By MicroRNA)">
    <notes>
      <body xmlns="http://www.w3.org/1999/xhtml">
        <div class="dc:title">Proctor2017- Role of microRNAs in
osteoarthritis (Negative Feedback By MicroRNA)</div>
<div class="dc:bibliographicCitation">
  <p>This model is described in the article:</p>
  <div class="bibo:title">
    <a href="http://identifiers.org/pubmed/29095952" title="Access to this publication">Computer simulation models
    as a tool to investigate the role of microRNAs in
    osteoarthritis.</a>
  </div>
  <div class="bibo:authorList">Proctor CJ, Smith GR.</div>
  <div class="bibo:Journal">PLoS ONE 2017; 12(11): e0187568</div>
  <p>Abstract:</p>
  <div class="bibo:abstract">
    <p>The aim of this study was to show how computational models
    can be used to increase our understanding of the role of
    microRNAs in osteoarthritis (OA) using miR-140 as an example.
    Bioinformatics analysis and experimental results from the
    literature were used to create and calibrate models of gene
    regulatory networks in OA involving miR-140 along with key
    regulators such as NF-?B, SMAD3, and RUNX2. The individual
    models were created with the modelling standard, Systems
    Biology Markup Language, and integrated to examine the overall
    effect of miR-140 on cartilage homeostasis. Down-regulation of
    miR-140 may have either detrimental or protective effects for
    cartilage, indicating that the role of miR-140 is complex.
    Studies of individual networks in isolation may therefore lead
    to different conclusions. This indicated the need to combine
    the five chosen individual networks involving miR-140 into an
    integrated model. This model suggests that the overall effect
    of miR-140 is to change the response to an IL-1 stimulus from a
    prolonged increase in matrix degrading enzymes to a pulse-like
    response so that cartilage degradation is temporary. Our
    current model can easily be modified and extended as more
    experimental data become available about the role of miR-140 in
    OA. In addition, networks of other microRNAs that are important
    in OA could be incorporated. A fully integrated model could not
    only aid our understanding of the mechanisms of microRNAs in
    ageing cartilage but could also provide a useful tool to
    investigate the effect of potential interventions to prevent
    cartilage loss.</p>
  </div>
</div>
<div class="dc:publisher">
  <p>This model is hosted on 
  <a href="http://www.ebi.ac.uk/biomodels/">BioModels Database</a>
  and identified by: 
  <a href="http://identifiers.org/biomodels.db/MODEL1610100001">MODEL1610100001</a>.</p>
  <p>To cite BioModels Database, please use: 
  <a href="http://identifiers.org/pubmed/25414348" target="_blank">Chelliah V et al. BioModels: ten-year
  anniversary. Nucl. Acids Res. 2015, 43(Database
  issue):D542-8</a>.</p>
</div>
<div class="dc:license">
  <p>To the extent possible under law, all copyright and related or
  neighbouring rights to this encoded model have been dedicated to
  the public domain worldwide. Please refer to 
  <a href="http://creativecommons.org/publicdomain/zero/1.0/" title="Access to: CC0 1.0 Universal (CC0 1.0), Public Domain Dedication">CC0
  Public Domain Dedication</a> for more information.</p>
</div>
</body>
    </notes>
    <annotation>
	<rdf:RDF xmlns:rdf="http://www.w3.org/1999/02/22-rdf-syntax-ns#" xmlns:bqmodel="http://biomodels.net/model-qualifiers/" xmlns:dcterms="http://purl.org/dc/terms/">
        <rdf:Description rdf:about="#b75e0a4b-3353-40bb-8ff8-46607dc1b12a">
	<dcterms:created rdf:parseType="Resource">
	<dcterms:W3CDTF>2017-11-06T09:11:55Z</dcterms:W3CDTF>
	</dcterms:created>
	<dcterms:modified rdf:parseType="Resource">
	<dcterms:W3CDTF>2017-11-06T09:11:55Z</dcterms:W3CDTF>
	</dcterms:modified>
	<bqmodel:is>
	<rdf:Bag>
	<rdf:li rdf:resource="http://identifiers.org/biomodels.db/MODEL1610100001"/>
	</rdf:Bag>
	</bqmodel:is>
	<bqmodel:isDescribedBy>
	<rdf:Bag>
	<rdf:li rdf:resource="http://identifiers.org/pubmed/29095952"/>
	</rdf:Bag>
	</bqmodel:isDescribedBy>
	</rdf:Description>
	
	
	
	
	
	
	
	</rdf:RDF>
	</annotation>
      <listOfUnitDefinitions>
      <unitDefinition id="substance" metaid="_8e1af23a-4ebe-44ef-9dc8-75245f251018">
        <listOfUnits>
          <unit kind="item" metaid="_4c520b84-d246-4917-ab9a-d77a8e7d0731"/>
        </listOfUnits>
      </unitDefinition>
    </listOfUnitDefinitions>
    <listOfCompartments>
      <compartment id="cell" metaid="c6000fde-9604-464a-be9f-89191a726e28" size="1"/>
    </listOfCompartments>
    <listOfSpecies>
      <species compartment="cell" hasOnlySubstanceUnits="true" id="miR" initialAmount="0" metaid="_8310a1b6-20a2-4d60-99b4-1a674a28dea4"/>
      <species compartment="cell" hasOnlySubstanceUnits="true" id="miR_gene" initialAmount="2" metaid="c321b7b8-d778-496e-8a5f-8b141ad799f5"/>
      <species compartment="cell" hasOnlySubstanceUnits="true" id="miR_gene_TF1" initialAmount="0" metaid="c111ced8-d998-4be8-bea9-8f9dd25ef97d"/>
      <species compartment="cell" hasOnlySubstanceUnits="true" id="Signal" initialAmount="0" metaid="fc638707-b9a7-4cba-8ba6-1789b081693a"/>
      <species compartment="cell" hasOnlySubstanceUnits="true" id="TF1" initialAmount="0" metaid="_1a6323d6-dced-4743-8411-94e70985fd56"/>
      <species compartment="cell" hasOnlySubstanceUnits="true" id="TF1_mRNA" initialAmount="0" metaid="_63b8d3cd-9a90-4243-9041-dba8d535ee1a"/>
      <species boundaryCondition="true" compartment="cell" constant="true" hasOnlySubstanceUnits="true" id="Sink" initialAmount="0" metaid="_92186cc5-7f8e-47c7-b66e-9f29aca72db1"/>
    </listOfSpecies>
    <listOfParameters>
      <parameter id="kbinTF1miRgene" metaid="_879a6c38-8a01-4461-833c-6d61802f37c1" value="0.005"/>
      <parameter id="kdegMiR" metaid="_0230388d-2e77-4563-8940-8b7d9a71ebf9" value="0.008"/>
      <parameter id="kdegTF1" metaid="_883b23d0-d595-4be2-9312-2898feeb86b6" value="0.005"/>
      <parameter id="kdegTF1mRNA" metaid="a41ef607-00b8-48ca-8aa2-81b7dd16eca8" value="0.0001"/>
      <parameter id="kdegTF1mRNAbyMiR" metaid="_2ea99346-ea86-4cd0-9623-d508fdb8c580" value="0.001"/>
      <parameter id="krelTF1miRgene" metaid="b0ba5313-394c-4b1a-86e8-0dd9ec96f145" value="5"/>
      <parameter id="ksynMiR" metaid="_433ebaff-2666-4d73-9111-b8bdc6c830d5" value="5"/>
      <parameter id="ksynTF1" metaid="_15b387e5-5582-4f0c-bb1f-7610a82b0645" value="0.05"/>
      <parameter id="ksynTF1mRNA" metaid="d2847ad5-ab46-4789-a633-3e762fbca7f3" value="10"/>
    </listOfParameters>
    <listOfReactions>
      <reaction id="miR_gene_TF1_binding" metaid="_2f11cb5d-aa8e-40e2-964b-8be53bbcff77" reversible="false">
        <listOfReactants>
          <speciesReference metaid="_1166f078-3687-4974-837b-46873f7cec0b" species="miR_gene"/>
          <speciesReference metaid="_14c4b753-6bdf-4408-aa32-34f87c9a36fc" species="TF1"/>
        </listOfReactants>
        <listOfProducts>
          <speciesReference metaid="_5be60622-c9d7-45ee-afaf-948ab4bf6e5a" species="miR_gene_TF1"/>
        </listOfProducts>
        <kineticLaw metaid="_65cff22f-e8c4-4c01-9cf3-2f431f458022">
          <math xmlns="http://www.w3.org/1998/Math/MathML">          
            <apply>
              <times/>
              <ci> kbinTF1miRgene </ci>
              <ci> miR_gene </ci>
              <ci> TF1 </ci>
            </apply>
          </math>
                </kineticLaw>
      </reaction>
      <reaction id="miR_gene_TF1_release" metaid="_47f45b92-77f0-478b-9ae6-fcb3248060c1" reversible="false">
        <listOfReactants>
          <speciesReference metaid="_3c2a1a41-8348-44d5-a14b-b26bf2c68380" species="miR_gene_TF1"/>
        </listOfReactants>
        <listOfProducts>
          <speciesReference metaid="_664bee39-5589-471d-a19c-63d1cd5dd82f" species="miR_gene"/>
          <speciesReference metaid="d00f491e-d008-4062-87eb-4f445b82bc5b" species="TF1"/>
        </listOfProducts>
        <kineticLaw metaid="b4860cf0-1a0a-4037-9713-c14161fbe36f">
          <math xmlns="http://www.w3.org/1998/Math/MathML">          
            <apply>
              <times/>
              <ci> krelTF1miRgene </ci>
              <ci> miR_gene_TF1 </ci>
            </apply>
          </math>
                </kineticLaw>
      </reaction>
      <reaction id="miR_synthesis" metaid="_4f61e7c3-dc00-47a6-b959-0f36f57e2d8e" reversible="false">
        <listOfReactants>
          <speciesReference metaid="c9324283-9719-4edd-aca4-6210ea6b99d1" species="miR_gene_TF1"/>
        </listOfReactants>
        <listOfProducts>
          <speciesReference metaid="f6dc2835-fe9d-4d2f-b1eb-b0dada97cdf1" species="miR_gene_TF1"/>
          <speciesReference metaid="_15e1bbf1-df5b-4139-9957-a5176302a24d" species="miR"/>
        </listOfProducts>
        <kineticLaw metaid="b3e191fd-e563-49e7-9388-9e516c1d48de">
          <math xmlns="http://www.w3.org/1998/Math/MathML">          
            <apply>
              <times/>
              <ci> ksynMiR </ci>
              <ci> miR_gene_TF1 </ci>
            </apply>
          </math>
                </kineticLaw>
      </reaction>
      <reaction id="miR_degradation" metaid="c0a5ea9b-7aba-465a-a474-e0dac64b436e" reversible="false">
        <listOfReactants>
          <speciesReference metaid="_0babffde-6577-4e2e-af17-4d80dc6e7caa" species="miR"/>
        </listOfReactants>
        <listOfProducts>
          <speciesReference metaid="_947bd122-073f-412d-9c7a-55a941d8d1f5" species="Sink"/>
        </listOfProducts>
        <kineticLaw metaid="f621c2e1-a84b-4eef-873f-db27c84467ef">
          <math xmlns="http://www.w3.org/1998/Math/MathML">          
            <apply>
              <times/>
              <ci> kdegMiR </ci>
              <ci> miR </ci>
            </apply>
          </math>
                </kineticLaw>
      </reaction>
      <reaction id="TF1_transcription" metaid="f5db8bb4-9f9f-4edb-a91d-51c332a51007" reversible="false">
        <listOfReactants>
          <speciesReference metaid="ff95a926-0e46-4745-b913-879aa408bb55" species="Signal"/>
        </listOfReactants>
        <listOfProducts>
          <speciesReference metaid="_443ffa9b-b27f-43d6-86e1-a711ce513368" species="Signal"/>
          <speciesReference metaid="_786f0372-276e-4648-9d47-2d78eba9712a" species="TF1_mRNA"/>
        </listOfProducts>
        <kineticLaw metaid="_1b57f5cc-9b62-4b3f-99e6-ae62d36034d2">
          <math xmlns="http://www.w3.org/1998/Math/MathML">          
            <apply>
              <times/>
              <ci> ksynTF1mRNA </ci>
              <ci> Signal </ci>
            </apply>
          </math>
                </kineticLaw>
      </reaction>
      <reaction id="TF1_mRNA_degradation" metaid="f318e733-39dc-45f5-85ba-97892c8970e1" reversible="false">
        <listOfReactants>
          <speciesReference metaid="_5925500e-c007-4b08-a45f-49b28dd61a3b" species="TF1_mRNA"/>
        </listOfReactants>
        <listOfProducts>
          <speciesReference metaid="d41d254a-68ec-4999-aa66-e8e1f619810c" species="Sink"/>
        </listOfProducts>
        <kineticLaw metaid="bb13be7d-25c4-42e8-bd4b-40ffb6375ec3">
          <math xmlns="http://www.w3.org/1998/Math/MathML">          
            <apply>
              <times/>
              <ci> kdegTF1mRNA </ci>
              <ci> TF1_mRNA </ci>
            </apply>
          </math>
                </kineticLaw>
      </reaction>
      <reaction id="TF1_mRNA_degradation_via_miR" metaid="_3269844d-b2d0-4aff-a44a-17cb654ceac1" reversible="false">
        <listOfReactants>
          <speciesReference metaid="_39856c0e-920c-46d4-95d0-87cd5cc223fc" species="TF1_mRNA"/>
          <speciesReference metaid="c7cde9d4-56ea-45fa-bbfa-aff2657877b9" species="miR"/>
        </listOfReactants>
        <listOfProducts>
          <speciesReference metaid="_23d7612a-f5b8-4380-bb92-ee027d94ce41" species="miR"/>
        </listOfProducts>
        <kineticLaw metaid="ad6e6ba4-24ac-40b6-9992-976f90ec1797">
          <math xmlns="http://www.w3.org/1998/Math/MathML">          
            <apply>
              <times/>
              <ci> kdegTF1mRNAbyMiR </ci>
              <ci> TF1_mRNA </ci>
              <ci> miR </ci>
            </apply>
          </math>
                </kineticLaw>
      </reaction>
      <reaction id="TF1_translation" metaid="_2eb1ab2d-0ad9-4d8f-b80b-6f4f56eb331d" reversible="false">
        <listOfReactants>
          <speciesReference metaid="_462c18c4-6ff6-42c3-b179-492727986d47" species="TF1_mRNA"/>
        </listOfReactants>
        <listOfProducts>
          <speciesReference metaid="_2eb1b03e-ee6f-4998-bb1a-dcee4fc4d9ec" species="TF1_mRNA"/>
          <speciesReference metaid="_7fcf3d48-4fdf-442e-8b95-2250b4beca91" species="TF1"/>
        </listOfProducts>
        <kineticLaw metaid="_08dba352-61cb-4dbb-a928-0b765bb06f69">
          <math xmlns="http://www.w3.org/1998/Math/MathML">          
            <apply>
              <times/>
              <ci> ksynTF1 </ci>
              <ci> TF1_mRNA </ci>
            </apply>
          </math>
                </kineticLaw>
      </reaction>
      <reaction id="TF1_degradation" metaid="_8126ab67-127c-481e-aaab-6d5432d2d688" reversible="false">
        <listOfReactants>
          <speciesReference metaid="_698adcc2-3894-4251-a301-5fde7b4c0fc1" species="TF1"/>
        </listOfReactants>
        <listOfProducts>
          <speciesReference metaid="_57720007-7b3b-415c-9b52-d1a8b15efee9" species="Sink"/>
        </listOfProducts>
        <kineticLaw metaid="_93d6d8f1-b545-43d9-9c59-b2188d68c331">
          <math xmlns="http://www.w3.org/1998/Math/MathML">          
            <apply>
              <times/>
              <ci> kdegTF1 </ci>
              <ci> TF1 </ci>
            </apply>
          </math>
                </kineticLaw>
      </reaction>
    </listOfReactions>
    <listOfEvents>
      <event id="ActivateSignal" metaid="c2ee5dec-a54c-407d-b913-26e8fe6bf30d">
        <trigger metaid="ebe93a29-902a-400b-9d9c-6adcc973ed32">
          <math xmlns="http://www.w3.org/1998/Math/MathML">          
            <apply>
              <gt/>
              <csymbol encoding="text" definitionURL="http://www.sbml.org/sbml/symbols/time"> t </csymbol>
              <cn type="integer"> 3600 </cn>
            </apply>
          </math>
                </trigger>
        <listOfEventAssignments>
          <eventAssignment metaid="e6cd6fb3-b001-4f87-8c0e-65ddc2b34be7" variable="Signal">
            <math xmlns="http://www.w3.org/1998/Math/MathML">            
              <cn> 1 </cn>
            </math>
                    </eventAssignment>
        </listOfEventAssignments>
      </event>
    </listOfEvents>
  </model>
</sbml>