<?xml version='1.0' encoding='UTF-8' standalone='no'?>
<sbml xmlns="http://www.sbml.org/sbml/level2" level="2" metaid="metaid_0000001" version="1" xmlns:jd="http://www.sys-bio.org/sbml">
  <model id="Fung2005_Metabolator" metaid="metaid_0000002" name="Fung2005_Metabolic_Oscillator">
    <notes>
      <body xmlns="http://www.w3.org/1999/xhtml">
        <h1>A Synthetic Gene-Metabolic Oscillator</h1>
        <b>Reference:</b>
        <a href="http://www.nature.com/nature/journal/v435/n7038/abs/nature03508.html">
          <i>Fung et al; Nature (2005) 435:118-122</i>
        </a>
        <br/>
        <table border="0" cellpadding="2" cellspacing="0">
          <thead>
            <tr>
              <th align="left" bgcolor="#eeeeee" valign="middle">Name of kinetic law</th>
              <th align="left" bgcolor="#eeeeee" valign="middle">Reaction</th>
            </tr>
          </thead>
          <tbody>
            <tr>
              <td>Glycolytic flux, V_gly:</td>
              <td>nil -> AcCoA;</td>
            </tr>
            <tr>
              <td>Flux to TCA cycle/ETOH, V_TCA:</td>
              <td>AcCoA -> TCA/EtOH;</td>
            </tr>
            <tr>
              <td>HOAc ex/import,reversible,  V_out:</td>
              <td>HOAc -> HOAc_E</td>
            </tr>
            <tr>
              <td>V_Pta:</td>
              <td>AcCoA + Pi -> AcP + CoA</td>
            </tr>
            <tr>
              <td>reversible, V_Ack:</td>
              <td>AcP + ADP -> OAc + ATP</td>
            </tr>
            <tr>
              <td>V_Acs:</td>
              <td>OAC + ATP -> AcCoA +PPi</td>
            </tr>
            <tr>
              <td>Acetic acid-base equillibrium, reversible, V_Ace:</td>
              <td>OAC + H -> HOAc</td>
            </tr>
            <tr>
              <td>Expression of LacI, R_LacI:</td>
              <td>nil -> LacI</td>
            </tr>
            <tr>
              <td>Expression of Acs, R_Acs:</td>
              <td>nil -> Acs</td>
            </tr>
            <tr>
              <td>Expression of Pta, R_Pta:</td>
              <td>nil -> Pta</td>
            </tr>
            <tr>
              <td>LacI degradation, R_dLacI:</td>
              <td>LacI -> nil</td>
            </tr>
            <tr>
              <td>Acs degradation, R_dAcs:</td>
              <td>Acs -> nil</td>
            </tr>
            <tr>
              <td>Pta degradation, R_dPta:</td>
              <td>Pta -> nil</td>
            </tr>
          </tbody>
        </table>
        <p>For this model the differential equation for V_Ace was changed from:      <br/>
          C*(AcP*H-K_eq*OAC) with C = 100 in the supplemental material      <br/>
          to C*(OAc*H-K_eq*HOAc) with C = 100, as in      <a href="http://www.pnas.org/cgi/content/abstract/101/8/2299">
          <i>Bulter et. al; PNAS(2004),101,2299-2304</i>
        </a>
          , and a value for K_eq of 5*10^-4 after communication with the authors.      </p>
      <p>
        <font size="2">translated to SBML by:        <br/>
            Lukas Endler(luen at tbi.univie.ac.at), Christoph Flamm (xtof at tbi.univie.ac.at)        </font>
    </p>
    <p>
      <u>Biomodels Curation</u>
          The model reproduces 3a of the paper for glycolytic flux Vgly = 0.5. The authors have agreed that the values on Y-axis are marked wrong and hence there is a discrepancy between  model simulation results and the figure. Also, note that the values of concentration and time are in dimensionless units. The model was successfully tested on MathSBML and Jarnac.      </p>
  </body>
</notes>
    <annotation>
  <rdf:RDF xmlns:rdf="http://www.w3.org/1999/02/22-rdf-syntax-ns#" xmlns:bqmodel="http://biomodels.net/model-qualifiers/" xmlns:vCard="http://www.w3.org/2001/vcard-rdf/3.0#" xmlns:dc="http://purl.org/dc/elements/1.1/" xmlns:dcterms="http://purl.org/dc/terms/" xmlns:bqbiol="http://biomodels.net/biology-qualifiers/">
        <rdf:Description rdf:about="#metaid_0000002">
	<dc:creator>
	<rdf:Bag>
	<rdf:li rdf:parseType="Resource">
	<vCard:N rdf:parseType="Resource">
	<vCard:Family>Dharuri</vCard:Family>
	<vCard:Given>Harish</vCard:Given>
	</vCard:N>
	<vCard:EMAIL>hdharuri@cds.caltech.edu</vCard:EMAIL>
	<vCard:ORG rdf:parseType="Resource">
	<vCard:Orgname>California Institute of Technology</vCard:Orgname>
	</vCard:ORG>
	</rdf:li>
	</rdf:Bag>
	</dc:creator>
	<dcterms:created rdf:parseType="Resource">
	<dcterms:W3CDTF>2006-08-28T08:43:27Z</dcterms:W3CDTF>
	</dcterms:created>
	<dcterms:modified rdf:parseType="Resource">
	<dcterms:W3CDTF>2012-05-16T10:20:40Z</dcterms:W3CDTF>
	</dcterms:modified>
	<bqmodel:is>
	<rdf:Bag>
	<rdf:li rdf:resource="http://identifiers.org/biomodels.db/MODEL6624231052"/>
	</rdf:Bag>
	</bqmodel:is>
	<bqmodel:is>
	<rdf:Bag>
	<rdf:li rdf:resource="http://identifiers.org/biomodels.db/BIOMD0000000067"/>
	</rdf:Bag>
	</bqmodel:is>
	<bqmodel:isDescribedBy>
	<rdf:Bag>
	<rdf:li rdf:resource="http://identifiers.org/pubmed/15875027"/>
	</rdf:Bag>
	</bqmodel:isDescribedBy>
	<bqbiol:isVersionOf>
	<rdf:Bag>
	<rdf:li rdf:resource="http://identifiers.org/go/GO:0045990"/>
	</rdf:Bag>
	</bqbiol:isVersionOf>
	<bqbiol:hasTaxon>
	<rdf:Bag>
	<rdf:li rdf:resource="http://identifiers.org/taxonomy/83333"/>
	</rdf:Bag>
	</bqbiol:hasTaxon>
	</rdf:Description>
	
  </rdf:RDF>
</annotation>
      <listOfCompartments>
      <compartment id="compartment" metaid="metaid_0000024" name="Intracellular" size="1">
        <annotation>
      <rdf:RDF xmlns:rdf="http://www.w3.org/1999/02/22-rdf-syntax-ns#" xmlns:bqmodel="http://biomodels.net/model-qualifiers/" xmlns:bqbiol="http://biomodels.net/biology-qualifiers/">
            <rdf:Description rdf:about="#metaid_0000024">
	<bqbiol:is>
	<rdf:Bag>
	<rdf:li rdf:resource="http://identifiers.org/go/GO:0005622"/>
	</rdf:Bag>
	</bqbiol:is>
	</rdf:Description>
	
      </rdf:RDF>
    </annotation>
            </compartment>
    </listOfCompartments>
    <listOfSpecies>
      <species compartment="compartment" id="AcCoA" initialConcentration="0" metaid="metaid_0000025" name="Acetyl-CoA">
        <annotation>
      <rdf:RDF xmlns:rdf="http://www.w3.org/1999/02/22-rdf-syntax-ns#" xmlns:bqmodel="http://biomodels.net/model-qualifiers/" xmlns:bqbiol="http://biomodels.net/biology-qualifiers/">
            <rdf:Description rdf:about="#metaid_0000025">
	<bqbiol:is>
	<rdf:Bag>
	<rdf:li rdf:resource="http://identifiers.org/chebi/CHEBI:15351"/>
	<rdf:li rdf:resource="http://identifiers.org/kegg.compound/C00024"/>
	</rdf:Bag>
	</bqbiol:is>
	</rdf:Description>
	
      </rdf:RDF>
    </annotation>
            </species>
      <species compartment="compartment" id="AcP" initialConcentration="0" metaid="metaid_0000026" name="Acetyl phosphate">
        <annotation>
      <rdf:RDF xmlns:rdf="http://www.w3.org/1999/02/22-rdf-syntax-ns#" xmlns:bqmodel="http://biomodels.net/model-qualifiers/" xmlns:bqbiol="http://biomodels.net/biology-qualifiers/">
            <rdf:Description rdf:about="#metaid_0000026">
	<bqbiol:is>
	<rdf:Bag>
	<rdf:li rdf:resource="http://identifiers.org/chebi/CHEBI:15350"/>
	<rdf:li rdf:resource="http://identifiers.org/kegg.compound/C00227"/>
	</rdf:Bag>
	</bqbiol:is>
	</rdf:Description>
	
      </rdf:RDF>
    </annotation>
            </species>
      <species compartment="compartment" id="OAc" initialConcentration="0" metaid="metaid_0000027" name="Acetate">
        <annotation>
      <rdf:RDF xmlns:rdf="http://www.w3.org/1999/02/22-rdf-syntax-ns#" xmlns:bqmodel="http://biomodels.net/model-qualifiers/" xmlns:bqbiol="http://biomodels.net/biology-qualifiers/">
            <rdf:Description rdf:about="#metaid_0000027">
	<bqbiol:is>
	<rdf:Bag>
	<rdf:li rdf:resource="http://identifiers.org/chebi/CHEBI:30089"/>
	<rdf:li rdf:resource="http://identifiers.org/kegg.compound/C00033"/>
	</rdf:Bag>
	</bqbiol:is>
	</rdf:Description>
	
      </rdf:RDF>
    </annotation>
            </species>
      <species compartment="compartment" id="HOAc" initialConcentration="0" metaid="metaid_0000028" name="protonated acetate">
        <annotation>
      <rdf:RDF xmlns:rdf="http://www.w3.org/1999/02/22-rdf-syntax-ns#" xmlns:bqmodel="http://biomodels.net/model-qualifiers/" xmlns:bqbiol="http://biomodels.net/biology-qualifiers/">
            <rdf:Description rdf:about="#metaid_0000028">
	<bqbiol:isVersionOf>
	<rdf:Bag>
	<rdf:li rdf:resource="http://identifiers.org/chebi/CHEBI:30089"/>
	<rdf:li rdf:resource="http://identifiers.org/kegg.compound/C00033"/>
	</rdf:Bag>
	</bqbiol:isVersionOf>
	</rdf:Description>
	
      </rdf:RDF>
    </annotation>
            </species>
      <species compartment="compartment" id="LacI" initialConcentration="0" metaid="metaid_0000029" name="lac repressor">
        <annotation>
      <rdf:RDF xmlns:rdf="http://www.w3.org/1999/02/22-rdf-syntax-ns#" xmlns:bqmodel="http://biomodels.net/model-qualifiers/" xmlns:bqbiol="http://biomodels.net/biology-qualifiers/">
            <rdf:Description rdf:about="#metaid_0000029">
	<bqbiol:isPartOf>
	<rdf:Bag>
	<rdf:li rdf:resource="http://identifiers.org/go/GO:0017053"/>
	</rdf:Bag>
	</bqbiol:isPartOf>
	</rdf:Description>
	
      </rdf:RDF>
    </annotation>
            </species>
      <species compartment="compartment" id="Acs" initialConcentration="0" metaid="metaid_0000030" name="Acetyl-CoA synthase">
        <annotation>
      <rdf:RDF xmlns:rdf="http://www.w3.org/1999/02/22-rdf-syntax-ns#" xmlns:bqmodel="http://biomodels.net/model-qualifiers/" xmlns:bqbiol="http://biomodels.net/biology-qualifiers/">
            <rdf:Description rdf:about="#metaid_0000030">
	<bqbiol:is>
	<rdf:Bag>
	<rdf:li rdf:resource="http://identifiers.org/uniprot/P27550"/>
	</rdf:Bag>
	</bqbiol:is>
	</rdf:Description>
	
      </rdf:RDF>
    </annotation>
            </species>
      <species compartment="compartment" id="Pta" initialConcentration="0" metaid="metaid_0000031" name="Phosphate acetyl transferase">
        <annotation>
      <rdf:RDF xmlns:rdf="http://www.w3.org/1999/02/22-rdf-syntax-ns#" xmlns:bqmodel="http://biomodels.net/model-qualifiers/" xmlns:bqbiol="http://biomodels.net/biology-qualifiers/">
            <rdf:Description rdf:about="#metaid_0000031">
	<bqbiol:is>
	<rdf:Bag>
	<rdf:li rdf:resource="http://identifiers.org/uniprot/P0A9M8"/>
	</rdf:Bag>
	</bqbiol:is>
	</rdf:Description>
	
      </rdf:RDF>
    </annotation>
            </species>
      <species boundaryCondition="true" compartment="compartment" id="HOAc_E" initialConcentration="0" metaid="metaid_0000032" name="acetate export">
        <annotation>
      <rdf:RDF xmlns:rdf="http://www.w3.org/1999/02/22-rdf-syntax-ns#" xmlns:bqmodel="http://biomodels.net/model-qualifiers/" xmlns:bqbiol="http://biomodels.net/biology-qualifiers/">
            <rdf:Description rdf:about="#metaid_0000032">
	<bqbiol:isVersionOf>
	<rdf:Bag>
	<rdf:li rdf:resource="http://identifiers.org/chebi/CHEBI:30089"/>
	<rdf:li rdf:resource="http://identifiers.org/kegg.compound/C00033"/>
	</rdf:Bag>
	</bqbiol:isVersionOf>
	</rdf:Description>
	
      </rdf:RDF>
    </annotation>
            </species>
    </listOfSpecies>
    <listOfParameters>
      <parameter id="S0" metaid="metaid_0000003" value="0.5"/>
      <parameter id="kTCA" metaid="metaid_0000004" value="10"/>
      <parameter id="k1" metaid="metaid_0000005" value="80"/>
      <parameter id="KM1" metaid="metaid_0000006" value="0.06"/>
      <parameter id="k2" metaid="metaid_0000007" value="0.8"/>
      <parameter id="KM2" metaid="metaid_0000008" value="0.1"/>
      <parameter id="kAck_f" metaid="metaid_0000009" value="1"/>
      <parameter id="kAck_r" metaid="metaid_0000010" value="1"/>
      <parameter id="C" metaid="metaid_0000011" value="100"/>
      <parameter id="H" metaid="metaid_0000012" value="1E-7"/>
      <parameter id="Keq" metaid="metaid_0000013" value="0.0005"/>
      <parameter id="k3" metaid="metaid_0000014" value="0.01"/>
      <parameter id="alpha0" metaid="metaid_0000015" value="0"/>
      <parameter id="alpha1" metaid="metaid_0000016" value="0.1"/>
      <parameter id="alpha2" metaid="metaid_0000017" value="2"/>
      <parameter id="alpha3" metaid="metaid_0000018" value="2"/>
      <parameter id="Kg1" metaid="metaid_0000019" value="10"/>
      <parameter id="Kg2" metaid="metaid_0000020" value="10"/>
      <parameter id="Kg3" metaid="metaid_0000021" value="0.001"/>
      <parameter id="n" metaid="metaid_0000022" value="2"/>
      <parameter id="kd" metaid="metaid_0000023" value="0.06"/>
    </listOfParameters>
    <listOfReactions>
      <reaction id="V_gly" metaid="metaid_0000033" name="Glycolytic flux" reversible="false">
        <annotation>
      <rdf:RDF xmlns:rdf="http://www.w3.org/1999/02/22-rdf-syntax-ns#" xmlns:bqmodel="http://biomodels.net/model-qualifiers/" xmlns:bqbiol="http://biomodels.net/biology-qualifiers/">
            <rdf:Description rdf:about="#metaid_0000033">
	<bqbiol:hasVersion>
	<rdf:Bag>
	<rdf:li rdf:resource="http://identifiers.org/go/GO:0006096"/>
	</rdf:Bag>
	</bqbiol:hasVersion>
	</rdf:Description>
	
      </rdf:RDF>
    </annotation>
              <listOfProducts>
          <speciesReference metaid="_811706" species="AcCoA"/>
        </listOfProducts>
        <kineticLaw metaid="_811718">
          <math xmlns="http://www.w3.org/1998/Math/MathML">          
            <apply>
              <times/>
              <ci> compartment </ci>
              <ci> S0 </ci>
            </apply>
          </math>
                </kineticLaw>
      </reaction>
      <reaction id="V_TCA" metaid="metaid_0000034" name="Flux to TCA cycle" reversible="false">
        <annotation>
      <rdf:RDF xmlns:rdf="http://www.w3.org/1999/02/22-rdf-syntax-ns#" xmlns:bqmodel="http://biomodels.net/model-qualifiers/" xmlns:bqbiol="http://biomodels.net/biology-qualifiers/">
            <rdf:Description rdf:about="#metaid_0000034">
	<bqbiol:hasVersion>
	<rdf:Bag>
	<rdf:li rdf:resource="http://identifiers.org/go/GO:0006099"/>
	</rdf:Bag>
	</bqbiol:hasVersion>
	</rdf:Description>
	
      </rdf:RDF>
    </annotation>
              <listOfReactants>
          <speciesReference metaid="_811730" species="AcCoA"/>
        </listOfReactants>
        <kineticLaw metaid="_811742">
          <math xmlns="http://www.w3.org/1998/Math/MathML">          
            <apply>
              <times/>
              <ci> compartment </ci>
              <ci> kTCA </ci>
              <ci> AcCoA </ci>
            </apply>
          </math>
                </kineticLaw>
      </reaction>
      <reaction id="V_out" metaid="metaid_0000035" name="Intercellular transport of Acetate">
        <annotation>
      <rdf:RDF xmlns:rdf="http://www.w3.org/1999/02/22-rdf-syntax-ns#" xmlns:bqmodel="http://biomodels.net/model-qualifiers/" xmlns:bqbiol="http://biomodels.net/biology-qualifiers/">
            <rdf:Description rdf:about="#metaid_0000035">
	<bqbiol:isVersionOf>
	<rdf:Bag>
	<rdf:li rdf:resource="http://identifiers.org/go/GO:0015123"/>
	</rdf:Bag>
	</bqbiol:isVersionOf>
	</rdf:Description>
	
      </rdf:RDF>
    </annotation>
              <listOfReactants>
          <speciesReference metaid="_811754" species="HOAc"/>
        </listOfReactants>
        <listOfProducts>
          <speciesReference metaid="_811766" species="HOAc_E"/>
        </listOfProducts>
        <kineticLaw metaid="_811778">
          <math xmlns="http://www.w3.org/1998/Math/MathML">          
            <apply>
              <times/>
              <ci> compartment </ci>
              <ci> k3 </ci>
              <apply>
                <minus/>
                <ci> HOAc </ci>
                <ci> HOAc_E </ci>
              </apply>
            </apply>
          </math>
                </kineticLaw>
      </reaction>
      <reaction id="V_Pta" metaid="metaid_0000036" name="Phosphate acetyl transferase flux" reversible="false">
        <annotation>
      <rdf:RDF xmlns:rdf="http://www.w3.org/1999/02/22-rdf-syntax-ns#" xmlns:bqmodel="http://biomodels.net/model-qualifiers/" xmlns:bqbiol="http://biomodels.net/biology-qualifiers/">
            <rdf:Description rdf:about="#metaid_0000036">
	<bqbiol:is>
	<rdf:Bag>
	<rdf:li rdf:resource="http://identifiers.org/ec-code/2.3.1.8"/>
	<rdf:li rdf:resource="http://identifiers.org/kegg.reaction/R00230"/>
	</rdf:Bag>
	</bqbiol:is>
	</rdf:Description>
	
      </rdf:RDF>
    </annotation>
              <listOfReactants>
          <speciesReference metaid="_811790" species="AcCoA"/>
        </listOfReactants>
        <listOfProducts>
          <speciesReference metaid="_811802" species="AcP"/>
        </listOfProducts>
        <listOfModifiers>
          <modifierSpeciesReference metaid="_811814" species="Pta"/>
        </listOfModifiers>
        <kineticLaw metaid="_811826">
          <math xmlns="http://www.w3.org/1998/Math/MathML">          
            <apply>
              <divide/>
              <apply>
                <times/>
                <ci> compartment </ci>
                <ci> k1 </ci>
                <ci> Pta </ci>
                <ci> AcCoA </ci>
              </apply>
              <apply>
                <plus/>
                <ci> KM1 </ci>
                <ci> AcCoA </ci>
              </apply>
            </apply>
          </math>
                </kineticLaw>
      </reaction>
      <reaction id="V_Ack" metaid="metaid_0000037" name="Acetate kinase">
        <annotation>
      <rdf:RDF xmlns:rdf="http://www.w3.org/1999/02/22-rdf-syntax-ns#" xmlns:bqmodel="http://biomodels.net/model-qualifiers/" xmlns:bqbiol="http://biomodels.net/biology-qualifiers/">
            <rdf:Description rdf:about="#metaid_0000037">
	<bqbiol:isVersionOf>
	<rdf:Bag>
	<rdf:li rdf:resource="http://identifiers.org/ec-code/2.7.2.1"/>
	<rdf:li rdf:resource="http://identifiers.org/go/GO:0008776"/>
	</rdf:Bag>
	</bqbiol:isVersionOf>
	</rdf:Description>
	
      </rdf:RDF>
    </annotation>
              <listOfReactants>
          <speciesReference metaid="_811839" species="AcP"/>
        </listOfReactants>
        <listOfProducts>
          <speciesReference metaid="_811851" species="OAc"/>
        </listOfProducts>
        <kineticLaw metaid="_811863">
          <math xmlns="http://www.w3.org/1998/Math/MathML">          
            <apply>
              <times/>
              <ci> compartment </ci>
              <apply>
                <minus/>
                <apply>
                  <times/>
                  <ci> kAck_f </ci>
                  <ci> AcP </ci>
                </apply>
                <apply>
                  <times/>
                  <ci> kAck_r </ci>
                  <ci> OAc </ci>
                </apply>
              </apply>
            </apply>
          </math>
                </kineticLaw>
      </reaction>
      <reaction id="V_Acs" metaid="metaid_0000038" name="Acetyl-CoA synthase flux" reversible="false">
        <annotation>
      <rdf:RDF xmlns:rdf="http://www.w3.org/1999/02/22-rdf-syntax-ns#" xmlns:bqmodel="http://biomodels.net/model-qualifiers/" xmlns:bqbiol="http://biomodels.net/biology-qualifiers/">
            <rdf:Description rdf:about="#metaid_0000038">
              <bqbiol:isVersionOf>
	<rdf:Bag>
	<rdf:li rdf:resource="http://identifiers.org/ec-code/6.2.1.1"/>
	<rdf:li rdf:resource="http://identifiers.org/go/GO:0019427"/>
	</rdf:Bag>
	</bqbiol:isVersionOf>
	
	<bqbiol:is>
	<rdf:Bag>
	<rdf:li rdf:resource="http://identifiers.org/kegg.reaction/R00235"/>
	</rdf:Bag>
	</bqbiol:is>
	</rdf:Description>
	
      </rdf:RDF>
    </annotation>
              <listOfReactants>
          <speciesReference metaid="_811875" species="OAc"/>
        </listOfReactants>
        <listOfProducts>
          <speciesReference metaid="_811887" species="AcCoA"/>
        </listOfProducts>
        <listOfModifiers>
          <modifierSpeciesReference metaid="_811899" species="Acs"/>
        </listOfModifiers>
        <kineticLaw metaid="_811911">
          <math xmlns="http://www.w3.org/1998/Math/MathML">          
            <apply>
              <divide/>
              <apply>
                <times/>
                <ci> compartment </ci>
                <ci> k2 </ci>
                <ci> Acs </ci>
                <ci> OAc </ci>
              </apply>
              <apply>
                <plus/>
                <ci> KM2 </ci>
                <ci> OAc </ci>
              </apply>
            </apply>
          </math>
                </kineticLaw>
      </reaction>
      <reaction id="V_Ace" metaid="metaid_0000039" name="Acid-base equilibrium">
        <listOfReactants>
          <speciesReference metaid="_811923" species="OAc"/>
        </listOfReactants>
        <listOfProducts>
          <speciesReference metaid="_811935" species="HOAc"/>
        </listOfProducts>
        <kineticLaw metaid="_811947">
          <math xmlns="http://www.w3.org/1998/Math/MathML">          
            <apply>
              <times/>
              <ci> compartment </ci>
              <ci> C </ci>
              <apply>
                <minus/>
                <apply>
                  <times/>
                  <ci> OAc </ci>
                  <ci> H </ci>
                </apply>
                <apply>
                  <times/>
                  <ci> Keq </ci>
                  <ci> HOAc </ci>
                </apply>
              </apply>
            </apply>
          </math>
                </kineticLaw>
      </reaction>
      <reaction id="R_LacI" metaid="metaid_0000040" name="LacI synthesis" reversible="false">
        <annotation>
      <rdf:RDF xmlns:rdf="http://www.w3.org/1999/02/22-rdf-syntax-ns#" xmlns:bqmodel="http://biomodels.net/model-qualifiers/" xmlns:bqbiol="http://biomodels.net/biology-qualifiers/">
            <rdf:Description rdf:about="#metaid_0000040">
	<bqbiol:hasPart>
	<rdf:Bag>
	<rdf:li rdf:resource="http://identifiers.org/go/GO:0006351"/>
	<rdf:li rdf:resource="http://identifiers.org/go/GO:0006412"/>
	</rdf:Bag>
	</bqbiol:hasPart>
	</rdf:Description>
	
      </rdf:RDF>
    </annotation>
              <listOfProducts>
          <speciesReference metaid="_811959" species="LacI"/>
        </listOfProducts>
        <listOfModifiers>
          <modifierSpeciesReference metaid="_811971" species="AcP"/>
        </listOfModifiers>
        <kineticLaw metaid="_811983">
          <math xmlns="http://www.w3.org/1998/Math/MathML">          
            <apply>
              <times/>
              <ci> compartment </ci>
              <apply>
                <plus/>
                <apply>
                  <divide/>
                  <apply>
                    <times/>
                    <ci> alpha1 </ci>
                    <apply>
                      <power/>
                      <apply>
                        <divide/>
                        <ci> AcP </ci>
                        <ci> Kg1 </ci>
                      </apply>
                      <ci> n </ci>
                    </apply>
                  </apply>
                  <apply>
                    <plus/>
                    <cn type="integer"> 1 </cn>
                    <apply>
                      <power/>
                      <apply>
                        <divide/>
                        <ci> AcP </ci>
                        <ci> Kg1 </ci>
                      </apply>
                      <ci> n </ci>
                    </apply>
                  </apply>
                </apply>
                <ci> alpha0 </ci>
              </apply>
            </apply>
          </math>
                </kineticLaw>
      </reaction>
      <reaction id="R_Acs" metaid="metaid_0000041" name="Acetyl-CoA synthase synthesis" reversible="false">
        <annotation>
      <rdf:RDF xmlns:rdf="http://www.w3.org/1999/02/22-rdf-syntax-ns#" xmlns:bqmodel="http://biomodels.net/model-qualifiers/" xmlns:bqbiol="http://biomodels.net/biology-qualifiers/">
            <rdf:Description rdf:about="#metaid_0000041">
	<bqbiol:hasPart>
	<rdf:Bag>
	<rdf:li rdf:resource="http://identifiers.org/go/GO:0006351"/>
	<rdf:li rdf:resource="http://identifiers.org/go/GO:0006412"/>
	</rdf:Bag>
	</bqbiol:hasPart>
	</rdf:Description>
	
      </rdf:RDF>
    </annotation>
              <listOfProducts>
          <speciesReference metaid="_811995" species="Acs"/>
        </listOfProducts>
        <listOfModifiers>
          <modifierSpeciesReference metaid="_812007" species="AcP"/>
        </listOfModifiers>
        <kineticLaw metaid="_812019">
          <math xmlns="http://www.w3.org/1998/Math/MathML">          
            <apply>
              <times/>
              <ci> compartment </ci>
              <apply>
                <plus/>
                <apply>
                  <divide/>
                  <apply>
                    <times/>
                    <ci> alpha2 </ci>
                    <apply>
                      <power/>
                      <apply>
                        <divide/>
                        <ci> AcP </ci>
                        <ci> Kg2 </ci>
                      </apply>
                      <ci> n </ci>
                    </apply>
                  </apply>
                  <apply>
                    <plus/>
                    <cn type="integer"> 1 </cn>
                    <apply>
                      <power/>
                      <apply>
                        <divide/>
                        <ci> AcP </ci>
                        <ci> Kg2 </ci>
                      </apply>
                      <ci> n </ci>
                    </apply>
                  </apply>
                </apply>
                <ci> alpha0 </ci>
              </apply>
            </apply>
          </math>
                </kineticLaw>
      </reaction>
      <reaction id="R_Pta" metaid="metaid_0000042" name="Phosphate acetyl transferase synthase" reversible="false">
        <annotation>
      <rdf:RDF xmlns:rdf="http://www.w3.org/1999/02/22-rdf-syntax-ns#" xmlns:bqmodel="http://biomodels.net/model-qualifiers/" xmlns:bqbiol="http://biomodels.net/biology-qualifiers/">
            <rdf:Description rdf:about="#metaid_0000042">
	<bqbiol:hasPart>
	<rdf:Bag>
	<rdf:li rdf:resource="http://identifiers.org/go/GO:0006351"/>
	<rdf:li rdf:resource="http://identifiers.org/go/GO:0006412"/>
	</rdf:Bag>
	</bqbiol:hasPart>
	</rdf:Description>
	
      </rdf:RDF>
    </annotation>
              <listOfProducts>
          <speciesReference metaid="_812031" species="Pta"/>
        </listOfProducts>
        <listOfModifiers>
          <modifierSpeciesReference metaid="_812043" species="LacI"/>
        </listOfModifiers>
        <kineticLaw metaid="_812055">
          <math xmlns="http://www.w3.org/1998/Math/MathML">          
            <apply>
              <plus/>
              <apply>
                <divide/>
                <ci> alpha3 </ci>
                <apply>
                  <plus/>
                  <cn type="integer"> 1 </cn>
                  <apply>
                    <power/>
                    <apply>
                      <divide/>
                      <ci> LacI </ci>
                      <ci> Kg3 </ci>
                    </apply>
                    <ci> n </ci>
                  </apply>
                </apply>
              </apply>
              <ci> alpha0 </ci>
            </apply>
          </math>
                </kineticLaw>
      </reaction>
      <reaction id="R_dLacI" metaid="metaid_0000043" name="LacI degradation" reversible="false">
        <annotation>
      <rdf:RDF xmlns:rdf="http://www.w3.org/1999/02/22-rdf-syntax-ns#" xmlns:bqmodel="http://biomodels.net/model-qualifiers/" xmlns:bqbiol="http://biomodels.net/biology-qualifiers/">
            <rdf:Description rdf:about="#metaid_0000043">
	<bqbiol:isVersionOf>
	<rdf:Bag>
	<rdf:li rdf:resource="http://identifiers.org/go/GO:0030163"/>
	</rdf:Bag>
	</bqbiol:isVersionOf>
	</rdf:Description>
	
      </rdf:RDF>
    </annotation>
              <listOfReactants>
          <speciesReference metaid="_812067" species="LacI"/>
        </listOfReactants>
        <kineticLaw metaid="_812079">
          <math xmlns="http://www.w3.org/1998/Math/MathML">          
            <apply>
              <times/>
              <ci> compartment </ci>
              <ci> kd </ci>
              <ci> LacI </ci>
            </apply>
          </math>
                </kineticLaw>
      </reaction>
      <reaction id="R_dAcs" metaid="metaid_0000044" name="Acs degradation" reversible="false">
        <annotation>
      <rdf:RDF xmlns:rdf="http://www.w3.org/1999/02/22-rdf-syntax-ns#" xmlns:bqmodel="http://biomodels.net/model-qualifiers/" xmlns:bqbiol="http://biomodels.net/biology-qualifiers/">
            <rdf:Description rdf:about="#metaid_0000044">
	<bqbiol:isVersionOf>
	<rdf:Bag>
	<rdf:li rdf:resource="http://identifiers.org/go/GO:0030163"/>
	</rdf:Bag>
	</bqbiol:isVersionOf>
	</rdf:Description>
	
      </rdf:RDF>
    </annotation>
              <listOfReactants>
          <speciesReference metaid="_812091" species="Acs"/>
        </listOfReactants>
        <kineticLaw metaid="_812104">
          <math xmlns="http://www.w3.org/1998/Math/MathML">          
            <apply>
              <times/>
              <ci> compartment </ci>
              <ci> kd </ci>
              <ci> Acs </ci>
            </apply>
          </math>
                </kineticLaw>
      </reaction>
      <reaction id="R_dPta" metaid="metaid_0000045" name="Pta degradation" reversible="false">
        <annotation>
      <rdf:RDF xmlns:rdf="http://www.w3.org/1999/02/22-rdf-syntax-ns#" xmlns:bqmodel="http://biomodels.net/model-qualifiers/" xmlns:bqbiol="http://biomodels.net/biology-qualifiers/">
            <rdf:Description rdf:about="#metaid_0000045">
	<bqbiol:isVersionOf>
	<rdf:Bag>
	<rdf:li rdf:resource="http://identifiers.org/go/GO:0030163"/>
	</rdf:Bag>
	</bqbiol:isVersionOf>
	</rdf:Description>
	
      </rdf:RDF>
    </annotation>
              <listOfReactants>
          <speciesReference metaid="_812116" species="Pta"/>
        </listOfReactants>
        <kineticLaw metaid="_812128">
          <math xmlns="http://www.w3.org/1998/Math/MathML">          
            <apply>
              <times/>
              <ci> compartment </ci>
              <ci> kd </ci>
              <ci> Pta </ci>
            </apply>
          </math>
                </kineticLaw>
      </reaction>
    </listOfReactions>
  </model>
</sbml>