<?xml version='1.0' encoding='UTF-8' standalone='no'?>
<sbml xmlns="http://www.sbml.org/sbml/level2/version4" level="2" metaid="_042589" version="4">
  <model id="BIOMD0000000004" metaid="_000001" name="Goldbeter1991 - Min Mit Oscil, Expl Inact">
    <notes>
      <body xmlns="http://www.w3.org/1999/xhtml">
        <div class="dc:title">Goldbeter1991 - Min Mit Oscil, Expl Inact</div>
            <div class="dc:description">      <p>This model represents the inactive forms of CDC-2 Kinase and Cyclin Protease as separate species, unlike the ODEs in the published paper, in which the equations for the inactive forms are substituted into the equations for the active forms using a mass conservation rule M+MI=1,X+XI=1. Mass is still conserved in this model through the explicit reactions M&lt;->MI and X&lt;->XI. The terms in the kinetic laws are identical to the corresponding terms in the kinetic laws in the published paper.</p>
                </div>
            <div class="dc:provenance">      <p>This model has been generated by MathSBML 2.4.6 (14-January-2005) 14-January-2005 18:37:35.503857.</p>
                </div>
            <div class="dc:bibliographicCitation">      <p>This model is described in the article:</p>
                <div class="bibo:title">        <a href="http://identifiers.org/pubmed/1833774" title="Access to this publication">A minimal cascade model for the mitotic oscillator involving cyclin and cdc2 kinase.</a>
                    </div>
                <div class="bibo:authorList">Goldbeter A.</div>
                <div class="bibo:Journal">Proc. Natl. Acad. Sci. USA 1991 Oct; 88(20):9107-11</div>
                <p>Abstract:</p>
                <div class="bibo:abstract">        <p>A minimal model for the mitotic oscillator is presented. The model, built on recent experimental advances, is based on the cascade of post-translational modification that modulates the activity of cdc2 kinase during the cell cycle. The model pertains to the situation encountered in early amphibian embryos, where the accumulation of cyclin suffices to trigger the onset of mitosis. In the first cycle ofthe bicyclic cascade model, cyclin promotes the activation of cdc2 kinase through reversible dephosphorylation, and in the second cycle, cdc2 kinase activates a cyclin protease by reversible phosphorylation. That cyclin activates cdc2 kinase while the kinase triggers the degradation of cyclin has suggested that oscillations may originate from such a negative feedback loop [Félix, M. A., Labbé, J. C., Dorée, M., Hunt, T. &amp; Karsenti, E. (1990) Nature (London) 346, 379-382]. Thisconjecture is corroborated by the model, which indicates that sustained oscillations of the limit cycle type can arise in the cascade, provided that a threshold exists in the activation of cdc2 kinase by cyclin and in the activation of cyclinproteolysis by cdc2 kinase. The analysis shows how miototic oscillations may readily arise from time lags associated with these thresholds and from the delayed negative feedback provided by cdc2-induced cyclin degradation. A mechanism for theorigin of the thresholds is proposed in terms of the phenomenon of zero-order ultrasensitivity previously described for biochemical systems regulated by covalent modification.</p>
                    </div>
                </div>
            <div class="dc:publisher">      <p>This model is hosted on        <a href="http://www.ebi.ac.uk/biomodels/">BioModels Database</a>
            and identified by:        <a href="http://identifiers.org/biomodels.db/BIOMD0000000004">BIOMD0000000004</a>
            .        </p>
                <p>To cite BioModels Database, please use:        <a href="http://identifiers.org/pubmed/20587024" title="Latest BioModels Database publication">BioModels Database: An enhanced, curated and annotated resource for published quantitative kinetic models</a>
            .        </p>
                </div>
            <div class="dc:license">      <p>To the extent possible under law, all copyright and related or neighbouring rights to this encoded model have been dedicated to the public domain worldwide. Please refer to        <a href="http://creativecommons.org/publicdomain/zero/1.0/" title="Access to: CC0 1.0 Universal (CC0 1.0), Public Domain Dedication">CC0 Public Domain Dedication</a>
            for more information.        </p>
                </div>
            </body>
      
    </notes>
    <annotation>
      <rdf:RDF xmlns:rdf="http://www.w3.org/1999/02/22-rdf-syntax-ns#" xmlns:bqmodel="http://biomodels.net/model-qualifiers/" xmlns:vCard="http://www.w3.org/2001/vcard-rdf/3.0#" xmlns:dc="http://purl.org/dc/elements/1.1/" xmlns:dcterms="http://purl.org/dc/terms/" xmlns:bqbiol="http://biomodels.net/biology-qualifiers/">
        <rdf:Description rdf:about="#_000001">
	<dc:creator>
	<rdf:Bag>
	<rdf:li rdf:parseType="Resource">
	<vCard:N rdf:parseType="Resource">
	<vCard:Family>Shapiro</vCard:Family>
	<vCard:Given>Bruce</vCard:Given>
	</vCard:N>
	<vCard:EMAIL>bshapiro@jpl.nasa.gov</vCard:EMAIL>
	<vCard:ORG rdf:parseType="Resource">
	<vCard:Orgname>NASA Jet Propulsion Laboratory</vCard:Orgname>
	</vCard:ORG>
	</rdf:li>
	</rdf:Bag>
	</dc:creator>
	<dcterms:created rdf:parseType="Resource">
	<dcterms:W3CDTF>2005-02-08T17:34:02Z</dcterms:W3CDTF>
	</dcterms:created>
	<dcterms:modified rdf:parseType="Resource">
	<dcterms:W3CDTF>2012-12-11T15:30:15Z</dcterms:W3CDTF>
	</dcterms:modified>
	<bqmodel:is>
	<rdf:Bag>
	<rdf:li rdf:resource="http://identifiers.org/biomodels.db/MODEL6614389071"/>
	</rdf:Bag>
	</bqmodel:is>
	<bqmodel:is>
	<rdf:Bag>
	<rdf:li rdf:resource="http://identifiers.org/biomodels.db/BIOMD0000000004"/>
	</rdf:Bag>
	</bqmodel:is>
	<bqmodel:isDescribedBy>
	<rdf:Bag>
	<rdf:li rdf:resource="http://identifiers.org/pubmed/1833774"/>
	</rdf:Bag>
	</bqmodel:isDescribedBy>
	<bqmodel:isDerivedFrom>
	<rdf:Bag>
	<rdf:li rdf:resource="http://identifiers.org/biomodels.db/BIOMD0000000003"/>
	</rdf:Bag>
	</bqmodel:isDerivedFrom>
	<bqbiol:isVersionOf>
	<rdf:Bag>
	<rdf:li rdf:resource="http://identifiers.org/kegg.pathway/hsa04110"/>
	<rdf:li rdf:resource="http://identifiers.org/go/GO:0000278"/>
	</rdf:Bag>
	</bqbiol:isVersionOf>
	<bqbiol:isHomologTo>
	<rdf:Bag>
	<rdf:li rdf:resource="http://identifiers.org/reactome/REACT_152"/>
	</rdf:Bag>
	</bqbiol:isHomologTo>
	<bqbiol:hasTaxon>
	<rdf:Bag>
	<rdf:li rdf:resource="http://identifiers.org/taxonomy/8292"/>
	</rdf:Bag>
	</bqbiol:hasTaxon>
	</rdf:Description>
	
      </rdf:RDF>
    </annotation>
      <listOfCompartments>
      <compartment id="cell" metaid="_060591" name="cell" size="1" units="volume">
        <annotation>
          <rdf:RDF xmlns:rdf="http://www.w3.org/1999/02/22-rdf-syntax-ns#" xmlns:bqmodel="http://biomodels.net/model-qualifiers/" xmlns:bqbiol="http://biomodels.net/biology-qualifiers/">
            <rdf:Description rdf:about="#_060591">
	<bqbiol:is>
	<rdf:Bag>
	<rdf:li rdf:resource="http://identifiers.org/go/GO:0005623"/>
	</rdf:Bag>
	</bqbiol:is>
	</rdf:Description>
	
          </rdf:RDF>
        </annotation>
            </compartment>
    </listOfCompartments>
    <listOfSpecies>
      <species compartment="cell" id="C" initialConcentration="0.01" metaid="_060603" name="Cyclin" substanceUnits="substance">
        <annotation>
          <rdf:RDF xmlns:rdf="http://www.w3.org/1999/02/22-rdf-syntax-ns#" xmlns:bqmodel="http://biomodels.net/model-qualifiers/" xmlns:bqbiol="http://biomodels.net/biology-qualifiers/">
            <rdf:Description rdf:about="#_060603">
	<bqbiol:isVersionOf>
	<rdf:Bag>
	<rdf:li rdf:resource="http://identifiers.org/interpro/IPR006670"/>
	</rdf:Bag>
	</bqbiol:isVersionOf>
	</rdf:Description>
	
          </rdf:RDF>
        </annotation>
            </species>
      <species compartment="cell" id="M" initialConcentration="0.01" metaid="_060623" name="Active CDC-2 Kinase" substanceUnits="substance">
        <annotation>
          <rdf:RDF xmlns:rdf="http://www.w3.org/1999/02/22-rdf-syntax-ns#" xmlns:bqmodel="http://biomodels.net/model-qualifiers/" xmlns:bqbiol="http://biomodels.net/biology-qualifiers/">
            <rdf:Description rdf:about="#_060623">
	<bqbiol:hasVersion>
	<rdf:Bag>
	<rdf:li rdf:resource="http://identifiers.org/uniprot/P24033"/>
	<rdf:li rdf:resource="http://identifiers.org/uniprot/P35567"/>
	</rdf:Bag>
	</bqbiol:hasVersion>
	</rdf:Description>
	
          </rdf:RDF>
        </annotation>
            </species>
      <species compartment="cell" id="X" initialConcentration="0.01" metaid="_060643" name="Active Cyclin Protease" substanceUnits="substance"/>
      <species compartment="cell" id="MI" initialConcentration="0.99" metaid="_060663" name="Inactive CDC-2 Kinase" substanceUnits="substance">
        <annotation>
          <rdf:RDF xmlns:rdf="http://www.w3.org/1999/02/22-rdf-syntax-ns#" xmlns:bqmodel="http://biomodels.net/model-qualifiers/" xmlns:bqbiol="http://biomodels.net/biology-qualifiers/">
            <rdf:Description rdf:about="#_060663">
	<bqbiol:hasVersion>
	<rdf:Bag>
	<rdf:li rdf:resource="http://identifiers.org/uniprot/P24033"/>
	<rdf:li rdf:resource="http://identifiers.org/uniprot/P35567"/>
	</rdf:Bag>
	</bqbiol:hasVersion>
	</rdf:Description>
	
          </rdf:RDF>
        </annotation>
            </species>
      <species compartment="cell" id="XI" initialConcentration="0.99" metaid="_060683" name="Inactive Cyclin Protease" substanceUnits="substance"/>
    </listOfSpecies>
    <listOfParameters>
      <parameter constant="false" id="V1" metaid="_873773" name="V1"/>
      <parameter constant="false" id="V3" metaid="_873774" name="V3"/>
      <parameter id="VM1" metaid="_873776" name="VM1" value="3"/>
      <parameter id="VM3" metaid="_873777" name="VM3" value="1"/>
      <parameter id="Kc" metaid="_873778" name="Kc" value="0.5"/>
    </listOfParameters>
    <listOfRules>
      <assignmentRule metaid="rule1" variable="V1">
        <math xmlns="http://www.w3.org/1998/Math/MathML">        
          <apply>
            <times/>
            <ci> C </ci>
            <ci> VM1 </ci>
            <apply>
              <power/>
              <apply>
                <plus/>
                <ci> C </ci>
                <ci> Kc </ci>
              </apply>
              <cn type="integer"> -1 </cn>
            </apply>
          </apply>
        </math>
            </assignmentRule>
      <assignmentRule metaid="rule2" variable="V3">
        <math xmlns="http://www.w3.org/1998/Math/MathML">        
          <apply>
            <times/>
            <ci> M </ci>
            <ci> VM3 </ci>
          </apply>
        </math>
            </assignmentRule>
    </listOfRules>
    <listOfReactions>
      <reaction fast="false" id="reaction1" metaid="_060703" name="creation of cyclin" reversible="false">
        <annotation>
          <rdf:RDF xmlns:rdf="http://www.w3.org/1999/02/22-rdf-syntax-ns#" xmlns:bqmodel="http://biomodels.net/model-qualifiers/" xmlns:bqbiol="http://biomodels.net/biology-qualifiers/">
            <rdf:Description rdf:about="#_060703">
	<bqbiol:isVersionOf>
	<rdf:Bag>
	<rdf:li rdf:resource="http://identifiers.org/go/GO:0006412"/>
	</rdf:Bag>
	</bqbiol:isVersionOf>
	</rdf:Description>
	
          </rdf:RDF>
        </annotation>
              <listOfProducts>
          <speciesReference metaid="_361246" species="C"/>
        </listOfProducts>
        <kineticLaw metaid="_361258">
          <math xmlns="http://www.w3.org/1998/Math/MathML">          
            <apply>
              <times/>
              <ci> cell </ci>
              <ci> vi </ci>
            </apply>
          </math>
                  <listOfParameters>
            <parameter id="vi" metaid="_873755" value="0.025"/>
          </listOfParameters>
        </kineticLaw>
      </reaction>
      <reaction fast="false" id="reaction2" metaid="_060723" name="default degradation of cyclin" reversible="false">
        <annotation>
          <rdf:RDF xmlns:rdf="http://www.w3.org/1999/02/22-rdf-syntax-ns#" xmlns:bqmodel="http://biomodels.net/model-qualifiers/" xmlns:bqbiol="http://biomodels.net/biology-qualifiers/">
            <rdf:Description rdf:about="#_060723">
	<bqbiol:isVersionOf>
	<rdf:Bag>
	<rdf:li rdf:resource="http://identifiers.org/go/GO:0008054"/>
	</rdf:Bag>
	</bqbiol:isVersionOf>
	</rdf:Description>
	
          </rdf:RDF>
        </annotation>
              <listOfReactants>
          <speciesReference metaid="_361270" species="C"/>
        </listOfReactants>
        <kineticLaw metaid="_361282">
          <math xmlns="http://www.w3.org/1998/Math/MathML">          
            <apply>
              <times/>
              <ci> C </ci>
              <ci> cell </ci>
              <ci> kd </ci>
            </apply>
          </math>
                  <listOfParameters>
            <parameter id="kd" metaid="_873757" value="0.01"/>
          </listOfParameters>
        </kineticLaw>
      </reaction>
      <reaction fast="false" id="reaction3" metaid="_060743" name="cdc2 kinase triggered degration of cyclin" reversible="false">
        <annotation>
          <rdf:RDF xmlns:rdf="http://www.w3.org/1999/02/22-rdf-syntax-ns#" xmlns:bqmodel="http://biomodels.net/model-qualifiers/" xmlns:bqbiol="http://biomodels.net/biology-qualifiers/">
            <rdf:Description rdf:about="#_060743">
	<bqbiol:isVersionOf>
	<rdf:Bag>
	<rdf:li rdf:resource="http://identifiers.org/go/GO:0008054"/>
	</rdf:Bag>
	</bqbiol:isVersionOf>
	</rdf:Description>
	
          </rdf:RDF>
        </annotation>
              <listOfReactants>
          <speciesReference metaid="_361294" species="C"/>
        </listOfReactants>
        <listOfModifiers>
          <modifierSpeciesReference metaid="_361307" species="X"/>
        </listOfModifiers>
        <kineticLaw metaid="_361319">
          <math xmlns="http://www.w3.org/1998/Math/MathML">          
            <apply>
              <times/>
              <ci> C </ci>
              <ci> cell </ci>
              <ci> vd </ci>
              <ci> X </ci>
              <apply>
                <power/>
                <apply>
                  <plus/>
                  <ci> C </ci>
                  <ci> Kd </ci>
                </apply>
                <cn type="integer"> -1 </cn>
              </apply>
            </apply>
          </math>
                  <listOfParameters>
            <parameter id="vd" metaid="_873758" value="0.25"/>
            <parameter id="Kd" metaid="_873759" value="0.02"/>
          </listOfParameters>
        </kineticLaw>
      </reaction>
      <reaction fast="false" id="reaction4" metaid="_060763" name="activation of cdc2 kinase" reversible="false">
        <annotation>
          <rdf:RDF xmlns:rdf="http://www.w3.org/1999/02/22-rdf-syntax-ns#" xmlns:bqmodel="http://biomodels.net/model-qualifiers/" xmlns:bqbiol="http://biomodels.net/biology-qualifiers/">
            <rdf:Description rdf:about="#_060763">
	<bqbiol:isVersionOf>
	<rdf:Bag>
	<rdf:li rdf:resource="http://identifiers.org/ec-code/3.1.3.16"/>
	<rdf:li rdf:resource="http://identifiers.org/go/GO:0045737"/>
	<rdf:li rdf:resource="http://identifiers.org/go/GO:0006470"/>
	</rdf:Bag>
	</bqbiol:isVersionOf>
	</rdf:Description>
	
          </rdf:RDF>
        </annotation>
              <listOfReactants>
          <speciesReference metaid="_361332" species="MI"/>
        </listOfReactants>
        <listOfProducts>
          <speciesReference metaid="_361344" species="M"/>
        </listOfProducts>
        <kineticLaw metaid="_361356">
          <math xmlns="http://www.w3.org/1998/Math/MathML">          
            <apply>
              <times/>
              <ci> cell </ci>
              <ci> MI </ci>
              <ci> V1 </ci>
              <apply>
                <power/>
                <apply>
                  <plus/>
                  <ci> K1 </ci>
                  <ci> MI </ci>
                </apply>
                <cn type="integer"> -1 </cn>
              </apply>
            </apply>
          </math>
                  <listOfParameters>
            <parameter id="K1" metaid="_873760" value="0.005"/>
          </listOfParameters>
        </kineticLaw>
      </reaction>
      <reaction fast="false" id="reaction5" metaid="_060783" name="deactivation of cdc2 kinase" reversible="false">
        <annotation>
          <rdf:RDF xmlns:rdf="http://www.w3.org/1999/02/22-rdf-syntax-ns#" xmlns:bqmodel="http://biomodels.net/model-qualifiers/" xmlns:bqbiol="http://biomodels.net/biology-qualifiers/">
            <rdf:Description rdf:about="#_060783">
	<bqbiol:isVersionOf>
	<rdf:Bag>
	<rdf:li rdf:resource="http://identifiers.org/ec-code/2.7.10.2"/>
	<rdf:li rdf:resource="http://identifiers.org/go/GO:0045736"/>
	<rdf:li rdf:resource="http://identifiers.org/go/GO:0006468"/>
	</rdf:Bag>
	</bqbiol:isVersionOf>
	</rdf:Description>
	
          </rdf:RDF>
        </annotation>
              <listOfReactants>
          <speciesReference metaid="_361368" species="M"/>
        </listOfReactants>
        <listOfProducts>
          <speciesReference metaid="_361380" species="MI"/>
        </listOfProducts>
        <kineticLaw metaid="_361392">
          <math xmlns="http://www.w3.org/1998/Math/MathML">          
            <apply>
              <times/>
              <ci> cell </ci>
              <ci> M </ci>
              <ci> V2 </ci>
              <apply>
                <power/>
                <apply>
                  <plus/>
                  <ci> K2 </ci>
                  <ci> M </ci>
                </apply>
                <cn type="integer"> -1 </cn>
              </apply>
            </apply>
          </math>
                  <listOfParameters>
            <parameter id="V2" metaid="_873761" value="1.5"/>
            <parameter id="K2" metaid="_873762" value="0.005"/>
          </listOfParameters>
        </kineticLaw>
      </reaction>
      <reaction fast="false" id="reaction6" metaid="_060803" name="activation of cyclin protease" reversible="false">
        <listOfReactants>
          <speciesReference metaid="_361404" species="XI"/>
        </listOfReactants>
        <listOfProducts>
          <speciesReference metaid="_361416" species="X"/>
        </listOfProducts>
        <kineticLaw metaid="_361428">
          <math xmlns="http://www.w3.org/1998/Math/MathML">          
            <apply>
              <times/>
              <ci> cell </ci>
              <ci> V3 </ci>
              <ci> XI </ci>
              <apply>
                <power/>
                <apply>
                  <plus/>
                  <ci> K3 </ci>
                  <ci> XI </ci>
                </apply>
                <cn type="integer"> -1 </cn>
              </apply>
            </apply>
          </math>
                  <listOfParameters>
            <parameter id="K3" metaid="_873763" value="0.005"/>
          </listOfParameters>
        </kineticLaw>
      </reaction>
      <reaction fast="false" id="reaction7" metaid="_060823" name="deactivation of cyclin protease" reversible="false">
        <listOfReactants>
          <speciesReference metaid="_361440" species="X"/>
        </listOfReactants>
        <listOfProducts>
          <speciesReference metaid="_361452" species="XI"/>
        </listOfProducts>
        <kineticLaw metaid="_361464">
          <math xmlns="http://www.w3.org/1998/Math/MathML">          
            <apply>
              <times/>
              <ci> cell </ci>
              <ci> V4 </ci>
              <ci> X </ci>
              <apply>
                <power/>
                <apply>
                  <plus/>
                  <ci> K4 </ci>
                  <ci> X </ci>
                </apply>
                <cn type="integer"> -1 </cn>
              </apply>
            </apply>
          </math>
                  <listOfParameters>
            <parameter id="K4" metaid="_873765" value="0.005"/>
            <parameter id="V4" metaid="_873768" value="0.5"/>
          </listOfParameters>
        </kineticLaw>
      </reaction>
    </listOfReactions>
  </model>
</sbml>