<?xml version='1.0' encoding='UTF-8' standalone='no'?>
<sbml xmlns="http://www.sbml.org/sbml/level2/version4" level="2" metaid="_18c7b4df-12f7-4d51-886d-d2db4e4b892c" version="4">
  <model id="MODEL1403110000" metaid="a4603078-c536-40bf-aff0-33f328fb5fa3" name="Muraro2014 - Vascular patterning in Arabidopsis roots">
    <notes>
      <body xmlns="http://www.w3.org/1999/xhtml">
        <div class="dc:title">Muraro2014 - Vascular patterning in Arabidopsis roots</div>
            <div class="dc:description">      <p>Using a multicellular model, maintanence of vascular patterning in Arabidopsis roots has been studied. The model that is provided here is the single-cell version of the model. The two-cell and multicellular models described in the paper can be downloaded as python scripts (follow the curation tab to get these files).</p>
                </div>
            <div class="dc:bibliographicCitation">      <p>This model is described in the article:</p>
                <div class="bibo:title">        <a href="http://identifiers.org/pubmed/24381155" title="Access to this publication">Integration of hormonal signaling networks and mobile microRNAs is required for vascular patterning in Arabidopsis roots.</a>
                    </div>
                <div class="bibo:authorList">Muraro D, Mellor N, Pound MP, Help H, Lucas M, Chopard J, Byrne HM, Godin C, Hodgman TC, King JR, Pridmore TP, Helariutta Y, Bennett MJ, Bishopp A.</div>
                <div class="bibo:Journal">Proc Natl Acad Sci U S A. 2014 Jan 14;111(2):857-62.</div>
                <p>Abstract:</p>
                <div class="bibo:abstract">        <p>As multicellular organisms grow, positional information is continually needed to regulate the pattern in which cells are arranged. In the Arabidopsis root, most cell types are organized in a radially symmetric pattern; however, a symmetry-breaking event generates bisymmetric auxin and cytokinin signaling domains in the stele. Bidirectional cross-talk between the stele and the surrounding tissues involving a mobile transcription factor, SHORT ROOT (SHR), and mobile microRNA species also determines vascular pattern, but it is currently unclear how these signals integrate. We use a multicellular model to determine a minimal set of components necessary for maintaining a stable vascular pattern. Simulations perturbing the signaling network show that, in addition to the mutually inhibitory interaction between auxin and cytokinin, signaling through SHR, microRNA165/6, and PHABULOSA is required to maintain a stable bisymmetric pattern. We have verified this prediction by observing loss of bisymmetry in shr mutants. The model reveals the importance of several features of the network, namely the mutual degradation of microRNA165/6 and PHABULOSA and the existence of an additional negative regulator of cytokinin signaling. These components form a plausible mechanism capable of patterning vascular tissues in the absence of positional inputs provided by the transport of hormones from the shoot.</p>
                    </div>
                </div>
            <div class="dc:publisher">      <p>This model is hosted on        <a href="http://www.ebi.ac.uk/biomodels/">BioModels Database</a>
            and identified
by:        <a href="http://identifiers.org/biomodels.db/BIOMD0000000522">BIOMD0000000522</a>
            .        </p>
                <p>To cite BioModels Database, please use:        <a href="http://identifiers.org/pubmed/20587024" title="Latest BioModels Database publication">BioModels Database: An enhanced, curated and annotated resource
for published quantitative kinetic models</a>
            .        </p>
                </div>
            <div class="dc:license">      <p>To the extent possible under law, all copyright and related or
neighbouring rights to this encoded model have been dedicated to the public
domain worldwide. Please refer to        <a href="http://creativecommons.org/publicdomain/zero/1.0/" title="Access to: CC0 1.0 Universal (CC0 1.0), Public Domain Dedication">CC0 Public Domain
Dedication</a>
            for more information.        </p>
                </div>
            </body>
      
    </notes>
    <annotation>
      <rdf:RDF xmlns:rdf="http://www.w3.org/1999/02/22-rdf-syntax-ns#" xmlns:bqmodel="http://biomodels.net/model-qualifiers/" xmlns:vCard="http://www.w3.org/2001/vcard-rdf/3.0#" xmlns:dc="http://purl.org/dc/elements/1.1/" xmlns:dcterms="http://purl.org/dc/terms/" xmlns:bqbiol="http://biomodels.net/biology-qualifiers/">
        <rdf:Description rdf:about="#a4603078-c536-40bf-aff0-33f328fb5fa3">
	<dc:creator>
	<rdf:Bag>
	<rdf:li rdf:parseType="Resource">
	<vCard:N rdf:parseType="Resource">
	<vCard:Family>Chelliah</vCard:Family>
	<vCard:Given>Vijayalakshmi</vCard:Given>
	</vCard:N>
	<vCard:EMAIL>viji@ebi.ac.uk</vCard:EMAIL>
	<vCard:ORG rdf:parseType="Resource">
	<vCard:Orgname>EMBL-EBI</vCard:Orgname>
	</vCard:ORG>
	</rdf:li>
	
	<rdf:li rdf:parseType="Resource">
	<vCard:N rdf:parseType="Resource">
	<vCard:Family>Mellor</vCard:Family>
	<vCard:Given>Nathan</vCard:Given>
	</vCard:N>
	<vCard:EMAIL>Nathan.Mellor@nottingham.ac.uk</vCard:EMAIL>
	<vCard:ORG rdf:parseType="Resource">
	<vCard:Orgname>Centre for Plant Integrative Biology, School of Biosciences, University of Nottingham, Loughborough LE12 5RD, United Kingdom</vCard:Orgname>
	</vCard:ORG>
	</rdf:li>
	<rdf:li rdf:parseType="Resource">
	<vCard:N rdf:parseType="Resource">
	<vCard:Family>Muraro</vCard:Family>
	<vCard:Given>Daniele</vCard:Given>
	</vCard:N>
	<vCard:EMAIL>daniele.muraro@ndm.ox.ac.uk</vCard:EMAIL>
	<vCard:ORG rdf:parseType="Resource">
	<vCard:Orgname>Centre for Plant Integrative Biology, School of Biosciences, University of Nottingham, Loughborough LE12 5RD, United Kingdom</vCard:Orgname>
	</vCard:ORG>
	</rdf:li>
	</rdf:Bag>
	</dc:creator>
	<dcterms:created rdf:parseType="Resource">
	<dcterms:W3CDTF>2014-03-11T15:56:38Z</dcterms:W3CDTF>
	</dcterms:created>
	<dcterms:modified rdf:parseType="Resource">
	<dcterms:W3CDTF>2014-03-12T12:15:07Z</dcterms:W3CDTF>
	</dcterms:modified>
	<bqmodel:is>
	<rdf:Bag>
	<rdf:li rdf:resource="http://identifiers.org/biomodels.db/MODEL1403110000"/>
	</rdf:Bag>
	</bqmodel:is>
	<bqmodel:is>
	<rdf:Bag>
	<rdf:li rdf:resource="http://identifiers.org/biomodels.db/BIOMD0000000522"/>
	</rdf:Bag>
	</bqmodel:is>
	<bqmodel:isDescribedBy>
	<rdf:Bag>
	<rdf:li rdf:resource="http://identifiers.org/pubmed/24381155"/>
	</rdf:Bag>
	</bqmodel:isDescribedBy>
	<bqbiol:isVersionOf>
	<rdf:Bag>
	<rdf:li rdf:resource="http://identifiers.org/go/GO:0010051"/>
	</rdf:Bag>
	</bqbiol:isVersionOf>
	<bqbiol:hasTaxon>
	<rdf:Bag>
	<rdf:li rdf:resource="http://identifiers.org/taxonomy/3701"/>
	</rdf:Bag>
	</bqbiol:hasTaxon>
	<bqbiol:hasProperty>
	<rdf:Bag>
	<rdf:li rdf:resource="http://identifiers.org/mamo/MAMO_0000046"/>
	</rdf:Bag>
	</bqbiol:hasProperty>
	</rdf:Description>
	
      </rdf:RDF>
    </annotation>
      <listOfCompartments>
      <compartment constant="true" id="compartment" metaid="_0073e58c-5730-4354-8901-449af51e0746" name="compartment" sboTerm="SBO:0000290" size="1" spatialDimensions="3">
        <annotation>
          <rdf:RDF xmlns:rdf="http://www.w3.org/1999/02/22-rdf-syntax-ns#" xmlns:bqmodel="http://biomodels.net/model-qualifiers/" xmlns:bqbiol="http://biomodels.net/biology-qualifiers/">
            <rdf:Description rdf:about="#_0073e58c-5730-4354-8901-449af51e0746">
	<bqbiol:isVersionOf>
	<rdf:Bag>
	<rdf:li rdf:resource="http://identifiers.org/go/GO:0005623"/>
	</rdf:Bag>
	</bqbiol:isVersionOf>
	</rdf:Description>
	
          </rdf:RDF>
        </annotation>
            </compartment>
    </listOfCompartments>
    <listOfSpecies>
      <species boundaryCondition="false" compartment="compartment" constant="false" hasOnlySubstanceUnits="false" id="Auxin" initialConcentration="0" metaid="c6c6b997-301f-42b7-9a10-e8bdc53547e5" name="Auxin">
        <annotation>
          <rdf:RDF xmlns:rdf="http://www.w3.org/1999/02/22-rdf-syntax-ns#" xmlns:bqmodel="http://biomodels.net/model-qualifiers/" xmlns:bqbiol="http://biomodels.net/biology-qualifiers/">
            <rdf:Description rdf:about="#c6c6b997-301f-42b7-9a10-e8bdc53547e5">
	<bqbiol:isVersionOf>
	<rdf:Bag>
	<rdf:li rdf:resource="http://identifiers.org/uniprot/Q96247"/>
	</rdf:Bag>
	</bqbiol:isVersionOf>
	</rdf:Description>
	
          </rdf:RDF>
        </annotation>
            </species>
      <species boundaryCondition="false" compartment="compartment" constant="false" hasOnlySubstanceUnits="false" id="Cytokinin" initialConcentration="0" metaid="_4caeaaa2-0a2c-4118-b08d-1bdda0467001" name="Cytokinin">
        <annotation>
          <rdf:RDF xmlns:rdf="http://www.w3.org/1999/02/22-rdf-syntax-ns#" xmlns:bqmodel="http://biomodels.net/model-qualifiers/" xmlns:bqbiol="http://biomodels.net/biology-qualifiers/">
            <rdf:Description rdf:about="#_4caeaaa2-0a2c-4118-b08d-1bdda0467001">
	<bqbiol:isVersionOf>
	<rdf:Bag>
	<rdf:li rdf:resource="http://identifiers.org/chebi/CHEBI:23530"/>
	</rdf:Bag>
	</bqbiol:isVersionOf>
	</rdf:Description>
	
          </rdf:RDF>
        </annotation>
            </species>
      <species boundaryCondition="false" compartment="compartment" constant="false" hasOnlySubstanceUnits="false" id="AHP6m" initialConcentration="0" metaid="_36f01dd1-ea4a-458b-ae99-0be01f8dd1d8" name="AHP6m">
        <annotation>
          <rdf:RDF xmlns:rdf="http://www.w3.org/1999/02/22-rdf-syntax-ns#" xmlns:bqmodel="http://biomodels.net/model-qualifiers/" xmlns:bqbiol="http://biomodels.net/biology-qualifiers/">
            <rdf:Description rdf:about="#_36f01dd1-ea4a-458b-ae99-0be01f8dd1d8">
	<bqbiol:encodes>
	<rdf:Bag>
	<rdf:li rdf:resource="http://identifiers.org/uniprot/Q9SSC9"/>
	</rdf:Bag>
	</bqbiol:encodes>
	</rdf:Description>
	
          </rdf:RDF>
        </annotation>
            </species>
      <species boundaryCondition="false" compartment="compartment" constant="false" hasOnlySubstanceUnits="false" id="AHP6p" initialConcentration="0" metaid="_24d604ab-ca99-40c4-bc80-8de2e63a2a22" name="AHP6p">
        <annotation>
          <rdf:RDF xmlns:rdf="http://www.w3.org/1999/02/22-rdf-syntax-ns#" xmlns:bqmodel="http://biomodels.net/model-qualifiers/" xmlns:bqbiol="http://biomodels.net/biology-qualifiers/">
            <rdf:Description rdf:about="#_24d604ab-ca99-40c4-bc80-8de2e63a2a22">
	<bqbiol:isVersionOf>
	<rdf:Bag>
	<rdf:li rdf:resource="http://identifiers.org/uniprot/Q9SSC9"/>
	</rdf:Bag>
	</bqbiol:isVersionOf>
	</rdf:Description>
	
          </rdf:RDF>
        </annotation>
            </species>
      <species boundaryCondition="false" compartment="compartment" constant="false" hasOnlySubstanceUnits="false" id="IAA2m" initialConcentration="0" metaid="d55ecabd-2f4b-44a1-9a80-23ae1205a96e" name="IAA2m">
        <annotation>
          <rdf:RDF xmlns:rdf="http://www.w3.org/1999/02/22-rdf-syntax-ns#" xmlns:bqmodel="http://biomodels.net/model-qualifiers/" xmlns:bqbiol="http://biomodels.net/biology-qualifiers/">
            <rdf:Description rdf:about="#d55ecabd-2f4b-44a1-9a80-23ae1205a96e">
	<bqbiol:encodes>
	<rdf:Bag>
	<rdf:li rdf:resource="http://identifiers.org/uniprot/P49678"/>
	</rdf:Bag>
	</bqbiol:encodes>
	</rdf:Description>
	
          </rdf:RDF>
        </annotation>
            </species>
      <species boundaryCondition="false" compartment="compartment" constant="false" hasOnlySubstanceUnits="false" id="IAA2p" initialConcentration="0" metaid="bd9c0906-dd25-443d-9a27-83f20c06231b" name="IAA2p">
        <annotation>
          <rdf:RDF xmlns:rdf="http://www.w3.org/1999/02/22-rdf-syntax-ns#" xmlns:bqmodel="http://biomodels.net/model-qualifiers/" xmlns:bqbiol="http://biomodels.net/biology-qualifiers/">
            <rdf:Description rdf:about="#bd9c0906-dd25-443d-9a27-83f20c06231b">
	<bqbiol:isVersionOf>
	<rdf:Bag>
	<rdf:li rdf:resource="http://identifiers.org/uniprot/P49678"/>
	</rdf:Bag>
	</bqbiol:isVersionOf>
	</rdf:Description>
	
          </rdf:RDF>
        </annotation>
            </species>
      <species boundaryCondition="false" compartment="compartment" constant="false" hasOnlySubstanceUnits="false" id="ARR5m" initialConcentration="0" metaid="_9ab7da43-83d9-48bc-a7af-6a39134aa98e" name="ARR5m">
        <annotation>
          <rdf:RDF xmlns:rdf="http://www.w3.org/1999/02/22-rdf-syntax-ns#" xmlns:bqmodel="http://biomodels.net/model-qualifiers/" xmlns:bqbiol="http://biomodels.net/biology-qualifiers/">
            <rdf:Description rdf:about="#_9ab7da43-83d9-48bc-a7af-6a39134aa98e">
	<bqbiol:encodes>
	<rdf:Bag>
	<rdf:li rdf:resource="http://identifiers.org/uniprot/Q9SB04"/>
	</rdf:Bag>
	</bqbiol:encodes>
	</rdf:Description>
	
          </rdf:RDF>
        </annotation>
            </species>
      <species boundaryCondition="false" compartment="compartment" constant="false" hasOnlySubstanceUnits="false" id="ARR5p" initialConcentration="0" metaid="_45b826b4-3731-4e56-961c-b2f52375f75d" name="ARR5p">
        <annotation>
          <rdf:RDF xmlns:rdf="http://www.w3.org/1999/02/22-rdf-syntax-ns#" xmlns:bqmodel="http://biomodels.net/model-qualifiers/" xmlns:bqbiol="http://biomodels.net/biology-qualifiers/">
            <rdf:Description rdf:about="#_45b826b4-3731-4e56-961c-b2f52375f75d">
	<bqbiol:isVersionOf>
	<rdf:Bag>
	<rdf:li rdf:resource="http://identifiers.org/uniprot/Q9SB04"/>
	</rdf:Bag>
	</bqbiol:isVersionOf>
	</rdf:Description>
	
          </rdf:RDF>
        </annotation>
            </species>
      <species boundaryCondition="false" compartment="compartment" constant="false" hasOnlySubstanceUnits="false" id="PHBm" initialConcentration="0" metaid="_601d0dc8-9798-48ef-947f-aec09ec6edfd" name="PHBm">
        <annotation>
          <rdf:RDF xmlns:rdf="http://www.w3.org/1999/02/22-rdf-syntax-ns#" xmlns:bqmodel="http://biomodels.net/model-qualifiers/" xmlns:bqbiol="http://biomodels.net/biology-qualifiers/">
            <rdf:Description rdf:about="#_601d0dc8-9798-48ef-947f-aec09ec6edfd">
	<bqbiol:encodes>
	<rdf:Bag>
	<rdf:li rdf:resource="http://identifiers.org/uniprot/O04291"/>
	</rdf:Bag>
	</bqbiol:encodes>
	</rdf:Description>
	
          </rdf:RDF>
        </annotation>
            </species>
      <species boundaryCondition="false" compartment="compartment" constant="false" hasOnlySubstanceUnits="false" id="PHBp" initialConcentration="0" metaid="_1734e4ae-3ccf-40bd-ad20-f0dbdc9fe55d" name="PHBp">
        <annotation>
          <rdf:RDF xmlns:rdf="http://www.w3.org/1999/02/22-rdf-syntax-ns#" xmlns:bqmodel="http://biomodels.net/model-qualifiers/" xmlns:bqbiol="http://biomodels.net/biology-qualifiers/">
            <rdf:Description rdf:about="#_1734e4ae-3ccf-40bd-ad20-f0dbdc9fe55d">
	<bqbiol:isVersionOf>
	<rdf:Bag>
	<rdf:li rdf:resource="http://identifiers.org/uniprot/O04291"/>
	</rdf:Bag>
	</bqbiol:isVersionOf>
	</rdf:Description>
	
          </rdf:RDF>
        </annotation>
            </species>
      <species boundaryCondition="false" compartment="compartment" constant="false" hasOnlySubstanceUnits="false" id="CKX3m" initialConcentration="0" metaid="_3a18f8d1-9e51-40a7-a2ed-48c8a4db5170" name="CKX3m">
        <annotation>
          <rdf:RDF xmlns:rdf="http://www.w3.org/1999/02/22-rdf-syntax-ns#" xmlns:bqmodel="http://biomodels.net/model-qualifiers/" xmlns:bqbiol="http://biomodels.net/biology-qualifiers/">
            <rdf:Description rdf:about="#_3a18f8d1-9e51-40a7-a2ed-48c8a4db5170">
	<bqbiol:encodes>
	<rdf:Bag>
	<rdf:li rdf:resource="http://identifiers.org/uniprot/Q9LTS3"/>
	</rdf:Bag>
	</bqbiol:encodes>
	</rdf:Description>
	
          </rdf:RDF>
        </annotation>
            </species>
      <species boundaryCondition="false" compartment="compartment" constant="false" hasOnlySubstanceUnits="false" id="CKX3p" initialConcentration="0" metaid="_7b857ac9-b58c-432e-9222-a5d3de08e0f1" name="CKX3p">
        <annotation>
          <rdf:RDF xmlns:rdf="http://www.w3.org/1999/02/22-rdf-syntax-ns#" xmlns:bqmodel="http://biomodels.net/model-qualifiers/" xmlns:bqbiol="http://biomodels.net/biology-qualifiers/">
            <rdf:Description rdf:about="#_7b857ac9-b58c-432e-9222-a5d3de08e0f1">
	<bqbiol:isVersionOf>
	<rdf:Bag>
	<rdf:li rdf:resource="http://identifiers.org/uniprot/Q9LTS3"/>
	</rdf:Bag>
	</bqbiol:isVersionOf>
	</rdf:Description>
	
          </rdf:RDF>
        </annotation>
            </species>
      <species boundaryCondition="false" compartment="compartment" constant="false" hasOnlySubstanceUnits="false" id="PIN3m" initialConcentration="0" metaid="_8ed6c0c8-7b63-4a78-bd76-b4f9c8f218e1" name="PIN3m">
        <annotation>
          <rdf:RDF xmlns:rdf="http://www.w3.org/1999/02/22-rdf-syntax-ns#" xmlns:bqmodel="http://biomodels.net/model-qualifiers/" xmlns:bqbiol="http://biomodels.net/biology-qualifiers/">
            <rdf:Description rdf:about="#_8ed6c0c8-7b63-4a78-bd76-b4f9c8f218e1">
	<bqbiol:encodes>
	<rdf:Bag>
	<rdf:li rdf:resource="http://identifiers.org/uniprot/Q9S7Z8"/>
	</rdf:Bag>
	</bqbiol:encodes>
	</rdf:Description>
	
          </rdf:RDF>
        </annotation>
            </species>
      <species boundaryCondition="false" compartment="compartment" constant="false" hasOnlySubstanceUnits="false" id="PIN1m" initialConcentration="0" metaid="c171ef28-2121-4390-8231-806937d4f3b1" name="PIN1m">
        <annotation>
          <rdf:RDF xmlns:rdf="http://www.w3.org/1999/02/22-rdf-syntax-ns#" xmlns:bqmodel="http://biomodels.net/model-qualifiers/" xmlns:bqbiol="http://biomodels.net/biology-qualifiers/">
            <rdf:Description rdf:about="#c171ef28-2121-4390-8231-806937d4f3b1">
	<bqbiol:encodes>
	<rdf:Bag>
	<rdf:li rdf:resource="http://identifiers.org/uniprot/Q9SL42"/>
	</rdf:Bag>
	</bqbiol:encodes>
	</rdf:Description>
	
          </rdf:RDF>
        </annotation>
            </species>
      <species boundaryCondition="false" compartment="compartment" constant="false" hasOnlySubstanceUnits="false" id="PIN7m" initialConcentration="0" metaid="_32cc79cd-541b-458f-87f9-ad6fc1e92eea" name="PIN7m">
        <annotation>
          <rdf:RDF xmlns:rdf="http://www.w3.org/1999/02/22-rdf-syntax-ns#" xmlns:bqmodel="http://biomodels.net/model-qualifiers/" xmlns:bqbiol="http://biomodels.net/biology-qualifiers/">
            <rdf:Description rdf:about="#_32cc79cd-541b-458f-87f9-ad6fc1e92eea">
	<bqbiol:encodes>
	<rdf:Bag>
	<rdf:li rdf:resource="http://identifiers.org/uniprot/Q940Y5"/>
	</rdf:Bag>
	</bqbiol:encodes>
	</rdf:Description>
	
          </rdf:RDF>
        </annotation>
            </species>
      <species boundaryCondition="false" compartment="compartment" constant="false" hasOnlySubstanceUnits="false" id="miRNA" initialConcentration="0" metaid="a5f84219-d399-4b81-ba06-6d1cdfbe2819" name="miRNA">
        <annotation>
          <rdf:RDF xmlns:rdf="http://www.w3.org/1999/02/22-rdf-syntax-ns#" xmlns:bqmodel="http://biomodels.net/model-qualifiers/" xmlns:bqbiol="http://biomodels.net/biology-qualifiers/">
            <rdf:Description rdf:about="#a5f84219-d399-4b81-ba06-6d1cdfbe2819">
	<bqbiol:isVersionOf>
	<rdf:Bag>
	<rdf:li rdf:resource="http://identifiers.org/sbo/SBO:0000316"/>
	</rdf:Bag>
	</bqbiol:isVersionOf>
	</rdf:Description>
	
          </rdf:RDF>
        </annotation>
            </species>
    </listOfSpecies>
    <listOfParameters>
      <parameter constant="false" id="F_AHP6" metaid="_90506d81-7f11-4ccc-8b63-e09dcffede62" name="F_AHP6" value="0"/>
      <parameter constant="false" id="F_CK" metaid="bba06927-8a8f-44e5-87c7-f904fd25af6e" name="F_CK" value="0"/>
      <parameter constant="false" id="F_IAA2" metaid="_7f92a238-e969-4c41-8951-cd7a912ef9ac" name="F_IAA2" value="0"/>
      <parameter constant="false" id="F_ARR5" metaid="cdddd478-4d0c-41bb-aacc-b701a3b15fbd" name="F_ARR5" value="0"/>
      <parameter constant="false" id="F_PIN1" metaid="_883fa957-bdbd-4178-809f-c4ea2f63d127" name="F_PIN1" value="0"/>
      <parameter constant="false" id="F_PIN7" metaid="b12b6457-3699-477b-8205-b78d02771fc7" name="F_PIN7" value="0"/>
      <parameter constant="false" id="F_PIN3" metaid="_2aff0ab0-21eb-4d7a-9f96-b0c095672a5c" name="F_PIN3" value="0"/>
      <parameter constant="true" id="p_ax" metaid="_15aab216-4eb4-478e-9ba4-bba784e98a2c" name="p_ax" value="0.06"/>
      <parameter constant="true" id="p_ck" metaid="f4beab05-ee67-413a-a9e7-f5eb8a7c793f" name="p_ck" value="2"/>
      <parameter constant="true" id="d_ax" metaid="_7a7a6e41-f5f4-479d-bbdf-e1e548cc75fc" name="d_ax" value="1"/>
      <parameter constant="true" id="d_ck" metaid="a011d082-0954-4090-adc1-131d5b9644c2" name="d_ck" value="10"/>
      <parameter constant="true" id="phloem_rate_ax" metaid="_55e8471e-fbc0-474d-8990-b443897ae830" name="phloem_rate_ax" value="1"/>
      <parameter constant="true" id="all_section_rate_ax" metaid="_94acd3b9-d3e0-4fff-a7a9-5a9cdd484a05" name="all_section_rate_ax" value="1"/>
      <parameter constant="true" id="phloem_rate_ck" metaid="c2ec754e-1ce4-469d-bff7-fa678ee068db" name="phloem_rate_ck" value="1"/>
      <parameter constant="true" id="all_section_rate_ck" metaid="_3fcfb98f-7f99-4f5c-9925-9d4a42fe4e3a" name="all_section_rate_ck" value="1"/>
      <parameter constant="true" id="lambda_AHP6" metaid="_158f90fc-e889-41e4-8581-8393882bf4da" name="lambda_AHP6" value="2"/>
      <parameter constant="true" id="lambda_IAA2" metaid="_4e7dd5c2-6efe-432a-9f97-6f0bf2ba7dc1" name="lambda_IAA2" value="10"/>
      <parameter constant="true" id="lambda_ARR5" metaid="_3cc873b7-43c2-4064-9050-4d3ce1acaa9d" name="lambda_ARR5" value="20"/>
      <parameter constant="true" id="lambda_PIN1" metaid="_7c1c8043-7862-43d5-807e-150e41e0c760" name="lambda_PIN1" value="0"/>
      <parameter constant="true" id="lambda_PIN3" metaid="_14efbca5-83f2-44fa-ba69-d5f1a309e4be" name="lambda_PIN3" value="0"/>
      <parameter constant="true" id="lambda_PIN7" metaid="bc147851-f463-4e9f-8806-4855a124b4b7" name="lambda_PIN7" value="1"/>
      <parameter constant="true" id="mu_m_PHB" metaid="_3facd60d-2f1d-492f-8251-9c6321678838" name="mu_m_PHB" value="1"/>
      <parameter constant="true" id="mu_m_AHP6" metaid="_922bf86d-dfad-48f2-b17a-5e15a53d443b" name="mu_m_AHP6" value="1"/>
      <parameter constant="true" id="mu_m_IAA2" metaid="_37629e77-3698-4b67-91dc-d619a1a8a12d" name="mu_m_IAA2" value="10"/>
      <parameter constant="true" id="mu_m_ARR5" metaid="_6a6da112-7e59-404a-8e79-5b3213b548c4" name="mu_m_ARR5" value="10"/>
      <parameter constant="true" id="mu_m_PIN1" metaid="aadd1d89-30b4-446b-b959-d25d5e253f9b" name="mu_m_PIN1" value="0"/>
      <parameter constant="true" id="mu_m_PIN3" metaid="_9c8ceb39-a25c-4687-ad8a-55e41c0e1584" name="mu_m_PIN3" value="0"/>
      <parameter constant="true" id="mu_m_PIN7" metaid="fd932a5a-9dbf-4f4c-9ccf-eb773fe5cd96" name="mu_m_PIN7" value="1"/>
      <parameter constant="true" id="delta_PHB" metaid="_18525267-f527-4c38-966e-176d390d520b" name="delta_PHB" value="1"/>
      <parameter constant="true" id="delta_AHP6" metaid="_4d711819-b16b-496b-9838-124faf69aa79" name="delta_AHP6" value="1"/>
      <parameter constant="true" id="delta_IAA2" metaid="_399d8880-efa6-441b-a3c3-cbcbe6028ac4" name="delta_IAA2" value="10"/>
      <parameter constant="true" id="delta_ARR5" metaid="ee8541f6-200f-4243-a350-f578f7abf6bf" name="delta_ARR5" value="10"/>
      <parameter constant="true" id="delta_PIN1" metaid="_7232f4e2-8c59-4d6d-a499-223e4c507675" name="delta_PIN1" value="0"/>
      <parameter constant="true" id="delta_PIN3" metaid="_7ecdae34-9c09-4b07-a833-5db103a4921f" name="delta_PIN3" value="0"/>
      <parameter constant="true" id="delta_PIN7" metaid="a13566d4-1d8b-4d3b-8d10-67374b4c8b8c" name="delta_PIN7" value="5"/>
      <parameter constant="true" id="delta_CKX3" metaid="_009f1352-3bed-47dd-a0ce-7a9f283f9a13" name="delta_CKX3" value="1"/>
      <parameter constant="true" id="mu_p_PHB" metaid="c07a8a26-7c09-41fa-9cc0-0f1c4a76ed1c" name="mu_p_PHB" value="1"/>
      <parameter constant="true" id="mu_p_AHP6" metaid="_1a23737f-58aa-4c73-a86f-37737897975b" name="mu_p_AHP6" value="1"/>
      <parameter constant="true" id="mu_p_IAA2" metaid="bddd3a80-d2af-4253-b911-1894e5de9b1c" name="mu_p_IAA2" value="10"/>
      <parameter constant="true" id="mu_p_ARR5" metaid="_6d09236b-2c4a-494c-b870-1a3b8597ad52" name="mu_p_ARR5" value="10"/>
      <parameter constant="true" id="mu_p_PIN1" metaid="b9e45310-6c7c-4d2c-96e3-2b0582be0c91" name="mu_p_PIN1" value="0"/>
      <parameter constant="true" id="mu_p_PIN3" metaid="_6a9d0134-60ee-4c71-a394-22a1b72f0590" name="mu_p_PIN3" value="0"/>
      <parameter constant="true" id="mu_p_PIN7" metaid="_72c04908-3704-48cb-90aa-fe952b54d41e" name="mu_p_PIN7" value="1"/>
      <parameter constant="true" id="mu_p_CKX3" metaid="c47f4273-9e72-49e3-8984-9e81707e31cc" name="mu_p_CKX3" value="1"/>
      <parameter constant="true" id="theta_Ax" metaid="_4340b62b-9742-4787-9f64-207c28f7c41a" name="theta_Ax" value="0.25"/>
      <parameter constant="true" id="theta_Ck" metaid="_35923573-cee7-45cc-9e25-7938c1d87e5a" name="theta_Ck" value="0.5"/>
      <parameter constant="true" id="theta_AHP6" metaid="a0696910-9a87-421c-8e6c-4adc3fa279b9" name="theta_AHP6" value="0.04"/>
      <parameter constant="true" id="theta_ARR5" metaid="a25e93d0-19ff-446c-ace4-02697e561f37" name="theta_ARR5" value="0.1"/>
      <parameter constant="true" id="theta_PHB" metaid="dff0b037-456d-48cf-a1b3-55fae4bb8b40" name="theta_PHB" value="0.4"/>
      <parameter constant="true" id="theta_CKX3" metaid="_4bfbdebd-39a4-4ea7-9a6c-60149a5e2e07" name="theta_CKX3" value="0.05"/>
      <parameter constant="true" id="p_phb" metaid="_29ee0220-625e-4fb5-8980-a82c8c8c847c" name="p_phb" value="2"/>
      <parameter constant="true" id="d_phb" metaid="_56d50e0b-86ff-4303-a83b-db5684067422" name="d_phb" value="1"/>
      <parameter constant="true" id="p_mirna" metaid="c73243b4-f1de-4363-b0fe-6034a8e53080" name="p_mirna" value="32.5"/>
      <parameter constant="true" id="d_mirna" metaid="_04d02b24-47ba-447d-bd6e-97a9f7e1ff87" name="d_mirna" value="1"/>
      <parameter constant="true" id="d_mirna_mrna" metaid="_1b997a1e-9cef-47d3-a605-7778e461325b" name="d_mirna_mrna" value="10"/>
      <parameter constant="true" id="p_ckx3" metaid="bd41c059-279b-42b5-a321-422a0c158654" name="p_ckx3" value="5"/>
      <parameter constant="true" id="d_ckx3" metaid="_9324a8c5-38ae-4b6a-9707-490b95cd04fa" name="d_ckx3" value="1"/>
      <parameter constant="true" id="b_pin3" metaid="_55319633-0b11-4190-967c-46e4f04ac982" name="b_pin3" value="1"/>
      <parameter constant="true" id="b_pin1" metaid="_221acce5-cecf-4cb6-9766-baa90c98a2b6" name="b_pin1" value="0"/>
      <parameter constant="true" id="b_pin7" metaid="_384e0f1c-8990-4244-aadd-db9b3c1ba79c" name="b_pin7" value="0"/>
      <parameter constant="true" id="b_ahp6" metaid="_9423dc61-9ba7-4bba-a42f-6e6ee208ba90" name="b_ahp6" value="0"/>
      <parameter constant="true" id="b_arr5" metaid="_8ebf7a5c-aea3-489b-838e-8bf916158b38" name="b_arr5" value="0"/>
      <parameter constant="true" id="b_iaa2" metaid="dedbc358-6803-43c9-af99-e5c30d80add6" name="b_iaa2" value="0"/>
      <parameter constant="true" id="hill_ax" metaid="_4ba48ad2-41b4-4880-be56-bc51d7bd1cd8" name="hill_ax" value="2"/>
      <parameter constant="true" id="hill_ck" metaid="_26edfe23-bba2-4137-bb23-206e5d0d0b32" name="hill_ck" value="2"/>
      <parameter constant="true" id="hill_arr5" metaid="_6d0bd6c5-c5f1-443b-87e3-75f3db1aa5ac" name="hill_arr5" value="3"/>
      <parameter constant="true" id="hill_ckx3" metaid="ed023267-0851-4d64-8614-d1de2063525b" name="hill_ckx3" value="5"/>
      <parameter constant="true" id="hill_ahp6" metaid="_79f6ee4e-4feb-4db7-8389-ab7c9852a76d" name="hill_ahp6" value="3"/>
      <parameter constant="true" id="hill_phb" metaid="_601e9b64-fad0-4df0-8617-478849490940" name="hill_phb" value="3"/>
    </listOfParameters>
    <listOfRules>
      <assignmentRule metaid="b697e33d-3b88-454a-8e91-4a1f7e619b79" variable="F_AHP6">
        <math xmlns="http://www.w3.org/1998/Math/MathML">        
          <apply>
            <divide/>
            <apply>
              <plus/>
              <ci> b_ahp6 </ci>
              <apply>
                <power/>
                <apply>
                  <divide/>
                  <ci> Auxin </ci>
                  <ci> theta_Ax </ci>
                </apply>
                <ci> hill_ax </ci>
              </apply>
            </apply>
            <apply>
              <plus/>
              <apply>
                <plus/>
                <cn type="integer"> 1 </cn>
                <apply>
                  <power/>
                  <apply>
                    <divide/>
                    <ci> Auxin </ci>
                    <ci> theta_Ax </ci>
                  </apply>
                  <ci> hill_ax </ci>
                </apply>
              </apply>
              <apply>
                <power/>
                <apply>
                  <divide/>
                  <ci> PHBp </ci>
                  <ci> theta_PHB </ci>
                </apply>
                <ci> hill_phb </ci>
              </apply>
            </apply>
          </apply>
        </math>
            </assignmentRule>
      <assignmentRule metaid="_3165aaa6-7dd2-4efc-989c-e640288fe4c4" variable="F_ARR5">
        <math xmlns="http://www.w3.org/1998/Math/MathML">        
          <apply>
            <divide/>
            <apply>
              <plus/>
              <ci> b_arr5 </ci>
              <apply>
                <power/>
                <apply>
                  <divide/>
                  <ci> Cytokinin </ci>
                  <ci> theta_Ck </ci>
                </apply>
                <ci> hill_ck </ci>
              </apply>
            </apply>
            <apply>
              <plus/>
              <apply>
                <plus/>
                <cn type="integer"> 1 </cn>
                <apply>
                  <power/>
                  <apply>
                    <divide/>
                    <ci> Cytokinin </ci>
                    <ci> theta_Ck </ci>
                  </apply>
                  <ci> hill_ck </ci>
                </apply>
              </apply>
              <apply>
                <power/>
                <apply>
                  <divide/>
                  <ci> AHP6p </ci>
                  <ci> theta_AHP6 </ci>
                </apply>
                <ci> hill_ahp6 </ci>
              </apply>
            </apply>
          </apply>
        </math>
            </assignmentRule>
      <assignmentRule metaid="_8491cb33-97d2-4548-b6b2-12badb9d6c9a" variable="F_CK">
        <math xmlns="http://www.w3.org/1998/Math/MathML">        
          <apply>
            <divide/>
            <cn> 1 </cn>
            <apply>
              <plus/>
              <cn type="integer"> 1 </cn>
              <apply>
                <power/>
                <apply>
                  <divide/>
                  <ci> CKX3p </ci>
                  <ci> theta_CKX3 </ci>
                </apply>
                <ci> hill_ckx3 </ci>
              </apply>
            </apply>
          </apply>
        </math>
            </assignmentRule>
      <assignmentRule metaid="_7d955ea3-406d-46f2-a260-8ed7ecf4f664" variable="F_IAA2">
        <math xmlns="http://www.w3.org/1998/Math/MathML">        
          <apply>
            <divide/>
            <apply>
              <plus/>
              <ci> b_iaa2 </ci>
              <apply>
                <power/>
                <apply>
                  <divide/>
                  <ci> Auxin </ci>
                  <ci> theta_Ax </ci>
                </apply>
                <ci> hill_ax </ci>
              </apply>
            </apply>
            <apply>
              <plus/>
              <cn type="integer"> 1 </cn>
              <apply>
                <power/>
                <apply>
                  <divide/>
                  <ci> Auxin </ci>
                  <ci> theta_Ax </ci>
                </apply>
                <ci> hill_ax </ci>
              </apply>
            </apply>
          </apply>
        </math>
            </assignmentRule>
      <assignmentRule metaid="_40643b72-a6b2-43e7-9874-23a04390aeb4" variable="F_PIN1">
        <math xmlns="http://www.w3.org/1998/Math/MathML">        
          <apply>
            <divide/>
            <apply>
              <plus/>
              <ci> b_pin1 </ci>
              <apply>
                <power/>
                <apply>
                  <divide/>
                  <ci> ARR5p </ci>
                  <ci> theta_ARR5 </ci>
                </apply>
                <ci> hill_arr5 </ci>
              </apply>
            </apply>
            <apply>
              <plus/>
              <cn type="integer"> 1 </cn>
              <apply>
                <power/>
                <apply>
                  <divide/>
                  <ci> ARR5p </ci>
                  <ci> theta_ARR5 </ci>
                </apply>
                <ci> hill_arr5 </ci>
              </apply>
            </apply>
          </apply>
        </math>
            </assignmentRule>
      <assignmentRule metaid="f263d338-f40f-4b05-b425-196f8ecb8c22" variable="F_PIN3">
        <math xmlns="http://www.w3.org/1998/Math/MathML">        
          <ci> b_pin3 </ci>
        </math>
            </assignmentRule>
      <assignmentRule metaid="_3d82fe00-c7b1-4a11-a139-93e32541fc1b" variable="F_PIN7">
        <math xmlns="http://www.w3.org/1998/Math/MathML">        
          <apply>
            <divide/>
            <apply>
              <plus/>
              <ci> b_pin7 </ci>
              <apply>
                <power/>
                <apply>
                  <divide/>
                  <ci> ARR5p </ci>
                  <ci> theta_ARR5 </ci>
                </apply>
                <ci> hill_arr5 </ci>
              </apply>
            </apply>
            <apply>
              <plus/>
              <cn type="integer"> 1 </cn>
              <apply>
                <power/>
                <apply>
                  <divide/>
                  <ci> ARR5p </ci>
                  <ci> theta_ARR5 </ci>
                </apply>
                <ci> hill_arr5 </ci>
              </apply>
            </apply>
          </apply>
        </math>
            </assignmentRule>
      <rateRule metaid="_706aa249-c75d-407b-b82d-63e74d75824f" variable="Auxin">
        <math xmlns="http://www.w3.org/1998/Math/MathML">        
          <apply>
            <minus/>
            <apply>
              <times/>
              <ci> phloem_rate_ax </ci>
              <ci> p_ax </ci>
            </apply>
            <apply>
              <times/>
              <ci> d_ax </ci>
              <ci> Auxin </ci>
            </apply>
          </apply>
        </math>
            </rateRule>
      <rateRule metaid="_62e1923c-a322-4ba9-abec-8ec58b6dae72" variable="Cytokinin">
        <math xmlns="http://www.w3.org/1998/Math/MathML">        
          <apply>
            <minus/>
            <apply>
              <times/>
              <apply>
                <times/>
                <ci> phloem_rate_ck </ci>
                <ci> p_ck </ci>
              </apply>
              <ci> F_CK </ci>
            </apply>
            <apply>
              <times/>
              <ci> d_ck </ci>
              <ci> Cytokinin </ci>
            </apply>
          </apply>
        </math>
            </rateRule>
      <rateRule metaid="_9c715105-5c2e-4b78-953b-720f2a5b38e2" variable="miRNA">
        <math xmlns="http://www.w3.org/1998/Math/MathML">        
          <cn type="integer"> 0 </cn>
        </math>
            </rateRule>
      <rateRule metaid="cf8afc68-e640-4a03-b8df-918bf41cf168" variable="PHBm">
        <math xmlns="http://www.w3.org/1998/Math/MathML">        
          <apply>
            <minus/>
            <apply>
              <minus/>
              <ci> p_phb </ci>
              <apply>
                <times/>
                <ci> d_phb </ci>
                <ci> PHBm </ci>
              </apply>
            </apply>
            <apply>
              <times/>
              <apply>
                <times/>
                <ci> d_mirna_mrna </ci>
                <ci> PHBm </ci>
              </apply>
              <ci> miRNA </ci>
            </apply>
          </apply>
        </math>
            </rateRule>
      <rateRule metaid="_7ebfd3dc-26d5-447f-8492-dc6ae75ea96e" variable="AHP6m">
        <math xmlns="http://www.w3.org/1998/Math/MathML">        
          <apply>
            <minus/>
            <apply>
              <times/>
              <ci> lambda_AHP6 </ci>
              <ci> F_AHP6 </ci>
            </apply>
            <apply>
              <times/>
              <ci> mu_m_AHP6 </ci>
              <ci> AHP6m </ci>
            </apply>
          </apply>
        </math>
            </rateRule>
      <rateRule metaid="_34cc1163-ffda-4b73-8051-884c519054b3" variable="IAA2m">
        <math xmlns="http://www.w3.org/1998/Math/MathML">        
          <apply>
            <minus/>
            <apply>
              <times/>
              <ci> lambda_IAA2 </ci>
              <ci> F_IAA2 </ci>
            </apply>
            <apply>
              <times/>
              <ci> mu_m_IAA2 </ci>
              <ci> IAA2m </ci>
            </apply>
          </apply>
        </math>
            </rateRule>
      <rateRule metaid="_0154d973-1253-494c-9b3a-83dddbe71763" variable="ARR5m">
        <math xmlns="http://www.w3.org/1998/Math/MathML">        
          <apply>
            <minus/>
            <apply>
              <times/>
              <ci> lambda_ARR5 </ci>
              <ci> F_ARR5 </ci>
            </apply>
            <apply>
              <times/>
              <ci> mu_m_ARR5 </ci>
              <ci> ARR5m </ci>
            </apply>
          </apply>
        </math>
            </rateRule>
      <rateRule metaid="d14d0705-63f6-41f3-91df-81bfc3478af1" variable="PIN1m">
        <math xmlns="http://www.w3.org/1998/Math/MathML">        
          <apply>
            <minus/>
            <apply>
              <times/>
              <ci> lambda_PIN1 </ci>
              <ci> F_PIN1 </ci>
            </apply>
            <apply>
              <times/>
              <ci> mu_m_PIN1 </ci>
              <ci> PIN1m </ci>
            </apply>
          </apply>
        </math>
            </rateRule>
      <rateRule metaid="_60632f5c-60ec-4cb9-81ce-0f1c1a9bae94" variable="PIN3m">
        <math xmlns="http://www.w3.org/1998/Math/MathML">        
          <apply>
            <minus/>
            <apply>
              <times/>
              <ci> lambda_PIN3 </ci>
              <ci> F_PIN3 </ci>
            </apply>
            <apply>
              <times/>
              <ci> mu_m_PIN3 </ci>
              <ci> PIN3m </ci>
            </apply>
          </apply>
        </math>
            </rateRule>
      <rateRule metaid="_74c7464e-0169-4fd7-ae56-26525bce4f5a" variable="PIN7m">
        <math xmlns="http://www.w3.org/1998/Math/MathML">        
          <apply>
            <minus/>
            <apply>
              <times/>
              <ci> lambda_PIN7 </ci>
              <ci> F_PIN7 </ci>
            </apply>
            <apply>
              <times/>
              <ci> mu_m_PIN7 </ci>
              <ci> PIN7m </ci>
            </apply>
          </apply>
        </math>
            </rateRule>
      <rateRule metaid="_5dbf71cb-b394-4eef-84e2-78408b28c4c2" variable="AHP6p">
        <math xmlns="http://www.w3.org/1998/Math/MathML">        
          <apply>
            <minus/>
            <apply>
              <times/>
              <ci> delta_AHP6 </ci>
              <ci> AHP6m </ci>
            </apply>
            <apply>
              <times/>
              <ci> mu_p_AHP6 </ci>
              <ci> AHP6p </ci>
            </apply>
          </apply>
        </math>
            </rateRule>
      <rateRule metaid="_1c846ed6-368f-47a9-8939-fd3e76ccbc87" variable="IAA2p">
        <math xmlns="http://www.w3.org/1998/Math/MathML">        
          <apply>
            <minus/>
            <apply>
              <times/>
              <ci> delta_IAA2 </ci>
              <ci> IAA2m </ci>
            </apply>
            <apply>
              <times/>
              <ci> mu_p_IAA2 </ci>
              <ci> IAA2p </ci>
            </apply>
          </apply>
        </math>
            </rateRule>
      <rateRule metaid="_380ef088-e1da-41e1-aa4c-dc104ed39621" variable="ARR5p">
        <math xmlns="http://www.w3.org/1998/Math/MathML">        
          <apply>
            <minus/>
            <apply>
              <times/>
              <ci> delta_ARR5 </ci>
              <ci> ARR5m </ci>
            </apply>
            <apply>
              <times/>
              <ci> mu_p_ARR5 </ci>
              <ci> ARR5p </ci>
            </apply>
          </apply>
        </math>
            </rateRule>
      <rateRule metaid="fdde14a2-0d8a-4792-9727-73496fbc891b" variable="PHBp">
        <math xmlns="http://www.w3.org/1998/Math/MathML">        
          <apply>
            <minus/>
            <apply>
              <times/>
              <ci> delta_PHB </ci>
              <ci> PHBm </ci>
            </apply>
            <apply>
              <times/>
              <ci> mu_p_PHB </ci>
              <ci> PHBp </ci>
            </apply>
          </apply>
        </math>
            </rateRule>
      <rateRule metaid="_2db02e16-a08a-4e53-aaa8-63c7ab8e63e8" variable="CKX3p">
        <math xmlns="http://www.w3.org/1998/Math/MathML">        
          <apply>
            <minus/>
            <apply>
              <times/>
              <ci> delta_CKX3 </ci>
              <ci> CKX3m </ci>
            </apply>
            <apply>
              <times/>
              <ci> mu_p_CKX3 </ci>
              <ci> CKX3p </ci>
            </apply>
          </apply>
        </math>
            </rateRule>
    </listOfRules>
  </model>
</sbml>