[{"file": "simulation_3.sedml"}, {"file": "GattoniCAMK_6Hz.cellml"}, {"file": "simulation_1.sedml"}, {"file": "simulation_5.sedml"}, {"file": "Gattoni_SHAM6Hz.cellml"}, {"file": "report.csv"}, {"file": "simulation_0.sedml"}, {"file": "Gattoni_SHAM1Hz.cellml"}, {"file": "simulation_2.sedml"}, {"file": "simulation_6.sedml"}, {"file": "simulation_4.sedml"}, {"file": "Gattoni_AB6Hz.cellml"}, {"file": "description.rst"}, {"file": "Gattoni_6Hz.cellml"}, {"file": "Gattoni_AB1Hz.cellml"}, {"file": "Gattoni_1Hz.cellml"}]