[{"file": "pone.0058264.g003.jpg"}, {"file": "pone.0058264.g002.jpg"}, {"file": "tenStim3electr_v2.sedml"}, {"file": "plot.csv"}, {"file": "pone.0058264.g001.jpg"}, {"file": "tenStim1electr.sedml"}, {"file": "pone.0058264.g005.jpg"}, {"file": "pone.0058264.g004.jpg"}, {"file": "report.csv"}, {"file": "pone.0058264.g006.jpg"}, {"file": "tenStim2electr_v2.sedml"}, {"file": "pone.0058264.g007.jpg"}, {"file": "tenStim3electr_v1.sedml"}, {"file": "tenStim2electr_v1.sedml"}, {"file": "pone.0058264.g008.jpg"}]