[{"file": "simulation_1.sedml"}, {"file": "report.csv"}, {"file": "simulation_0.sedml"}, {"file": "bonhoeffer_rembiszewski_ortiz_nixon_2000_b.cellml"}, {"file": "simulation_2.sedml"}, {"file": "cell_diagram.gif"}, {"file": "bonhoeffer_rembiszewski_ortiz_nixon_2000.png"}, {"file": "bonhoeffer_rembiszewski_ortiz_nixon_2000.ai"}, {"file": "bonhoeffer_rembiszewski_ortiz_nixon_2000.svg"}, {"file": "bonhoeffer_rembiszewski_ortiz_nixon_2000_c.cellml"}, {"file": "bonhoeffer_rembiszewski_ortiz_nixon_2000_a.cellml"}]