<?xml version='1.0' encoding='UTF-8' standalone='no'?>
<sbml xmlns="http://www.sbml.org/sbml/level2/version4" level="2" metaid="_65f0782a-c05f-4507-a5b0-cd0dbef1aaf4" version="4">
  <model id="MODEL1403050003" metaid="C8variants" name="Kallenberger2014 - CD95L induced apoptosis initiated by caspase-8, wild-type HeLa cells (cis/trans-cis/trans variant)">
    <notes>
      <body xmlns="http://www.w3.org/1999/xhtml">
        <div class="dc:title">Kallenberger2014 - CD95L induced apoptosis initiated by caspase-8, wild-type HeLa cells (cis/trans-cis/trans variant)</div>
            <div class="dc:description">      <p>The paper describes a new approach that combines single cell and population data in the same model. The model consists of a large number of single cell models, which are fitted to single cell data. Simultaneously, ensemble averages are fitted to population data. It is assumed that the kinetics in each cell can be described with the same kinetic parameters. Therefore, cell-to-cell variability is explained by variable initial protein concentrations.</p>
                <p>There are four variants of the model (with [CD95L]=500ng/ml = 16.6nM), i) cistrans (in CD95-HeLa cells) [        <a href="http://identifiers.org/biomodels.db/MODEL1403050000">MODEL1403050000</a>
            ], ii) cistrans (in wild-type HeLa cells) [        <a href="http://identifiers.org/biomodels.db/MODEL1403050001">MODEL1403050001</a>
            ], iii) cistrans-cistrans (in CD95-HeLa cells) [        <a href="http://identifiers.org/biomodels.db/MODEL1403050002">MODEL1403050002</a>
            ], and iv) cistrans-cistrans (in wild-type HeLa cells) [        <a href="http://identifiers.org/biomodels.db/MODEL1403050003">MODEL1403050003</a>
            ].        </p>
                <p>These model contain the equations for one "average cell" with median initial concentrations for CD95, FADD, p55, BID, PrNES_mCherry and PrER_mGFP. By integrating the model, it should be possible to obtain trajectories for PrER_mGFP, PrNES_mCherry, p43 and p18 similar as in Figure 4A (CD95-HeLa cells) and Figure 4B (wild-type HeLa cells).</p>
                </div>
            <div class="dc:bibliographicCitation">      <p>This model is described in the article:</p>
                <div class="bibo:title">        <a href="http://identifiers.org/doi/10.1126/scisignal.2004738" title="Access to this publication">Intra- and Interdimeric Caspase-8 Self-Cleavage Controls Strength and Timing of CD95-Induced Apoptosis</a>
                    </div>
                <div class="bibo:authorList">Stefan M. Kallenberger, Joël Beaudouin, Juliane Claus, Carmen Fischer, Peter K. Sorger, Stefan Legewie, and Roland Eils</div>
                <div class="bibo:Journal">11 March 2014: Vol. 7, Issue 316, p. ra23</div>
                <p>Abstract:</p>
                <div class="bibo:abstract">        <p>Apoptosis in response to the ligand CD95L (also known as Fas ligand) is initiated by caspase-8, which is activated by dimerization and self-cleavage at death-inducing signaling complexes (DISCs). Previous work indicated that the degree of substrate cleavage by caspase-8 determines whether a cell dies or survives in response to a death stimulus. To determine how a death ligand stimulus is effectively translated into caspase-8 activity, we assessed this activity over time in single cells with compartmentalized probes that are cleaved by caspase-8 and used multiscale modeling to simultaneously describe single-cell and population data with an ensemble of single-cell models. We derived and experimentally validated a minimal model in which cleavage of caspase-8 in the enzymatic domain occurs in an interdimeric manner through interaction between DISCs, whereas prodomain cleavage sites are cleaved in an intradimeric manner within DISCs. Modeling indicated that sustained membrane-bound caspase-8 activity is followed by transient cytosolic activity, which can be interpreted as a molecular timer mechanism reflected by a limited lifetime of active caspase-8. The activation of caspase-8 by combined intra- and interdimeric cleavage ensures weak signaling at low concentrations of CD95L and strongly accelerated activation at higher ligand concentrations, thereby contributing to precise control of apoptosis.</p>
                    </div>
                </div>
            <div class="dc:publisher">      <p>This model is hosted on        <a href="http://www.ebi.ac.uk/biomodels/">BioModels Database</a>
            and identified
by:        <a href="http://identifiers.org/biomodels.db/BIOMD0000000526">BIOMD0000000526</a>
            .        </p>
                <p>To cite BioModels Database, please use:        <a href="http://identifiers.org/pubmed/20587024" title="Latest BioModels Database publication">BioModels Database: An enhanced, curated and annotated resource
for published quantitative kinetic models</a>
            .        </p>
                </div>
            <div class="dc:license">      <p>To the extent possible under law, all copyright and related or
neighbouring rights to this encoded model have been dedicated to the public
domain worldwide. Please refer to        <a href="http://creativecommons.org/publicdomain/zero/1.0/" title="Access to: CC0 1.0 Universal (CC0 1.0), Public Domain Dedication">CC0 Public Domain
Dedication</a>
            for more information.        </p>
                </div>
            </body>
      
    </notes>
    <annotation>
	<rdf:RDF xmlns:rdf="http://www.w3.org/1999/02/22-rdf-syntax-ns#" xmlns:dc="http://purl.org/dc/elements/1.1/" xmlns:vCard="http://www.w3.org/2001/vcard-rdf/3.0#" xmlns:dcterms="http://purl.org/dc/terms/" xmlns:bqmodel="http://biomodels.net/model-qualifiers/" xmlns:bqbiol="http://biomodels.net/biology-qualifiers/">
        <rdf:Description rdf:about="#C8variants">
	<dc:creator>
	<rdf:Bag>
	<rdf:li rdf:parseType="Resource">
	<vCard:N rdf:parseType="Resource">
	<vCard:Family>Chelliah</vCard:Family>
	<vCard:Given>Vijayalakshmi</vCard:Given>
	</vCard:N>
	<vCard:EMAIL>viji@ebi.ac.uk</vCard:EMAIL>
	<vCard:ORG rdf:parseType="Resource">
	<vCard:Orgname>EMBL-EBI</vCard:Orgname>
	</vCard:ORG>
	</rdf:li>
	<rdf:li rdf:parseType="Resource">
	<vCard:N rdf:parseType="Resource">
	<vCard:Family>Kallenberger</vCard:Family>
	<vCard:Given>Stefan</vCard:Given>
	</vCard:N>
	<vCard:EMAIL>s.kallenberger@dkfz.de</vCard:EMAIL>
	<vCard:ORG rdf:parseType="Resource">
	<vCard:Orgname>German Cancer Research Center</vCard:Orgname>
	</vCard:ORG>
	</rdf:li>
	</rdf:Bag>
	</dc:creator>
	<dcterms:created rdf:parseType="Resource">
	<dcterms:W3CDTF>2014-03-14T12:53:11Z</dcterms:W3CDTF>
	</dcterms:created>
	<dcterms:modified rdf:parseType="Resource">
	<dcterms:W3CDTF>2015-02-25T12:39:32Z</dcterms:W3CDTF>
	</dcterms:modified>
	<bqmodel:is>
	<rdf:Bag>
	<rdf:li rdf:resource="http://identifiers.org/biomodels.db/MODEL1403050003"/>
	</rdf:Bag>
	</bqmodel:is>
	<bqmodel:is>
	<rdf:Bag>
	<rdf:li rdf:resource="http://identifiers.org/biomodels.db/BIOMD0000000526"/>
	</rdf:Bag>
	</bqmodel:is>
	<bqmodel:isDescribedBy>
	<rdf:Bag>
	<rdf:li rdf:resource="http://identifiers.org/pubmed/24619646"/>
	</rdf:Bag>
	</bqmodel:isDescribedBy>
	<bqbiol:hasProperty>
	<rdf:Bag>
	<rdf:li rdf:resource="http://identifiers.org/mamo/MAMO_0000046"/>
	</rdf:Bag>
	</bqbiol:hasProperty>
	<bqbiol:hasTaxon>
	<rdf:Bag>
	<rdf:li rdf:resource="http://identifiers.org/taxonomy/9606"/>
	</rdf:Bag>
	</bqbiol:hasTaxon>
	<bqbiol:occursIn>
	<rdf:Bag>
	<rdf:li rdf:resource="http://identifiers.org/bto/BTO:0000567"/>
	</rdf:Bag>
	</bqbiol:occursIn>
	<bqbiol:isVersionOf>
	<rdf:Bag>
	<rdf:li rdf:resource="http://identifiers.org/go/GO:0006915"/>
	</rdf:Bag>
	</bqbiol:isVersionOf>
	</rdf:Description>
	
	</rdf:RDF>
	</annotation>
      <listOfCompartments>
      <compartment constant="true" id="cell" metaid="_53034e87-ae66-4c10-b395-f286b06c70c0" name="cell" size="1" spatialDimensions="3">
        <annotation>
	<rdf:RDF xmlns:rdf="http://www.w3.org/1999/02/22-rdf-syntax-ns#" xmlns:bqmodel="http://biomodels.net/model-qualifiers/" xmlns:bqbiol="http://biomodels.net/biology-qualifiers/">
            <rdf:Description rdf:about="#_53034e87-ae66-4c10-b395-f286b06c70c0">
	<bqbiol:isVersionOf>
	<rdf:Bag>
	<rdf:li rdf:resource="http://identifiers.org/go/GO:0005623"/>
	</rdf:Bag>
	</bqbiol:isVersionOf>
	</rdf:Description>
	
	</rdf:RDF>
	</annotation>
            </compartment>
    </listOfCompartments>
    <listOfSpecies>
      <species compartment="cell" id="CD95" initialConcentration="12" metaid="_243534cd-05e9-45f8-a698-a35e19b791f5" name="CD95">
        <annotation>
	<rdf:RDF xmlns:rdf="http://www.w3.org/1999/02/22-rdf-syntax-ns#" xmlns:bqmodel="http://biomodels.net/model-qualifiers/" xmlns:bqbiol="http://biomodels.net/biology-qualifiers/">
            <rdf:Description rdf:about="#_243534cd-05e9-45f8-a698-a35e19b791f5">
	<bqbiol:isVersionOf>
	<rdf:Bag>
	<rdf:li rdf:resource="http://identifiers.org/uniprot/P25445"/>
	</rdf:Bag>
	</bqbiol:isVersionOf>
	</rdf:Description>
	
	</rdf:RDF>
	</annotation>
            </species>
      <species compartment="cell" id="FADD" initialConcentration="90" metaid="aafcb90d-c8e1-4dfd-a53d-683861c4d954" name="FADD">
        <annotation>
	<rdf:RDF xmlns:rdf="http://www.w3.org/1999/02/22-rdf-syntax-ns#" xmlns:bqmodel="http://biomodels.net/model-qualifiers/" xmlns:bqbiol="http://biomodels.net/biology-qualifiers/">
            <rdf:Description rdf:about="#aafcb90d-c8e1-4dfd-a53d-683861c4d954">
	<bqbiol:isVersionOf>
	<rdf:Bag>
	<rdf:li rdf:resource="http://identifiers.org/uniprot/Q13158"/>
	</rdf:Bag>
	</bqbiol:isVersionOf>
	</rdf:Description>
	
	</rdf:RDF>
	</annotation>
            </species>
      <species compartment="cell" id="p55free" initialConcentration="127" metaid="_6aa69fe0-2d4f-448f-babb-4a04e6a34d8b" name="p55free">
        <annotation>
	<rdf:RDF xmlns:rdf="http://www.w3.org/1999/02/22-rdf-syntax-ns#" xmlns:bqmodel="http://biomodels.net/model-qualifiers/" xmlns:bqbiol="http://biomodels.net/biology-qualifiers/">
            <rdf:Description rdf:about="#_6aa69fe0-2d4f-448f-babb-4a04e6a34d8b">
	<bqbiol:isEncodedBy>
	<rdf:Bag>
	<rdf:li rdf:resource="http://identifiers.org/ensembl/ENSG00000064012"/>
	</rdf:Bag>
	</bqbiol:isEncodedBy>
	</rdf:Description>
	
	</rdf:RDF>
	</annotation>
            </species>
      <species compartment="cell" id="Bid" initialConcentration="224" metaid="_3f2814ae-6fd6-407b-a59a-a975b702cdc3" name="Bid">
        <annotation>
	<rdf:RDF xmlns:rdf="http://www.w3.org/1999/02/22-rdf-syntax-ns#" xmlns:bqmodel="http://biomodels.net/model-qualifiers/" xmlns:bqbiol="http://biomodels.net/biology-qualifiers/">
            <rdf:Description rdf:about="#_3f2814ae-6fd6-407b-a59a-a975b702cdc3">
	<bqbiol:isVersionOf>
	<rdf:Bag>
	<rdf:li rdf:resource="http://identifiers.org/uniprot/P55957"/>
	</rdf:Bag>
	</bqbiol:isVersionOf>
	</rdf:Description>
	
	</rdf:RDF>
	</annotation>
            </species>
      <species compartment="cell" id="PrNES_mCherry" initialConcentration="1909" metaid="_78dfd3c2-3902-4624-898d-e53a0a2cae18" name="PrNES_mCherry">
        <annotation>
	<rdf:RDF xmlns:rdf="http://www.w3.org/1999/02/22-rdf-syntax-ns#" xmlns:bqmodel="http://biomodels.net/model-qualifiers/" xmlns:bqbiol="http://biomodels.net/biology-qualifiers/">
            <rdf:Description rdf:about="#_78dfd3c2-3902-4624-898d-e53a0a2cae18">
              <bqbiol:hasProperty>
	<rdf:Bag>
	<rdf:li rdf:resource="http://identifiers.org/sbo/SBO:0000178"/>
	</rdf:Bag>
	</bqbiol:hasProperty>
	
	<bqbiol:hasPart>
	<rdf:Bag>
	<rdf:li rdf:resource="http://identifiers.org/chebi/CHEBI:50406"/>
	<rdf:li rdf:resource="http://identifiers.org/uniprot/Q9U6Y8"/>
	<rdf:li rdf:resource="http://identifiers.org/so/SO:0001531"/>
	</rdf:Bag>
	</bqbiol:hasPart>
	</rdf:Description>
	
	</rdf:RDF>
	</annotation>
            </species>
      <species compartment="cell" id="PrER_mGFP" initialConcentration="3316" metaid="_759a8d41-0394-4e6c-8d02-e663cb2c728f" name="PrER_mGFP">
        <annotation>
	<rdf:RDF xmlns:rdf="http://www.w3.org/1999/02/22-rdf-syntax-ns#" xmlns:bqmodel="http://biomodels.net/model-qualifiers/" xmlns:bqbiol="http://biomodels.net/biology-qualifiers/">
            <rdf:Description rdf:about="#_759a8d41-0394-4e6c-8d02-e663cb2c728f">
              <bqbiol:hasProperty>
	<rdf:Bag>
	<rdf:li rdf:resource="http://identifiers.org/sbo/SBO:0000178"/>
	</rdf:Bag>
	</bqbiol:hasProperty>
	
	<bqbiol:hasPart>
	<rdf:Bag>
	<rdf:li rdf:resource="http://identifiers.org/chebi/CHEBI:50406"/>
	<rdf:li rdf:resource="http://identifiers.org/uniprot/P27824"/>
	<rdf:li rdf:resource="http://identifiers.org/uniprot/P42212"/>
	</rdf:Bag>
	</bqbiol:hasPart>
	</rdf:Description>
	
	</rdf:RDF>
	</annotation>
            </species>
      <species compartment="cell" id="DISC" initialConcentration="0" metaid="_9e75b852-a7eb-4d81-909b-5c04a20d0fbf" name="DISC">
        <annotation>
	<rdf:RDF xmlns:rdf="http://www.w3.org/1999/02/22-rdf-syntax-ns#" xmlns:bqmodel="http://biomodels.net/model-qualifiers/" xmlns:bqbiol="http://biomodels.net/biology-qualifiers/">
            <rdf:Description rdf:about="#_9e75b852-a7eb-4d81-909b-5c04a20d0fbf">
	<bqbiol:isVersionOf>
	<rdf:Bag>
	<rdf:li rdf:resource="http://identifiers.org/go/GO:0031264"/>
	</rdf:Bag>
	</bqbiol:isVersionOf>
	</rdf:Description>
	
	</rdf:RDF>
	</annotation>
            </species>
      <species compartment="cell" id="DISCp55" initialConcentration="0" metaid="_9ba50dc1-dae2-4cbf-82e6-5942c667cb77" name="DISCp55">
        <annotation>
	<rdf:RDF xmlns:rdf="http://www.w3.org/1999/02/22-rdf-syntax-ns#" xmlns:bqmodel="http://biomodels.net/model-qualifiers/" xmlns:bqbiol="http://biomodels.net/biology-qualifiers/">
            <rdf:Description rdf:about="#_9ba50dc1-dae2-4cbf-82e6-5942c667cb77">
	<bqbiol:hasPart>
	<rdf:Bag>
	<rdf:li rdf:resource="http://identifiers.org/ensembl/ENSG00000064012"/>
	<rdf:li rdf:resource="http://identifiers.org/go/GO:0031264"/>
	</rdf:Bag>
	</bqbiol:hasPart>
	</rdf:Description>
	
	</rdf:RDF>
	</annotation>
            </species>
      <species compartment="cell" id="p30" initialConcentration="0" metaid="c33f6057-9236-442b-ba7f-c9f66f7b44fc" name="p30">
        <annotation>
	<rdf:RDF xmlns:rdf="http://www.w3.org/1999/02/22-rdf-syntax-ns#" xmlns:bqmodel="http://biomodels.net/model-qualifiers/" xmlns:bqbiol="http://biomodels.net/biology-qualifiers/">
            <rdf:Description rdf:about="#c33f6057-9236-442b-ba7f-c9f66f7b44fc">
	<bqbiol:isEncodedBy>
	<rdf:Bag>
	<rdf:li rdf:resource="http://identifiers.org/ensembl/ENSG00000064012"/>
	</rdf:Bag>
	</bqbiol:isEncodedBy>
	</rdf:Description>
	
	</rdf:RDF>
	</annotation>
            </species>
      <species compartment="cell" id="p43" initialConcentration="0" metaid="_93cf2694-b9f7-4b38-a858-a5d048b688cd" name="p43">
        <annotation>
	<rdf:RDF xmlns:rdf="http://www.w3.org/1999/02/22-rdf-syntax-ns#" xmlns:bqmodel="http://biomodels.net/model-qualifiers/" xmlns:bqbiol="http://biomodels.net/biology-qualifiers/">
            <rdf:Description rdf:about="#_93cf2694-b9f7-4b38-a858-a5d048b688cd">
	<bqbiol:isPartOf>
	<rdf:Bag>
	<rdf:li rdf:resource="http://identifiers.org/uniprot/O15519"/>
	</rdf:Bag>
	</bqbiol:isPartOf>
	</rdf:Description>
	
	</rdf:RDF>
	</annotation>
            </species>
      <species compartment="cell" id="p18" initialConcentration="0" metaid="c53b2f0a-ec3e-4614-8cec-be634ab4dfec" name="p18">
        <annotation>
	<rdf:RDF xmlns:rdf="http://www.w3.org/1999/02/22-rdf-syntax-ns#" xmlns:bqmodel="http://biomodels.net/model-qualifiers/" xmlns:bqbiol="http://biomodels.net/biology-qualifiers/">
            <rdf:Description rdf:about="#c53b2f0a-ec3e-4614-8cec-be634ab4dfec">
	<bqbiol:isPartOf>
	<rdf:Bag>
	<rdf:li rdf:resource="http://identifiers.org/uniprot/Q14790"/>
	</rdf:Bag>
	</bqbiol:isPartOf>
	</rdf:Description>
	
	</rdf:RDF>
	</annotation>
            </species>
      <species compartment="cell" id="p18inactive" initialConcentration="0" metaid="d307efb9-bd1a-49ce-b06f-c54b8c6f8f77" name="p18inactive">
        <annotation>
	<rdf:RDF xmlns:rdf="http://www.w3.org/1999/02/22-rdf-syntax-ns#" xmlns:bqmodel="http://biomodels.net/model-qualifiers/" xmlns:bqbiol="http://biomodels.net/biology-qualifiers/">
            <rdf:Description rdf:about="#d307efb9-bd1a-49ce-b06f-c54b8c6f8f77">
              <bqbiol:hasProperty>
	<rdf:Bag>
	<rdf:li rdf:resource="http://identifiers.org/pato/PATO:0002355"/>
	</rdf:Bag>
	</bqbiol:hasProperty>
	
	<bqbiol:isVersionOf>
	<rdf:Bag>
	<rdf:li rdf:resource="http://identifiers.org/uniprot/Q14790"/>
	</rdf:Bag>
	</bqbiol:isVersionOf>
	</rdf:Description>
	
	</rdf:RDF>
	</annotation>
            </species>
      <species compartment="cell" id="tBid" initialConcentration="0" metaid="c138c4e7-9768-454a-8209-89600e718610" name="tBid">
        <annotation>
	<rdf:RDF xmlns:rdf="http://www.w3.org/1999/02/22-rdf-syntax-ns#" xmlns:bqmodel="http://biomodels.net/model-qualifiers/" xmlns:bqbiol="http://biomodels.net/biology-qualifiers/">
            <rdf:Description rdf:about="#c138c4e7-9768-454a-8209-89600e718610">
	<bqbiol:hasPart>
	<rdf:Bag>
	<rdf:li rdf:resource="http://identifiers.org/uniprot/P55957"/>
	<rdf:li rdf:resource="http://identifiers.org/go/GO:0097345"/>
	</rdf:Bag>
	</bqbiol:hasPart>
	</rdf:Description>
	
	</rdf:RDF>
	</annotation>
            </species>
      <species compartment="cell" id="PrNES" initialConcentration="0" metaid="_0174f738-c477-480b-8ea6-395837b9fbb2" name="PrNES">
        <annotation>
	<rdf:RDF xmlns:rdf="http://www.w3.org/1999/02/22-rdf-syntax-ns#" xmlns:bqmodel="http://biomodels.net/model-qualifiers/" xmlns:bqbiol="http://biomodels.net/biology-qualifiers/">
            <rdf:Description rdf:about="#_0174f738-c477-480b-8ea6-395837b9fbb2">
	<bqbiol:hasPart>
	<rdf:Bag>
	<rdf:li rdf:resource="http://identifiers.org/chebi/CHEBI:50406"/>
	<rdf:li rdf:resource="http://identifiers.org/so/SO:0001531"/>
	</rdf:Bag>
	</bqbiol:hasPart>
	</rdf:Description>
	
	</rdf:RDF>
	</annotation>
            </species>
      <species compartment="cell" id="mCherry" initialConcentration="0" metaid="b3948028-c227-4dc8-a9e7-2b821cbbc3ba" name="mCherry">
        <annotation>
	<rdf:RDF xmlns:rdf="http://www.w3.org/1999/02/22-rdf-syntax-ns#" xmlns:bqmodel="http://biomodels.net/model-qualifiers/" xmlns:bqbiol="http://biomodels.net/biology-qualifiers/">
            <rdf:Description rdf:about="#b3948028-c227-4dc8-a9e7-2b821cbbc3ba">
	<bqbiol:isVersionOf>
	<rdf:Bag>
	<rdf:li rdf:resource="http://identifiers.org/uniprot/Q9U6Y8"/>
	</rdf:Bag>
	</bqbiol:isVersionOf>
	</rdf:Description>
	
	</rdf:RDF>
	</annotation>
            </species>
      <species compartment="cell" id="PrER" initialConcentration="0" metaid="_6cdd4427-31ae-4629-954a-fca822bf1978" name="PrER">
        <annotation>
	<rdf:RDF xmlns:rdf="http://www.w3.org/1999/02/22-rdf-syntax-ns#" xmlns:bqmodel="http://biomodels.net/model-qualifiers/" xmlns:bqbiol="http://biomodels.net/biology-qualifiers/">
            <rdf:Description rdf:about="#_6cdd4427-31ae-4629-954a-fca822bf1978">
	<bqbiol:hasPart>
	<rdf:Bag>
	<rdf:li rdf:resource="http://identifiers.org/chebi/CHEBI:50406"/>
	<rdf:li rdf:resource="http://identifiers.org/uniprot/P27824"/>
	</rdf:Bag>
	</bqbiol:hasPart>
	</rdf:Description>
	
	</rdf:RDF>
	</annotation>
            </species>
      <species compartment="cell" id="mGFP" initialConcentration="0" metaid="b74f8db4-3dbb-4680-9313-ca9d360edbee" name="mGFP">
        <annotation>
	<rdf:RDF xmlns:rdf="http://www.w3.org/1999/02/22-rdf-syntax-ns#" xmlns:bqmodel="http://biomodels.net/model-qualifiers/" xmlns:bqbiol="http://biomodels.net/biology-qualifiers/">
            <rdf:Description rdf:about="#b74f8db4-3dbb-4680-9313-ca9d360edbee">
	<bqbiol:isVersionOf>
	<rdf:Bag>
	<rdf:li rdf:resource="http://identifiers.org/uniprot/P42212"/>
	</rdf:Bag>
	</bqbiol:isVersionOf>
	</rdf:Description>
	
	</rdf:RDF>
	</annotation>
            </species>
      <species compartment="cell" id="CD95L" initialConcentration="16.6" metaid="f35eec60-46d2-4f89-b53c-511a9f36cd6e" name="CD95L">
        <annotation>
	<rdf:RDF xmlns:rdf="http://www.w3.org/1999/02/22-rdf-syntax-ns#" xmlns:bqmodel="http://biomodels.net/model-qualifiers/" xmlns:bqbiol="http://biomodels.net/biology-qualifiers/">
            <rdf:Description rdf:about="#f35eec60-46d2-4f89-b53c-511a9f36cd6e">
	<bqbiol:isVersionOf>
	<rdf:Bag>
	<rdf:li rdf:resource="http://identifiers.org/uniprot/P48023"/>
	</rdf:Bag>
	</bqbiol:isVersionOf>
	</rdf:Description>
	
	</rdf:RDF>
	</annotation>
            </species>
    </listOfSpecies>
    <listOfParameters>
      <parameter id="kon_FADD" metaid="_97d1416e-d34e-49ea-bf07-f40bb846cdfd" value="0.00108871858684363"/>
      <parameter id="koff_FADD" metaid="c29ef4dd-8e7b-467d-b033-632be81db921" value="0.00130854998177646"/>
      <parameter id="kDISC" metaid="_8484432f-86dd-4503-9dbf-3e42246c5b54" value="0.000364965874405544"/>
      <parameter id="kD216" metaid="fc407f0e-860a-45cb-8003-06eb8e84e96b" value="0.00639775937416746"/>
      <parameter id="kD216trans_p55" metaid="ffcf7c03-3362-48f8-a825-d68ab0bd0a56" value="0.000223246421372882"/>
      <parameter id="kD216trans_p43" metaid="_1a1f3226-2df6-444e-ae28-60dcc17dd99a" value="5.29906975294056E-5"/>
      <parameter id="kD374" metaid="_61c84de6-a7ce-466e-8398-fdc5643373cb" value="0.000644612643975149"/>
      <parameter id="kD374trans_p55" metaid="_2c6678e1-a1e1-485e-9ab3-4046dc3e17a7" value="0.000543518631342483"/>
      <parameter id="kD374trans_p43" metaid="_1caaf9a1-1534-453d-8217-3f6698e6bf86" value="0.00413530054938906"/>
      <parameter id="kdiss_p18" metaid="_55f73512-d30d-4b13-ac3e-8552ae36c1eb" value="0.064713651554491"/>
      <parameter id="kBid" metaid="_36854716-d400-4cd6-9084-7cc0049c4de1" value="0.00052134055139547"/>
      <parameter id="kD374probe" metaid="_4ab57113-1ee7-4585-a613-71aa8c58080d" value="0.00153710001025539"/>
      <parameter id="KDR" metaid="_004b63aa-e0db-46b9-97b9-84e15b7c2b84" value="57.2050013008496"/>
      <parameter id="KDL" metaid="f9c1aae2-a6e9-4f87-a38c-14043a8e4dae" value="30.0060394758199"/>
      <parameter constant="false" id="CD95act" metaid="be99729e-87f6-4e89-93b8-978a8bac925b" value="0"/>
    </listOfParameters>
    <listOfRules>
      <assignmentRule metaid="a5f81347-e9e3-4681-9cf9-6eb232241143" variable="CD95act">
        <math xmlns="http://www.w3.org/1998/Math/MathML">        
          <apply>
            <divide/>
            <apply>
              <times/>
              <apply>
                <power/>
                <ci> CD95 </ci>
                <cn> 3 </cn>
              </apply>
              <apply>
                <power/>
                <ci> KDL </ci>
                <cn> 2 </cn>
              </apply>
              <ci> CD95L </ci>
            </apply>
            <apply>
              <times/>
              <apply>
                <plus/>
                <ci> CD95L </ci>
                <ci> KDL </ci>
              </apply>
              <apply>
                <plus/>
                <apply>
                  <times/>
                  <apply>
                    <power/>
                    <ci> CD95 </ci>
                    <cn> 2 </cn>
                  </apply>
                  <apply>
                    <power/>
                    <ci> KDL </ci>
                    <cn> 2 </cn>
                  </apply>
                </apply>
                <apply>
                  <times/>
                  <ci> KDR </ci>
                  <apply>
                    <power/>
                    <ci> CD95L </ci>
                    <cn> 2 </cn>
                  </apply>
                </apply>
                <apply>
                  <times/>
                  <cn> 2 </cn>
                  <ci> KDR </ci>
                  <ci> KDL </ci>
                  <ci> CD95L </ci>
                </apply>
                <apply>
                  <times/>
                  <ci> KDR </ci>
                  <apply>
                    <power/>
                    <ci> KDL </ci>
                    <cn> 2 </cn>
                  </apply>
                </apply>
              </apply>
            </apply>
          </apply>
        </math>
            </assignmentRule>
    </listOfRules>
    <listOfReactions>
      <reaction id="reaction_1" metaid="f619b891-5baf-4f53-ad57-a59d1f9dbc0e" reversible="false">
        <listOfReactants>
          <speciesReference metaid="_223d45a0-b491-45a8-a41f-0c5b1534257d" species="FADD"/>
        </listOfReactants>
        <listOfProducts>
          <speciesReference metaid="_2f22e30d-2645-4999-9f6f-0ce0ebc5dcb4" species="DISC"/>
        </listOfProducts>
        <listOfModifiers>
          <modifierSpeciesReference metaid="_6e10da3b-1b81-4d3e-9870-94e4b51e9913" species="FADD"/>
        </listOfModifiers>
        <kineticLaw metaid="ad31885a-e6b7-43a9-8411-cfd73a946936">
          <math xmlns="http://www.w3.org/1998/Math/MathML">          
            <apply>
              <times/>
              <ci> kon_FADD </ci>
              <ci> CD95act </ci>
              <ci> FADD </ci>
              <ci> cell </ci>
            </apply>
          </math>
                </kineticLaw>
      </reaction>
      <reaction id="reaction_2" metaid="_26951c94-a8b3-41e3-93d7-82c48407fe53" reversible="false">
        <listOfReactants>
          <speciesReference metaid="_903d2169-482f-46e2-a04a-69b005bae190" species="DISC"/>
        </listOfReactants>
        <listOfProducts>
          <speciesReference metaid="fc09a58d-647e-417e-bf56-d957b2fa837f" species="FADD"/>
        </listOfProducts>
        <listOfModifiers>
          <modifierSpeciesReference metaid="ddb51b92-98f2-4744-840a-aafe5165db18" species="DISC"/>
        </listOfModifiers>
        <kineticLaw metaid="_2590abf0-751f-4ad8-a459-f5a2c28d2b4e">
          <math xmlns="http://www.w3.org/1998/Math/MathML">          
            <apply>
              <times/>
              <ci> koff_FADD </ci>
              <ci> DISC </ci>
              <ci> cell </ci>
            </apply>
          </math>
                </kineticLaw>
      </reaction>
      <reaction id="reaction_3" metaid="bbb33c25-0e81-4bd8-ac0a-4b161ef675c3" reversible="false">
        <listOfReactants>
          <speciesReference metaid="a75bec4d-2546-4b06-9c9d-bc8189fc80cf" species="p55free"/>
          <speciesReference metaid="_2ea8103c-0005-459d-9b76-f6addbd24ea5" species="DISC"/>
        </listOfReactants>
        <listOfProducts>
          <speciesReference metaid="f603e262-e6ee-49de-9739-bc9e2f8230b4" species="DISCp55"/>
        </listOfProducts>
        <listOfModifiers>
          <modifierSpeciesReference metaid="e6ad62e7-24b7-45bb-b835-299025e70c87" species="p55free"/>
          <modifierSpeciesReference metaid="fac5dcc0-3f46-4f70-90f0-5e1a70686c3b" species="DISC"/>
        </listOfModifiers>
        <kineticLaw metaid="_14a2526b-a4b4-4470-aee0-10bcc2befda1">
          <math xmlns="http://www.w3.org/1998/Math/MathML">          
            <apply>
              <times/>
              <ci> kDISC </ci>
              <ci> p55free </ci>
              <ci> DISC </ci>
              <ci> cell </ci>
            </apply>
          </math>
                </kineticLaw>
      </reaction>
      <reaction id="reaction_4" metaid="ded9b01c-39a7-4eba-a6b9-22cbf56d4589" reversible="false">
        <listOfReactants>
          <speciesReference metaid="_31987f03-5e29-40aa-9150-cf8a4f30749b" species="DISCp55"/>
        </listOfReactants>
        <listOfProducts>
          <speciesReference metaid="_4ef5a815-0886-4b58-aa27-50fa33c6ee58" species="p30"/>
        </listOfProducts>
        <listOfModifiers>
          <modifierSpeciesReference metaid="_7a1827d8-ecf6-43c0-a390-043a99366c98" species="DISCp55"/>
        </listOfModifiers>
        <kineticLaw metaid="_8116c807-f1c8-463a-ac1d-4de0cc275a2f">
          <math xmlns="http://www.w3.org/1998/Math/MathML">          
            <apply>
              <times/>
              <ci> kD216 </ci>
              <ci> DISCp55 </ci>
              <ci> cell </ci>
            </apply>
          </math>
                </kineticLaw>
      </reaction>
      <reaction id="reaction_5" metaid="f49cebb8-b503-41b2-b4e2-32e3e2274c89" reversible="false">
        <listOfReactants>
          <speciesReference metaid="_5b1f0d5e-36d3-4ba2-813b-a3572404f9bb" species="DISCp55"/>
        </listOfReactants>
        <listOfProducts>
          <speciesReference metaid="_826382eb-9f5e-43e4-ac86-27bfc307c35d" species="p30"/>
        </listOfProducts>
        <listOfModifiers>
          <modifierSpeciesReference metaid="_2f6e28dc-51d7-4e79-9494-119ef4e5d572" species="DISCp55"/>
          <modifierSpeciesReference metaid="_5be43c61-e758-4de6-8573-448149e8ffe1" species="p30"/>
          <modifierSpeciesReference metaid="e680022e-0b4e-451d-a40a-1f78d5008249" species="DISCp55"/>
          <modifierSpeciesReference metaid="_3f46f1a0-6bfe-47cf-a12e-be1ac70bef44" species="p30"/>
        </listOfModifiers>
        <kineticLaw metaid="be78c140-040a-4b8c-b87c-274aacd0e606">
          <math xmlns="http://www.w3.org/1998/Math/MathML">          
            <apply>
              <times/>
              <ci> kD216trans_p55 </ci>
              <ci> DISCp55 </ci>
              <apply>
                <plus/>
                <ci> DISCp55 </ci>
                <ci> p30 </ci>
              </apply>
              <ci> cell </ci>
            </apply>
          </math>
                </kineticLaw>
      </reaction>
      <reaction id="reaction_6" metaid="_4b5afa13-9740-4107-87e5-e037a921f115" reversible="false">
        <listOfReactants>
          <speciesReference metaid="_05b43da3-e533-4dee-a0a7-6e5d096dc0b3" species="DISCp55"/>
        </listOfReactants>
        <listOfProducts>
          <speciesReference metaid="_4ea13929-999f-4df3-a56d-bca506466268" species="p30"/>
        </listOfProducts>
        <listOfModifiers>
          <modifierSpeciesReference metaid="_43a5dc80-4fc5-45a6-b4c6-c839a8696f51" species="p43"/>
          <modifierSpeciesReference metaid="_5f7ad67e-6fad-4a60-9fdd-6430e8bc9169" species="DISCp55"/>
          <modifierSpeciesReference metaid="_6228b30d-c9f9-4240-9167-f01d089d72a4" species="p43"/>
        </listOfModifiers>
        <kineticLaw metaid="a87f99a3-4166-482d-8066-658d3b700fff">
          <math xmlns="http://www.w3.org/1998/Math/MathML">          
            <apply>
              <times/>
              <ci> kD216trans_p43 </ci>
              <ci> DISCp55 </ci>
              <ci> p43 </ci>
              <ci> cell </ci>
            </apply>
          </math>
                </kineticLaw>
      </reaction>
      <reaction id="reaction_7" metaid="_12a36115-e30c-4a2b-b5de-1ebe4b07dffb" reversible="false">
        <listOfReactants>
          <speciesReference metaid="_6a9725cb-700f-45b1-bb6b-eb37605980aa" species="p43"/>
        </listOfReactants>
        <listOfProducts>
          <speciesReference metaid="_9cd7f411-b637-4298-8e68-23dfb04d4280" species="p18"/>
          <speciesReference metaid="aac52a02-d59e-41b4-acfd-0911c799a646" species="DISC"/>
        </listOfProducts>
        <listOfModifiers>
          <modifierSpeciesReference metaid="_542da4dc-231e-4f91-928a-ef4154561e81" species="p43"/>
        </listOfModifiers>
        <kineticLaw metaid="_7f884c90-618d-490b-9819-bf291b888e0a">
          <math xmlns="http://www.w3.org/1998/Math/MathML">          
            <apply>
              <times/>
              <ci> kD216 </ci>
              <ci> p43 </ci>
              <ci> cell </ci>
            </apply>
          </math>
                </kineticLaw>
      </reaction>
      <reaction id="reaction_8" metaid="af98261e-b82b-44e5-b919-c459d80e0c02" reversible="false">
        <listOfReactants>
          <speciesReference metaid="c6872712-04c6-4b55-a5f7-7b3709440dd1" species="p43"/>
        </listOfReactants>
        <listOfProducts>
          <speciesReference metaid="dd81e9af-93b9-4141-9592-8b0fc90862df" species="p18"/>
          <speciesReference metaid="_7f284175-2536-4649-96a1-3a1f3bfb56f6" species="DISC"/>
        </listOfProducts>
        <listOfModifiers>
          <modifierSpeciesReference metaid="_74df111f-71a4-4e9d-adb2-b0156790f4da" species="DISCp55"/>
          <modifierSpeciesReference metaid="cb722481-256d-415c-bdbe-7475f2233423" species="p30"/>
          <modifierSpeciesReference metaid="_9e945b05-4902-4f52-bf6f-f00c0a8397d6" species="p43"/>
          <modifierSpeciesReference metaid="_41f659d6-fc5d-4dc7-9889-ab9c5cdc6ca0" species="DISCp55"/>
          <modifierSpeciesReference metaid="_0856863c-8226-4210-a862-f1466ac6807a" species="p30"/>
        </listOfModifiers>
        <kineticLaw metaid="_57a9b681-143d-49d1-af00-3d54b375690f">
          <math xmlns="http://www.w3.org/1998/Math/MathML">          
            <apply>
              <times/>
              <ci> kD216trans_p55 </ci>
              <ci> p43 </ci>
              <apply>
                <plus/>
                <ci> DISCp55 </ci>
                <ci> p30 </ci>
              </apply>
              <ci> cell </ci>
            </apply>
          </math>
                </kineticLaw>
      </reaction>
      <reaction id="reaction_9" metaid="_269beb17-4933-44cf-98cc-79c6343427c2" reversible="false">
        <listOfReactants>
          <speciesReference metaid="_17ac285c-4edb-43de-96a4-377fe480c290" species="p43"/>
        </listOfReactants>
        <listOfProducts>
          <speciesReference metaid="b710e5e6-8213-46ed-b107-e20b075dd962" species="p18"/>
          <speciesReference metaid="eddcb4c2-9045-41e0-983a-23493a4b0e14" species="DISC"/>
        </listOfProducts>
        <listOfModifiers>
          <modifierSpeciesReference metaid="_1dbf5722-a999-49f6-b8aa-da37284c3bf4" species="p43"/>
          <modifierSpeciesReference metaid="_86bacdf0-68c8-4bd2-90d9-4bec40c9ee29" species="p43"/>
        </listOfModifiers>
        <kineticLaw metaid="a9536faf-6263-46b6-89b5-fb6e214331d9">
          <math xmlns="http://www.w3.org/1998/Math/MathML">          
            <apply>
              <times/>
              <ci> kD216trans_p43 </ci>
              <ci> p43 </ci>
              <ci> p43 </ci>
              <ci> cell </ci>
            </apply>
          </math>
                </kineticLaw>
      </reaction>
      <reaction id="reaction_10" metaid="b882a17b-f785-47be-a41a-bcadd15a0f2b" reversible="false">
        <listOfReactants>
          <speciesReference metaid="b1dd46f6-f6ec-4051-9663-07296d281e97" species="DISCp55"/>
        </listOfReactants>
        <listOfProducts>
          <speciesReference metaid="_692d3565-1c5d-4521-8682-6a8ce19aec20" species="p43"/>
        </listOfProducts>
        <listOfModifiers>
          <modifierSpeciesReference metaid="_06f79915-7a60-4fcf-a022-13ca04dbb0ed" species="DISCp55"/>
        </listOfModifiers>
        <kineticLaw metaid="_3b4b508d-b650-4bda-ad0e-1f7ebda475a3">
          <math xmlns="http://www.w3.org/1998/Math/MathML">          
            <apply>
              <times/>
              <ci> kD374 </ci>
              <ci> DISCp55 </ci>
              <ci> cell </ci>
            </apply>
          </math>
                </kineticLaw>
      </reaction>
      <reaction id="reaction_11" metaid="ab3a98be-9cd8-49be-a0c4-7c5c76e65745" reversible="false">
        <listOfReactants>
          <speciesReference metaid="_752d28c3-440e-43b6-a0a3-95510772e68b" species="DISCp55"/>
        </listOfReactants>
        <listOfProducts>
          <speciesReference metaid="_8d68f51e-ef1e-4274-9c07-6d59efe1d0e3" species="p43"/>
        </listOfProducts>
        <listOfModifiers>
          <modifierSpeciesReference metaid="f850bb04-9aeb-4cf3-b02e-68583cfdef6e" species="DISCp55"/>
          <modifierSpeciesReference metaid="f741fc05-b9b0-4241-8bc0-15dc1a58f04a" species="p30"/>
          <modifierSpeciesReference metaid="_0bec7eea-d450-451c-9068-58a0b4e0eca6" species="DISCp55"/>
          <modifierSpeciesReference metaid="_1a24b25a-0e0a-446e-b694-2239a74bd1ae" species="p30"/>
        </listOfModifiers>
        <kineticLaw metaid="e355b6c3-7d08-4cd7-b0e9-0b3f580d7631">
          <math xmlns="http://www.w3.org/1998/Math/MathML">          
            <apply>
              <times/>
              <ci> kD374trans_p55 </ci>
              <ci> DISCp55 </ci>
              <apply>
                <plus/>
                <ci> DISCp55 </ci>
                <ci> p30 </ci>
              </apply>
              <ci> cell </ci>
            </apply>
          </math>
                </kineticLaw>
      </reaction>
      <reaction id="reaction_12" metaid="b7a9cb4c-6926-490b-be43-7cafa3cbe051" reversible="false">
        <listOfReactants>
          <speciesReference metaid="_6cbaa605-2c2f-4bc8-9c52-7423d4e4f983" species="DISCp55"/>
        </listOfReactants>
        <listOfProducts>
          <speciesReference metaid="dad29799-e61c-4c19-9e07-11daf8390417" species="p43"/>
        </listOfProducts>
        <listOfModifiers>
          <modifierSpeciesReference metaid="_5abc614c-12fb-443b-bb25-60e713f6e629" species="p43"/>
          <modifierSpeciesReference metaid="_5cbd6d85-6961-4108-aeb6-55bf6b4031af" species="DISCp55"/>
          <modifierSpeciesReference metaid="_30b4d6a7-8ccc-4f03-9a0e-2f87b10a5510" species="p43"/>
        </listOfModifiers>
        <kineticLaw metaid="_6a2a72a4-d8a5-4803-8ecb-5b5dacc43e1b">
          <math xmlns="http://www.w3.org/1998/Math/MathML">          
            <apply>
              <times/>
              <ci> kD374trans_p43 </ci>
              <ci> DISCp55 </ci>
              <ci> p43 </ci>
              <ci> cell </ci>
            </apply>
          </math>
                </kineticLaw>
      </reaction>
      <reaction id="reaction_13" metaid="_5baf5381-850b-493e-9790-653f82f1e120" reversible="false">
        <listOfReactants>
          <speciesReference metaid="_614731db-a36a-4969-947e-58a068308546" species="p30"/>
        </listOfReactants>
        <listOfProducts>
          <speciesReference metaid="b1bee83c-0685-4381-a784-7bbf9f5d2551" species="p18"/>
          <speciesReference metaid="_52c5ded9-7e94-4694-a562-ce42f8263383" species="DISC"/>
        </listOfProducts>
        <listOfModifiers>
          <modifierSpeciesReference metaid="b076bac7-5e6b-41ab-854b-483ab96c2876" species="p30"/>
        </listOfModifiers>
        <kineticLaw metaid="_136d624f-2cab-408c-a528-b30f8d8cfb5f">
          <math xmlns="http://www.w3.org/1998/Math/MathML">          
            <apply>
              <times/>
              <ci> kD374 </ci>
              <ci> p30 </ci>
              <ci> cell </ci>
            </apply>
          </math>
                </kineticLaw>
      </reaction>
      <reaction id="reaction_14" metaid="f1e45b14-35ed-47b8-8d6e-c32ef8897a2c" reversible="false">
        <listOfReactants>
          <speciesReference metaid="e991a1ac-e3a9-4fc0-aef7-78bd28c6f2f7" species="p30"/>
        </listOfReactants>
        <listOfProducts>
          <speciesReference metaid="_02c53881-8407-45d2-b44f-df54bccc5beb" species="p18"/>
          <speciesReference metaid="_33a562ba-89ed-4a17-b2aa-961d93e64e4e" species="DISC"/>
        </listOfProducts>
        <listOfModifiers>
          <modifierSpeciesReference metaid="_50cf7b30-9d8c-4a9d-aafb-8cf08d9ec784" species="DISCp55"/>
          <modifierSpeciesReference metaid="_573dfeef-898e-403a-8040-aed95e1ea17b" species="p30"/>
          <modifierSpeciesReference metaid="_77874059-41ad-4902-a0c5-f679564eed77" species="p30"/>
          <modifierSpeciesReference metaid="_9efe11d6-c68c-4902-befa-732b9358ce03" species="DISCp55"/>
        </listOfModifiers>
        <kineticLaw metaid="_643a42a8-3b9b-4d92-80e0-b43bd527c02d">
          <math xmlns="http://www.w3.org/1998/Math/MathML">          
            <apply>
              <times/>
              <ci> kD374trans_p55 </ci>
              <ci> p30 </ci>
              <apply>
                <plus/>
                <ci> DISCp55 </ci>
                <ci> p30 </ci>
              </apply>
              <ci> cell </ci>
            </apply>
          </math>
                </kineticLaw>
      </reaction>
      <reaction id="reaction_15" metaid="_74f14f3d-7bb5-4cb1-9e0a-bbf7fd6ee726" reversible="false">
        <listOfReactants>
          <speciesReference metaid="_47a9d5e4-1786-491a-ace0-d157ba58154c" species="p30"/>
        </listOfReactants>
        <listOfProducts>
          <speciesReference metaid="_7afb2298-ba97-4ed4-bed3-9d842255e38f" species="p18"/>
          <speciesReference metaid="d6dad05f-4d48-4fdc-80a1-5b5217825535" species="DISC"/>
        </listOfProducts>
        <listOfModifiers>
          <modifierSpeciesReference metaid="d2e8b9ab-7891-4455-9e93-e1a8cba5a750" species="p43"/>
          <modifierSpeciesReference metaid="a17ce910-7d16-4e5b-9305-78f449f2615c" species="p30"/>
          <modifierSpeciesReference metaid="_7b930e86-acbf-4859-8945-284c173d93b9" species="p43"/>
        </listOfModifiers>
        <kineticLaw metaid="be003161-5a1d-4515-94ad-a819c45c6019">
          <math xmlns="http://www.w3.org/1998/Math/MathML">          
            <apply>
              <times/>
              <ci> kD374trans_p43 </ci>
              <ci> p30 </ci>
              <ci> p43 </ci>
              <ci> cell </ci>
            </apply>
          </math>
                </kineticLaw>
      </reaction>
      <reaction id="reaction_16" metaid="_96bfbfbe-c327-407d-b0cf-be600013396a" reversible="false">
        <listOfReactants>
          <speciesReference metaid="ace259fd-5f8f-42d5-bef8-d73995f58cd1" species="p18"/>
        </listOfReactants>
        <listOfProducts>
          <speciesReference metaid="_787e8ea2-80d0-412e-a4bd-c898ff248814" species="p18inactive"/>
        </listOfProducts>
        <listOfModifiers>
          <modifierSpeciesReference metaid="_00629996-aee6-4a29-99f8-d17e2c9ec012" species="p18"/>
        </listOfModifiers>
        <kineticLaw metaid="_57ba13a3-5b5e-4283-b5a5-0511170857d9">
          <math xmlns="http://www.w3.org/1998/Math/MathML">          
            <apply>
              <times/>
              <ci> kdiss_p18 </ci>
              <ci> p18 </ci>
              <ci> cell </ci>
            </apply>
          </math>
                </kineticLaw>
      </reaction>
      <reaction id="reaction_17" metaid="_62c21542-87f1-42fc-ae47-ffbec95a804c" reversible="false">
        <listOfReactants>
          <speciesReference metaid="ee50ef92-b933-4055-8e09-40b05408b996" species="Bid"/>
        </listOfReactants>
        <listOfProducts>
          <speciesReference metaid="_4460656d-45c1-48a1-928b-e6f87c8a174e" species="tBid"/>
        </listOfProducts>
        <listOfModifiers>
          <modifierSpeciesReference metaid="_1ccbc941-8a3e-45b6-b19f-93cd30b16693" species="p43"/>
          <modifierSpeciesReference metaid="_0a0bfcdc-783a-4c42-b7f0-4f7b45fd1661" species="p18"/>
          <modifierSpeciesReference metaid="bb332e36-9ccf-49cf-ac8b-0f0884097642" species="Bid"/>
          <modifierSpeciesReference metaid="b17fb614-1916-4039-8a11-2207f950394a" species="p43"/>
          <modifierSpeciesReference metaid="d30b2a34-e3a1-45b1-931d-a2646e6e72b2" species="p18"/>
        </listOfModifiers>
        <kineticLaw metaid="_171b1b8b-b44e-4be6-b2cc-61f3a3321fd1">
          <math xmlns="http://www.w3.org/1998/Math/MathML">          
            <apply>
              <times/>
              <ci> kBid </ci>
              <ci> Bid </ci>
              <apply>
                <plus/>
                <ci> p43 </ci>
                <ci> p18 </ci>
              </apply>
              <ci> cell </ci>
            </apply>
          </math>
                </kineticLaw>
      </reaction>
      <reaction id="reaction_18" metaid="_774ac786-242d-48ef-b937-93793c490d27" reversible="false">
        <listOfReactants>
          <speciesReference metaid="d0faaa97-6199-4663-b2cf-6623e1291c74" species="PrNES_mCherry"/>
        </listOfReactants>
        <listOfProducts>
          <speciesReference metaid="ae722b81-3767-43b0-a0d2-4b22f931c22f" species="PrNES"/>
          <speciesReference metaid="ea98a4ef-5b3e-4085-85fd-2d82673dbcaf" species="mCherry"/>
        </listOfProducts>
        <listOfModifiers>
          <modifierSpeciesReference metaid="_407e8f72-6ee8-4d13-a2f8-d268dfcb2523" species="p43"/>
          <modifierSpeciesReference metaid="_538ef6b3-39c5-41c0-a172-f106d189a7d4" species="p18"/>
          <modifierSpeciesReference metaid="_89034991-fac4-4b6f-8a8b-2c2296dc75f5" species="PrNES_mCherry"/>
          <modifierSpeciesReference metaid="_03092932-3edf-40b5-b5d4-814e6dce54b5" species="p43"/>
          <modifierSpeciesReference metaid="_59956368-e8e9-4042-acd6-1d7c0aab9baf" species="p18"/>
        </listOfModifiers>
        <kineticLaw metaid="_8003d43b-b584-4318-89ff-79a20abb1bc4">
          <math xmlns="http://www.w3.org/1998/Math/MathML">          
            <apply>
              <times/>
              <ci> kD374probe </ci>
              <ci> PrNES_mCherry </ci>
              <apply>
                <plus/>
                <ci> p43 </ci>
                <ci> p18 </ci>
              </apply>
              <ci> cell </ci>
            </apply>
          </math>
                </kineticLaw>
      </reaction>
      <reaction id="reaction_19" metaid="_7372bb54-dbcc-4842-bae6-c9318f0486fd" reversible="false">
        <listOfReactants>
          <speciesReference metaid="_2fe513e5-7f0a-4403-a1a3-3589c9ebd98d" species="PrER_mGFP"/>
        </listOfReactants>
        <listOfProducts>
          <speciesReference metaid="_3e209705-dbe1-44ee-a704-c0cc1709c1de" species="PrER"/>
          <speciesReference metaid="_40c694b9-85a4-4316-8988-957ba659b57b" species="mGFP"/>
        </listOfProducts>
        <listOfModifiers>
          <modifierSpeciesReference metaid="_4f40d514-c504-4257-9d80-90074d27291e" species="p18"/>
          <modifierSpeciesReference metaid="f4b9bac0-3b9a-4b43-8d4a-30b743d1dfaa" species="PrER_mGFP"/>
          <modifierSpeciesReference metaid="_41df55ae-878a-43e2-a599-3b55d4f3e608" species="p18"/>
        </listOfModifiers>
        <kineticLaw metaid="_5f6c0b0a-ce32-46b5-b725-d9ed03a400d4">
          <math xmlns="http://www.w3.org/1998/Math/MathML">          
            <apply>
              <times/>
              <ci> kD374probe </ci>
              <ci> PrER_mGFP </ci>
              <ci> p18 </ci>
              <ci> cell </ci>
            </apply>
          </math>
                </kineticLaw>
      </reaction>
    </listOfReactions>
  </model>
</sbml>