<?xml version='1.0' encoding='UTF-8' standalone='no'?>
<sbml xmlns="http://www.sbml.org/sbml/level2/version4" level="2" metaid="_99caf2af-68f2-4f53-9f40-affba5df461b" version="4">
  <model id="MODEL1512160000" metaid="COPASI0" name="Hermansen2015 - denovo biosynthesis of pyrimidines in yeast">
    <notes>
      <body xmlns="http://www.w3.org/1999/xhtml">
        <div class="dc:title">Hermansen2015 - denovo biosynthesis of pyrimidines in yeast</div>
        <div class="dc:bibliographicCitation">
          <p>This model is described in the article:</p>
          <div class="bibo:title">
            <a href="http://identifiers.org/pubmed/26511837" title="Access to this publication">
Characterizing selective pressures on the pathway for de novo biosynthesis of pyrimidines in yeast. </a>
          </div>
          <div class="bibo:authorList"> Hermansen RA , Mannakee BK , Knecht W , Liberles DA , Gutenkunst RN</div>
          <div class="bibo:Journal">BMC Evolutionary Biology. 2015, 15:232</div>
          <p>Abstract:</p>
          <div class="bibo:abstract">
            <p>
    Selection on proteins is typically measured with the assumption that each protein acts independently. However, selection more likely acts at higher levels of biological organization, requiring an integrative view of protein function. Here, we built a kinetic model for de novo pyrimidine biosynthesis in the yeast Saccharomyces cerevisiae to relate pathway function to selective pressures on individual protein-encoding genes.Gene families across yeast were constructed for each member of the pathway and the ratio of nonsynonymous to synonymous nucleotide substitution rates (dN/dS) was estimated for each enzyme from S. cerevisiae and closely related species. We found a positive relationship between the influence that each enzyme has on pathway function and its selective constraint.We expect this trend to be locally present for enzymes that have pathway control, but over longer evolutionary timescales we expect that mutation-selection balance may change the enzymes that have pathway control. 
    </p>
          </div>
        </div>
        <div class="dc:publisher">
          <p>This model is hosted on 
  <a href="http://www.ebi.ac.uk/biomodels/">BioModels Database</a>
  and identified by: 
  <a href="http://identifiers.org/biomodels.db/MODEL1512160000">MODEL1512160000</a>.</p>
        <p>To cite BioModels Database, please use: 
  <a href="http://identifiers.org/pubmed/20587024" title="Latest BioModels Database publication">BioModels Database:
  An enhanced, curated and annotated resource for published
  quantitative kinetic models</a>.</p>
    </div>
    <div class="dc:license">
      <p>To the extent possible under law, all copyright and related or
  neighbouring rights to this encoded model have been dedicated to
  the public domain worldwide. Please refer to 
  <a href="http://creativecommons.org/publicdomain/zero/1.0/" title="Access to: CC0 1.0 Universal (CC0 1.0), Public Domain Dedication">CC0
  Public Domain Dedication</a> for more information.</p>
  </div>
</body>
</notes>
    <annotation>
  <rdf:RDF xmlns:rdf="http://www.w3.org/1999/02/22-rdf-syntax-ns#" xmlns:dc="http://purl.org/dc/elements/1.1/" xmlns:vCard="http://www.w3.org/2001/vcard-rdf/3.0#" xmlns:dcterms="http://purl.org/dc/terms/" xmlns:bqmodel="http://biomodels.net/model-qualifiers/" xmlns:bqbiol="http://biomodels.net/biology-qualifiers/">
        <rdf:Description rdf:about="#COPASI0">
	<dc:creator>
	<rdf:Bag>
	<rdf:li rdf:parseType="Resource">
	<vCard:N rdf:parseType="Resource">
	<vCard:Family>Mannakee</vCard:Family>
	<vCard:Given>Brian</vCard:Given>
	</vCard:N>
	<vCard:EMAIL>mannakee@email.arizona.edu</vCard:EMAIL>
	<vCard:ORG rdf:parseType="Resource">
	<vCard:Orgname>University of Arizona</vCard:Orgname>
	</vCard:ORG>
	</rdf:li>
	<rdf:li rdf:parseType="Resource">
	<vCard:N rdf:parseType="Resource">
	<vCard:Family>Gutenkunst</vCard:Family>
	<vCard:Given>Ryan</vCard:Given>
	</vCard:N>
	<vCard:EMAIL>rgutenk@email.arizona.edu</vCard:EMAIL>
	<vCard:ORG rdf:parseType="Resource">
	<vCard:Orgname>University of Arizona</vCard:Orgname>
	</vCard:ORG>
	</rdf:li>
	</rdf:Bag>
	</dc:creator>
	<dcterms:created rdf:parseType="Resource">
	<dcterms:W3CDTF>2015-12-10T13:40:40Z</dcterms:W3CDTF>
	</dcterms:created>
	<dcterms:modified rdf:parseType="Resource">
	<dcterms:W3CDTF>2015-12-10T13:40:40Z</dcterms:W3CDTF>
	</dcterms:modified>
	<dcterms:modified rdf:parseType="Resource">
	<dcterms:W3CDTF>2016-02-09T16:23:54Z</dcterms:W3CDTF>
	</dcterms:modified>
	<bqmodel:is>
	<rdf:Bag>
	<rdf:li rdf:resource="http://identifiers.org/biomodels.db/MODEL1512160000"/>
	</rdf:Bag>
	</bqmodel:is>
	<bqmodel:isDescribedBy>
	<rdf:Bag>
	<rdf:li rdf:resource="http://identifiers.org/pubmed/26511837"/>
	</rdf:Bag>
	</bqmodel:isDescribedBy>
	<bqmodel:is>
	<rdf:Bag>
	<rdf:li rdf:resource="http://identifiers.org/biomodels.db/BIOMD0000000590"/>
	</rdf:Bag>
	</bqmodel:is>
	<bqbiol:encodes>
	<rdf:Bag>
	<rdf:li rdf:resource="http://identifiers.org/kegg.pathway/rn00240"/>
	</rdf:Bag>
	</bqbiol:encodes>
	<bqbiol:isDescribedBy>
	<rdf:Bag>
	<rdf:li rdf:resource="http://identifiers.org/doi/doi:10.1186/s12862-015-0515-x"/>
	</rdf:Bag>
	</bqbiol:isDescribedBy>
	</rdf:Description>
	
    <rdf:Description>
      <dc:creator rdf:parseType="Resource"/>
    </rdf:Description>
  </rdf:RDF>
  <COPASI xmlns="http://www.copasi.org/static/sbml">
    <rdf:RDF xmlns:CopasiMT="http://www.copasi.org/RDF/MiriamTerms#" xmlns:dcterms="http://purl.org/dc/terms/" xmlns:rdf="http://www.w3.org/1999/02/22-rdf-syntax-ns#" xmlns:vCard="http://www.w3.org/2001/vcard-rdf/3.0#">
      <rdf:Description rdf:about="#COPASI0">
        <dcterms:bibliographicCitation>
          <rdf:Description>
            <CopasiMT:isDescribedBy rdf:resource="http://identifiers.org/doi/doi:10.1186/s12862-015-0515-x"/>
          </rdf:Description>
        </dcterms:bibliographicCitation>
        <dcterms:created>
          <rdf:Description>
            <dcterms:W3CDTF>2015-12-10T13:40:40Z</dcterms:W3CDTF>
          </rdf:Description>
        </dcterms:created>
        <dcterms:creator>
          <rdf:Description>
            <vCard:EMAIL>mannakee@email.arizona.edu</vCard:EMAIL>
            <vCard:N>
              <rdf:Description>
                <vCard:Family>Mannakee</vCard:Family>
                <vCard:Given>Brian</vCard:Given>
              </rdf:Description>
            </vCard:N>
            <vCard:ORG>
              <rdf:Description>
                <vCard:Orgname>University of Arizona</vCard:Orgname>
              </rdf:Description>
            </vCard:ORG>
          </rdf:Description>
        </dcterms:creator>
        <dcterms:creator>
          <rdf:Description>
            <vCard:EMAIL>rgutenk@email.arizona.edu</vCard:EMAIL>
            <vCard:N>
              <rdf:Description>
                <vCard:Family>Gutenkunst</vCard:Family>
                <vCard:Given>Ryan</vCard:Given>
              </rdf:Description>
            </vCard:N>
            <vCard:ORG>
              <rdf:Description>
                <vCard:Orgname>University of Arizona</vCard:Orgname>
              </rdf:Description>
            </vCard:ORG>
          </rdf:Description>
        </dcterms:creator>
        <CopasiMT:encodes rdf:resource="http://identifiers.org/kegg.pathway/rn00240"/>
      </rdf:Description>
    </rdf:RDF>
  </COPASI>
</annotation>
      <listOfFunctionDefinitions>
      <functionDefinition id="Function_for_r2" metaid="_19f898b9-ee76-43e4-ba37-5facdf1f29da" name="Function for r2">
        <math xmlns="http://www.w3.org/1998/Math/MathML">        
          <lambda>
            <bvar>
              <ci> K_asp </ci>
            </bvar>
            <bvar>
              <ci> K_m2 </ci>
            </bvar>
            <bvar>
              <ci> K_utp </ci>
            </bvar>
            <bvar>
              <ci> asp </ci>
            </bvar>
            <bvar>
              <ci> compartment </ci>
            </bvar>
            <bvar>
              <ci> cp </ci>
            </bvar>
            <bvar>
              <ci> utp </ci>
            </bvar>
            <bvar>
              <ci> vmax2 </ci>
            </bvar>
            <apply>
              <divide/>
              <apply>
                <divide/>
                <apply>
                  <times/>
                  <ci> vmax2 </ci>
                  <ci> cp </ci>
                  <ci> asp </ci>
                </apply>
                <apply>
                  <times/>
                  <apply>
                    <plus/>
                    <cn type="integer"> 1 </cn>
                    <apply>
                      <divide/>
                      <ci> utp </ci>
                      <ci> K_utp </ci>
                    </apply>
                  </apply>
                  <apply>
                    <plus/>
                    <ci> K_m2 </ci>
                    <ci> cp </ci>
                  </apply>
                  <apply>
                    <plus/>
                    <ci> K_asp </ci>
                    <ci> asp </ci>
                  </apply>
                </apply>
              </apply>
              <ci> compartment </ci>
            </apply>
          </lambda>
        </math>
            </functionDefinition>
      <functionDefinition id="Function_for_r1" metaid="_21f49adb-f6d7-47a1-8e3d-7a1e495f35a7" name="Function for r1">
        <math xmlns="http://www.w3.org/1998/Math/MathML">        
          <lambda>
            <bvar>
              <ci> K_atp </ci>
            </bvar>
            <bvar>
              <ci> K_bc </ci>
            </bvar>
            <bvar>
              <ci> K_q </ci>
            </bvar>
            <bvar>
              <ci> K_utp </ci>
            </bvar>
            <bvar>
              <ci> atp </ci>
            </bvar>
            <bvar>
              <ci> bc </ci>
            </bvar>
            <bvar>
              <ci> compartment </ci>
            </bvar>
            <bvar>
              <ci> glu </ci>
            </bvar>
            <bvar>
              <ci> utp </ci>
            </bvar>
            <bvar>
              <ci> vmax1 </ci>
            </bvar>
            <apply>
              <divide/>
              <apply>
                <divide/>
                <apply>
                  <times/>
                  <ci> vmax1 </ci>
                  <ci> bc </ci>
                  <ci> glu </ci>
                  <ci> atp </ci>
                </apply>
                <apply>
                  <times/>
                  <apply>
                    <plus/>
                    <cn type="integer"> 1 </cn>
                    <apply>
                      <divide/>
                      <ci> utp </ci>
                      <ci> K_utp </ci>
                    </apply>
                  </apply>
                  <apply>
                    <plus/>
                    <ci> K_atp </ci>
                    <ci> atp </ci>
                  </apply>
                  <apply>
                    <plus/>
                    <ci> K_bc </ci>
                    <ci> bc </ci>
                  </apply>
                  <apply>
                    <plus/>
                    <ci> K_q </ci>
                    <ci> glu </ci>
                  </apply>
                </apply>
              </apply>
              <ci> compartment </ci>
            </apply>
          </lambda>
        </math>
            </functionDefinition>
      <functionDefinition id="Function_for_r3" metaid="_3d45a55d-f5be-4e52-a627-f83a95bc00c2" name="Function for r3">
        <math xmlns="http://www.w3.org/1998/Math/MathML">        
          <lambda>
            <bvar>
              <ci> K_m3 </ci>
            </bvar>
            <bvar>
              <ci> ca </ci>
            </bvar>
            <bvar>
              <ci> compartment </ci>
            </bvar>
            <bvar>
              <ci> vmax3 </ci>
            </bvar>
            <apply>
              <divide/>
              <apply>
                <divide/>
                <apply>
                  <times/>
                  <ci> vmax3 </ci>
                  <ci> ca </ci>
                </apply>
                <apply>
                  <plus/>
                  <ci> K_m3 </ci>
                  <ci> ca </ci>
                </apply>
              </apply>
              <ci> compartment </ci>
            </apply>
          </lambda>
        </math>
            </functionDefinition>
      <functionDefinition id="Function_for_r4" metaid="bdbd4786-1e44-41d4-8261-2b462bbb85a5" name="Function for r4">
        <math xmlns="http://www.w3.org/1998/Math/MathML">        
          <lambda>
            <bvar>
              <ci> K_m4 </ci>
            </bvar>
            <bvar>
              <ci> compartment </ci>
            </bvar>
            <bvar>
              <ci> dho </ci>
            </bvar>
            <bvar>
              <ci> vmax4 </ci>
            </bvar>
            <apply>
              <divide/>
              <apply>
                <divide/>
                <apply>
                  <times/>
                  <ci> vmax4 </ci>
                  <ci> dho </ci>
                </apply>
                <apply>
                  <plus/>
                  <ci> K_m4 </ci>
                  <ci> dho </ci>
                </apply>
              </apply>
              <ci> compartment </ci>
            </apply>
          </lambda>
        </math>
            </functionDefinition>
      <functionDefinition id="Function_for_r5" metaid="_1f562ba3-1b8e-493c-a8b6-4754d9c43f48" name="Function for r5">
        <math xmlns="http://www.w3.org/1998/Math/MathML">        
          <lambda>
            <bvar>
              <ci> K_m5 </ci>
            </bvar>
            <bvar>
              <ci> compartment </ci>
            </bvar>
            <bvar>
              <ci> oro </ci>
            </bvar>
            <bvar>
              <ci> prpp </ci>
            </bvar>
            <bvar>
              <ci> vmax5 </ci>
            </bvar>
            <apply>
              <divide/>
              <apply>
                <divide/>
                <apply>
                  <times/>
                  <ci> vmax5 </ci>
                  <ci> oro </ci>
                  <ci> prpp </ci>
                </apply>
                <apply>
                  <plus/>
                  <ci> K_m5 </ci>
                  <apply>
                    <times/>
                    <ci> oro </ci>
                    <ci> prpp </ci>
                  </apply>
                </apply>
              </apply>
              <ci> compartment </ci>
            </apply>
          </lambda>
        </math>
            </functionDefinition>
      <functionDefinition id="Function_for_r6" metaid="e0b11808-05c9-40bc-a42a-4fa6f8aec205" name="Function for r6">
        <math xmlns="http://www.w3.org/1998/Math/MathML">        
          <lambda>
            <bvar>
              <ci> K_m6 </ci>
            </bvar>
            <bvar>
              <ci> compartment </ci>
            </bvar>
            <bvar>
              <ci> omp </ci>
            </bvar>
            <bvar>
              <ci> vmax6 </ci>
            </bvar>
            <apply>
              <divide/>
              <apply>
                <divide/>
                <apply>
                  <times/>
                  <ci> vmax6 </ci>
                  <ci> omp </ci>
                </apply>
                <apply>
                  <plus/>
                  <ci> K_m6 </ci>
                  <ci> omp </ci>
                </apply>
              </apply>
              <ci> compartment </ci>
            </apply>
          </lambda>
        </math>
            </functionDefinition>
      <functionDefinition id="Function_for_r10" metaid="_957eb7e0-7a40-4146-9d42-40e486414e2a" name="Function for r10">
        <math xmlns="http://www.w3.org/1998/Math/MathML">        
          <lambda>
            <bvar>
              <ci> K_m10 </ci>
            </bvar>
            <bvar>
              <ci> compartment </ci>
            </bvar>
            <bvar>
              <ci> ump </ci>
            </bvar>
            <bvar>
              <ci> vmax10 </ci>
            </bvar>
            <apply>
              <divide/>
              <apply>
                <divide/>
                <apply>
                  <times/>
                  <ci> vmax10 </ci>
                  <ci> ump </ci>
                </apply>
                <apply>
                  <plus/>
                  <ci> K_m10 </ci>
                  <ci> ump </ci>
                </apply>
              </apply>
              <ci> compartment </ci>
            </apply>
          </lambda>
        </math>
            </functionDefinition>
      <functionDefinition id="Function_for_r7" metaid="ebab706c-a9a5-4cf7-8273-fbaee9c06b09" name="Function for r7">
        <math xmlns="http://www.w3.org/1998/Math/MathML">        
          <lambda>
            <bvar>
              <ci> K_m7 </ci>
            </bvar>
            <bvar>
              <ci> compartment </ci>
            </bvar>
            <bvar>
              <ci> udp </ci>
            </bvar>
            <bvar>
              <ci> vmax7 </ci>
            </bvar>
            <apply>
              <divide/>
              <apply>
                <divide/>
                <apply>
                  <times/>
                  <ci> vmax7 </ci>
                  <ci> udp </ci>
                </apply>
                <apply>
                  <plus/>
                  <ci> K_m7 </ci>
                  <ci> udp </ci>
                </apply>
              </apply>
              <ci> compartment </ci>
            </apply>
          </lambda>
        </math>
            </functionDefinition>
      <functionDefinition id="Function_for_utp_degradation" metaid="_3a84eb8e-d3a2-40bb-8ec9-1385ed93a670" name="Function for utp_degradation">
        <math xmlns="http://www.w3.org/1998/Math/MathML">        
          <lambda>
            <bvar>
              <ci> K_Mp </ci>
            </bvar>
            <bvar>
              <ci> compartment </ci>
            </bvar>
            <bvar>
              <ci> g_pyr </ci>
            </bvar>
            <bvar>
              <ci> utp </ci>
            </bvar>
            <apply>
              <divide/>
              <apply>
                <divide/>
                <apply>
                  <times/>
                  <ci> g_pyr </ci>
                  <ci> utp </ci>
                </apply>
                <apply>
                  <plus/>
                  <ci> K_Mp </ci>
                  <ci> utp </ci>
                </apply>
              </apply>
              <ci> compartment </ci>
            </apply>
          </lambda>
        </math>
            </functionDefinition>
      <functionDefinition id="Function_for_r8" metaid="_1a6e86e4-84ff-4772-bc92-382d91c634d7" name="Function for r8">
        <math xmlns="http://www.w3.org/1998/Math/MathML">        
          <lambda>
            <bvar>
              <ci> K_m8 </ci>
            </bvar>
            <bvar>
              <ci> compartment </ci>
            </bvar>
            <bvar>
              <ci> utp </ci>
            </bvar>
            <bvar>
              <ci> vmax8 </ci>
            </bvar>
            <apply>
              <divide/>
              <apply>
                <divide/>
                <apply>
                  <times/>
                  <ci> vmax8 </ci>
                  <ci> utp </ci>
                </apply>
                <apply>
                  <plus/>
                  <ci> K_m8 </ci>
                  <ci> utp </ci>
                </apply>
              </apply>
              <ci> compartment </ci>
            </apply>
          </lambda>
        </math>
            </functionDefinition>
      <functionDefinition id="Function_for_ctp_degradation" metaid="ac860788-1820-4fc0-8372-d855b9b84d57" name="Function for ctp_degradation">
        <math xmlns="http://www.w3.org/1998/Math/MathML">        
          <lambda>
            <bvar>
              <ci> K_Mp </ci>
            </bvar>
            <bvar>
              <ci> compartment </ci>
            </bvar>
            <bvar>
              <ci> ctp </ci>
            </bvar>
            <bvar>
              <ci> g_pyr </ci>
            </bvar>
            <apply>
              <divide/>
              <apply>
                <divide/>
                <apply>
                  <times/>
                  <ci> g_pyr </ci>
                  <ci> ctp </ci>
                </apply>
                <apply>
                  <plus/>
                  <ci> K_Mp </ci>
                  <ci> ctp </ci>
                </apply>
              </apply>
              <ci> compartment </ci>
            </apply>
          </lambda>
        </math>
            </functionDefinition>
      <functionDefinition id="Function_for_cp_dilution" metaid="_3ebc6918-49d0-4ac3-9186-e460a5f5763d" name="Function for cp_dilution">
        <math xmlns="http://www.w3.org/1998/Math/MathML">        
          <lambda>
            <bvar>
              <ci> compartment </ci>
            </bvar>
            <bvar>
              <ci> cp </ci>
            </bvar>
            <bvar>
              <ci> d </ci>
            </bvar>
            <apply>
              <divide/>
              <apply>
                <times/>
                <ci> d </ci>
                <ci> cp </ci>
              </apply>
              <ci> compartment </ci>
            </apply>
          </lambda>
        </math>
            </functionDefinition>
      <functionDefinition id="Function_for_ca_dilution" metaid="e8a18983-efee-41dc-a8be-93af14ff57b4" name="Function for ca_dilution">
        <math xmlns="http://www.w3.org/1998/Math/MathML">        
          <lambda>
            <bvar>
              <ci> ca </ci>
            </bvar>
            <bvar>
              <ci> compartment </ci>
            </bvar>
            <bvar>
              <ci> d </ci>
            </bvar>
            <apply>
              <divide/>
              <apply>
                <times/>
                <ci> d </ci>
                <ci> ca </ci>
              </apply>
              <ci> compartment </ci>
            </apply>
          </lambda>
        </math>
            </functionDefinition>
      <functionDefinition id="Function_for_dho_dilution" metaid="_6a5dd8ae-dc56-46a5-885f-df11b6a304ba" name="Function for dho_dilution">
        <math xmlns="http://www.w3.org/1998/Math/MathML">        
          <lambda>
            <bvar>
              <ci> compartment </ci>
            </bvar>
            <bvar>
              <ci> d </ci>
            </bvar>
            <bvar>
              <ci> dho </ci>
            </bvar>
            <apply>
              <divide/>
              <apply>
                <times/>
                <ci> d </ci>
                <ci> dho </ci>
              </apply>
              <ci> compartment </ci>
            </apply>
          </lambda>
        </math>
            </functionDefinition>
      <functionDefinition id="Function_for_oro_dilution" metaid="_81681e5e-eeb6-4684-ae84-d967dc6e3089" name="Function for oro_dilution">
        <math xmlns="http://www.w3.org/1998/Math/MathML">        
          <lambda>
            <bvar>
              <ci> compartment </ci>
            </bvar>
            <bvar>
              <ci> d </ci>
            </bvar>
            <bvar>
              <ci> oro </ci>
            </bvar>
            <apply>
              <divide/>
              <apply>
                <times/>
                <ci> d </ci>
                <ci> oro </ci>
              </apply>
              <ci> compartment </ci>
            </apply>
          </lambda>
        </math>
            </functionDefinition>
      <functionDefinition id="Function_for_omp_dilution" metaid="_7784bb36-c091-4012-a13d-dd39ebfca23d" name="Function for omp_dilution">
        <math xmlns="http://www.w3.org/1998/Math/MathML">        
          <lambda>
            <bvar>
              <ci> compartment </ci>
            </bvar>
            <bvar>
              <ci> d </ci>
            </bvar>
            <bvar>
              <ci> omp </ci>
            </bvar>
            <apply>
              <divide/>
              <apply>
                <times/>
                <ci> d </ci>
                <ci> omp </ci>
              </apply>
              <ci> compartment </ci>
            </apply>
          </lambda>
        </math>
            </functionDefinition>
      <functionDefinition id="Function_for_ump_dilution" metaid="_9c5f0ad9-278d-4406-b53c-b37d2c144e0e" name="Function for ump_dilution">
        <math xmlns="http://www.w3.org/1998/Math/MathML">        
          <lambda>
            <bvar>
              <ci> compartment </ci>
            </bvar>
            <bvar>
              <ci> d </ci>
            </bvar>
            <bvar>
              <ci> ump </ci>
            </bvar>
            <apply>
              <divide/>
              <apply>
                <times/>
                <ci> d </ci>
                <ci> ump </ci>
              </apply>
              <ci> compartment </ci>
            </apply>
          </lambda>
        </math>
            </functionDefinition>
      <functionDefinition id="Function_for_udp_dilution" metaid="_9cea0c3f-5883-4664-8957-772ad729315f" name="Function for udp_dilution">
        <math xmlns="http://www.w3.org/1998/Math/MathML">        
          <lambda>
            <bvar>
              <ci> compartment </ci>
            </bvar>
            <bvar>
              <ci> d </ci>
            </bvar>
            <bvar>
              <ci> udp </ci>
            </bvar>
            <apply>
              <divide/>
              <apply>
                <times/>
                <ci> d </ci>
                <ci> udp </ci>
              </apply>
              <ci> compartment </ci>
            </apply>
          </lambda>
        </math>
            </functionDefinition>
      <functionDefinition id="Function_for_utp_dilution" metaid="_0e08b34f-adb9-457e-b6ed-69155ed1d00a" name="Function for utp_dilution">
        <math xmlns="http://www.w3.org/1998/Math/MathML">        
          <lambda>
            <bvar>
              <ci> compartment </ci>
            </bvar>
            <bvar>
              <ci> d </ci>
            </bvar>
            <bvar>
              <ci> utp </ci>
            </bvar>
            <apply>
              <divide/>
              <apply>
                <times/>
                <ci> d </ci>
                <ci> utp </ci>
              </apply>
              <ci> compartment </ci>
            </apply>
          </lambda>
        </math>
            </functionDefinition>
      <functionDefinition id="Function_for_ctp_dilution" metaid="_0125161e-e8d9-4ed8-bfec-dd0c73543b0b" name="Function for ctp_dilution">
        <math xmlns="http://www.w3.org/1998/Math/MathML">        
          <lambda>
            <bvar>
              <ci> compartment </ci>
            </bvar>
            <bvar>
              <ci> ctp </ci>
            </bvar>
            <bvar>
              <ci> d </ci>
            </bvar>
            <apply>
              <divide/>
              <apply>
                <times/>
                <ci> d </ci>
                <ci> ctp </ci>
              </apply>
              <ci> compartment </ci>
            </apply>
          </lambda>
        </math>
            </functionDefinition>
    </listOfFunctionDefinitions>
    <listOfUnitDefinitions>
      <unitDefinition id="time" metaid="_1bbaa173-0847-46a8-b9c5-fc3689deddbd" name="time">
        <listOfUnits>
          <unit exponent="1" kind="second" metaid="_637c4661-521d-4874-b645-59028db4331d" multiplier="3600" scale="0"/>
        </listOfUnits>
      </unitDefinition>
      <unitDefinition id="substance" metaid="_94b7380c-7518-45de-a41a-7712ae811f05" name="substance">
        <listOfUnits>
          <unit exponent="1" kind="mole" metaid="_56f27dac-f410-4b1e-a146-94a680c8d015" multiplier="1" scale="-3"/>
        </listOfUnits>
      </unitDefinition>
    </listOfUnitDefinitions>
    <listOfCompartments>
      <compartment constant="true" id="compartment" metaid="_3cd05345-4e3a-472c-ad72-4bd75924b29f" name="compartment" size="1" spatialDimensions="3"/>
    </listOfCompartments>
    <listOfSpecies>
      <species boundaryCondition="false" compartment="compartment" constant="false" id="cp" initialConcentration="0.00037" metaid="COPASI1" name="cp">
        <annotation>
      <COPASI xmlns="http://www.copasi.org/static/sbml">
        <rdf:RDF xmlns:CopasiMT="http://www.copasi.org/RDF/MiriamTerms#" xmlns:dcterms="http://purl.org/dc/terms/" xmlns:rdf="http://www.w3.org/1999/02/22-rdf-syntax-ns#">
          <rdf:Description rdf:about="#COPASI1">
            <dcterms:created>
              <rdf:Description>
                <dcterms:W3CDTF>2015-12-10T13:55:22Z</dcterms:W3CDTF>
              </rdf:Description>
            </dcterms:created>
            <CopasiMT:is rdf:resource="http://identifiers.org/kegg.compound/C00169"/>
          </rdf:Description>
        </rdf:RDF>
      </COPASI>
      <rdf:RDF xmlns:rdf="http://www.w3.org/1999/02/22-rdf-syntax-ns#" xmlns:dc="http://purl.org/dc/elements/1.1/" xmlns:dcterms="http://purl.org/dc/terms/" xmlns:vCard="http://www.w3.org/2001/vcard-rdf/3.0#" xmlns:bqbiol="http://biomodels.net/biology-qualifiers/" xmlns:bqmodel="http://biomodels.net/model-qualifiers/">
            <rdf:Description rdf:about="#COPASI1">
	<bqbiol:is>
	<rdf:Bag>
	<rdf:li rdf:resource="http://identifiers.org/kegg.compound/C00169"/>
	<rdf:li rdf:resource="http://identifiers.org/chebi/CHEBI:17672"/>
	</rdf:Bag>
	</bqbiol:is>
	</rdf:Description>
	
      </rdf:RDF>
    </annotation>
            </species>
      <species boundaryCondition="false" compartment="compartment" constant="false" id="ca" initialConcentration="0.00037" metaid="COPASI2" name="ca">
        <annotation>
      <COPASI xmlns="http://www.copasi.org/static/sbml">
        <rdf:RDF xmlns:CopasiMT="http://www.copasi.org/RDF/MiriamTerms#" xmlns:dcterms="http://purl.org/dc/terms/" xmlns:rdf="http://www.w3.org/1999/02/22-rdf-syntax-ns#">
          <rdf:Description rdf:about="#COPASI2">
            <dcterms:created>
              <rdf:Description>
                <dcterms:W3CDTF>2015-12-10T13:45:04Z</dcterms:W3CDTF>
              </rdf:Description>
            </dcterms:created>
            <CopasiMT:is rdf:resource="http://identifiers.org/kegg.compound/C00438"/>
          </rdf:Description>
        </rdf:RDF>
      </COPASI>
      <rdf:RDF xmlns:rdf="http://www.w3.org/1999/02/22-rdf-syntax-ns#" xmlns:dc="http://purl.org/dc/elements/1.1/" xmlns:dcterms="http://purl.org/dc/terms/" xmlns:vCard="http://www.w3.org/2001/vcard-rdf/3.0#" xmlns:bqbiol="http://biomodels.net/biology-qualifiers/" xmlns:bqmodel="http://biomodels.net/model-qualifiers/">
            <rdf:Description rdf:about="#COPASI2">
	<bqbiol:is>
	<rdf:Bag>
	<rdf:li rdf:resource="http://identifiers.org/kegg.compound/C00438"/>
	<rdf:li rdf:resource="http://identifiers.org/chebi/CHEBI:15859"/>
	</rdf:Bag>
	</bqbiol:is>
	</rdf:Description>
	
      </rdf:RDF>
    </annotation>
            </species>
      <species boundaryCondition="false" compartment="compartment" constant="false" id="dho" initialConcentration="0.00037" metaid="COPASI3" name="dho">
        <annotation>
      <COPASI xmlns="http://www.copasi.org/static/sbml">
        <rdf:RDF xmlns:CopasiMT="http://www.copasi.org/RDF/MiriamTerms#" xmlns:dcterms="http://purl.org/dc/terms/" xmlns:rdf="http://www.w3.org/1999/02/22-rdf-syntax-ns#">
          <rdf:Description rdf:about="#COPASI3">
            <dcterms:created>
              <rdf:Description>
                <dcterms:W3CDTF>2015-12-10T13:56:57Z</dcterms:W3CDTF>
              </rdf:Description>
            </dcterms:created>
            <CopasiMT:is rdf:resource="http://identifiers.org/kegg.compound/C00337"/>
          </rdf:Description>
        </rdf:RDF>
      </COPASI>
      <rdf:RDF xmlns:rdf="http://www.w3.org/1999/02/22-rdf-syntax-ns#" xmlns:dc="http://purl.org/dc/elements/1.1/" xmlns:dcterms="http://purl.org/dc/terms/" xmlns:vCard="http://www.w3.org/2001/vcard-rdf/3.0#" xmlns:bqbiol="http://biomodels.net/biology-qualifiers/" xmlns:bqmodel="http://biomodels.net/model-qualifiers/">
            <rdf:Description rdf:about="#COPASI3">
	<bqbiol:is>
	<rdf:Bag>
	<rdf:li rdf:resource="http://identifiers.org/kegg.compound/C00337"/>
	<rdf:li rdf:resource="http://identifiers.org/chebi/CHEBI:17025"/>
	</rdf:Bag>
	</bqbiol:is>
	</rdf:Description>
	
      </rdf:RDF>
    </annotation>
            </species>
      <species boundaryCondition="false" compartment="compartment" constant="false" id="oro" initialConcentration="0.00037" metaid="COPASI4" name="oro">
        <annotation>
      <COPASI xmlns="http://www.copasi.org/static/sbml">
        <rdf:RDF xmlns:CopasiMT="http://www.copasi.org/RDF/MiriamTerms#" xmlns:dcterms="http://purl.org/dc/terms/" xmlns:rdf="http://www.w3.org/1999/02/22-rdf-syntax-ns#">
          <rdf:Description rdf:about="#COPASI4">
            <dcterms:created>
              <rdf:Description>
                <dcterms:W3CDTF>2015-12-10T13:46:58Z</dcterms:W3CDTF>
              </rdf:Description>
            </dcterms:created>
            <CopasiMT:is rdf:resource="http://identifiers.org/kegg.compound/C00295"/>
          </rdf:Description>
        </rdf:RDF>
      </COPASI>
      <rdf:RDF xmlns:rdf="http://www.w3.org/1999/02/22-rdf-syntax-ns#" xmlns:dc="http://purl.org/dc/elements/1.1/" xmlns:dcterms="http://purl.org/dc/terms/" xmlns:vCard="http://www.w3.org/2001/vcard-rdf/3.0#" xmlns:bqbiol="http://biomodels.net/biology-qualifiers/" xmlns:bqmodel="http://biomodels.net/model-qualifiers/">
            <rdf:Description rdf:about="#COPASI4">
	<bqbiol:is>
	<rdf:Bag>
	<rdf:li rdf:resource="http://identifiers.org/kegg.compound/C00295"/>
	<rdf:li rdf:resource="http://identifiers.org/chebi/CHEBI:16742"/>
	</rdf:Bag>
	</bqbiol:is>
	</rdf:Description>
	
      </rdf:RDF>
    </annotation>
            </species>
      <species boundaryCondition="false" compartment="compartment" constant="false" id="omp" initialConcentration="0.00037" metaid="COPASI5" name="omp">
        <annotation>
      <COPASI xmlns="http://www.copasi.org/static/sbml">
        <rdf:RDF xmlns:CopasiMT="http://www.copasi.org/RDF/MiriamTerms#" xmlns:dcterms="http://purl.org/dc/terms/" xmlns:rdf="http://www.w3.org/1999/02/22-rdf-syntax-ns#">
          <rdf:Description rdf:about="#COPASI5">
            <dcterms:created>
              <rdf:Description>
                <dcterms:W3CDTF>2015-12-10T13:57:41Z</dcterms:W3CDTF>
              </rdf:Description>
            </dcterms:created>
            <CopasiMT:is rdf:resource="http://identifiers.org/kegg.compound/C01103"/>
          </rdf:Description>
        </rdf:RDF>
      </COPASI>
      <rdf:RDF xmlns:rdf="http://www.w3.org/1999/02/22-rdf-syntax-ns#" xmlns:dc="http://purl.org/dc/elements/1.1/" xmlns:dcterms="http://purl.org/dc/terms/" xmlns:vCard="http://www.w3.org/2001/vcard-rdf/3.0#" xmlns:bqbiol="http://biomodels.net/biology-qualifiers/" xmlns:bqmodel="http://biomodels.net/model-qualifiers/">
            <rdf:Description rdf:about="#COPASI5">
	<bqbiol:is>
	<rdf:Bag>
	<rdf:li rdf:resource="http://identifiers.org/kegg.compound/C01103"/>
	<rdf:li rdf:resource="http://identifiers.org/chebi/CHEBI:15842"/>
	</rdf:Bag>
	</bqbiol:is>
	</rdf:Description>
	
      </rdf:RDF>
    </annotation>
            </species>
      <species boundaryCondition="false" compartment="compartment" constant="false" id="ump" initialConcentration="0.00037" metaid="COPASI6" name="ump">
        <annotation>
      <COPASI xmlns="http://www.copasi.org/static/sbml">
        <rdf:RDF xmlns:CopasiMT="http://www.copasi.org/RDF/MiriamTerms#" xmlns:dcterms="http://purl.org/dc/terms/" xmlns:rdf="http://www.w3.org/1999/02/22-rdf-syntax-ns#">
          <rdf:Description rdf:about="#COPASI6">
            <dcterms:created>
              <rdf:Description>
                <dcterms:W3CDTF>2015-12-10T14:02:05Z</dcterms:W3CDTF>
              </rdf:Description>
            </dcterms:created>
            <CopasiMT:is rdf:resource="http://identifiers.org/kegg.compound/C00105"/>
          </rdf:Description>
        </rdf:RDF>
      </COPASI>
      <rdf:RDF xmlns:rdf="http://www.w3.org/1999/02/22-rdf-syntax-ns#" xmlns:dc="http://purl.org/dc/elements/1.1/" xmlns:dcterms="http://purl.org/dc/terms/" xmlns:vCard="http://www.w3.org/2001/vcard-rdf/3.0#" xmlns:bqbiol="http://biomodels.net/biology-qualifiers/" xmlns:bqmodel="http://biomodels.net/model-qualifiers/">
            <rdf:Description rdf:about="#COPASI6">
	<bqbiol:is>
	<rdf:Bag>
	<rdf:li rdf:resource="http://identifiers.org/kegg.compound/C00105"/>
	<rdf:li rdf:resource="http://identifiers.org/chebi/CHEBI:16695"/>
	</rdf:Bag>
	</bqbiol:is>
	</rdf:Description>
	
      </rdf:RDF>
    </annotation>
            </species>
      <species boundaryCondition="false" compartment="compartment" constant="false" id="udp" initialConcentration="0.002886" metaid="COPASI7" name="udp">
        <annotation>
      <COPASI xmlns="http://www.copasi.org/static/sbml">
        <rdf:RDF xmlns:CopasiMT="http://www.copasi.org/RDF/MiriamTerms#" xmlns:dcterms="http://purl.org/dc/terms/" xmlns:rdf="http://www.w3.org/1999/02/22-rdf-syntax-ns#">
          <rdf:Description rdf:about="#COPASI7">
            <dcterms:created>
              <rdf:Description>
                <dcterms:W3CDTF>2015-12-10T14:01:28Z</dcterms:W3CDTF>
              </rdf:Description>
            </dcterms:created>
            <CopasiMT:is rdf:resource="http://identifiers.org/kegg.compound/C00015"/>
          </rdf:Description>
        </rdf:RDF>
      </COPASI>
      <rdf:RDF xmlns:rdf="http://www.w3.org/1999/02/22-rdf-syntax-ns#" xmlns:dc="http://purl.org/dc/elements/1.1/" xmlns:dcterms="http://purl.org/dc/terms/" xmlns:vCard="http://www.w3.org/2001/vcard-rdf/3.0#" xmlns:bqbiol="http://biomodels.net/biology-qualifiers/" xmlns:bqmodel="http://biomodels.net/model-qualifiers/">
            <rdf:Description rdf:about="#COPASI7">
	<bqbiol:is>
	<rdf:Bag>
	<rdf:li rdf:resource="http://identifiers.org/kegg.compound/C00015"/>
	<rdf:li rdf:resource="http://identifiers.org/chebi/CHEBI:17659"/>
	</rdf:Bag>
	</bqbiol:is>
	</rdf:Description>
	
      </rdf:RDF>
    </annotation>
            </species>
      <species boundaryCondition="false" compartment="compartment" constant="false" id="utp" initialConcentration="0.00666" metaid="COPASI8" name="utp">
        <annotation>
      <COPASI xmlns="http://www.copasi.org/static/sbml">
        <rdf:RDF xmlns:CopasiMT="http://www.copasi.org/RDF/MiriamTerms#" xmlns:dcterms="http://purl.org/dc/terms/" xmlns:rdf="http://www.w3.org/1999/02/22-rdf-syntax-ns#">
          <rdf:Description rdf:about="#COPASI8">
            <dcterms:created>
              <rdf:Description>
                <dcterms:W3CDTF>2015-12-10T14:02:36Z</dcterms:W3CDTF>
              </rdf:Description>
            </dcterms:created>
            <CopasiMT:is rdf:resource="http://identifiers.org/kegg.compound/C00075"/>
          </rdf:Description>
        </rdf:RDF>
      </COPASI>
      <rdf:RDF xmlns:rdf="http://www.w3.org/1999/02/22-rdf-syntax-ns#" xmlns:dc="http://purl.org/dc/elements/1.1/" xmlns:dcterms="http://purl.org/dc/terms/" xmlns:vCard="http://www.w3.org/2001/vcard-rdf/3.0#" xmlns:bqbiol="http://biomodels.net/biology-qualifiers/" xmlns:bqmodel="http://biomodels.net/model-qualifiers/">
            <rdf:Description rdf:about="#COPASI8">
	<bqbiol:is>
	<rdf:Bag>
	<rdf:li rdf:resource="http://identifiers.org/kegg.compound/C00075"/>
	<rdf:li rdf:resource="http://identifiers.org/chebi/CHEBI:15713"/>
	</rdf:Bag>
	</bqbiol:is>
	</rdf:Description>
	
      </rdf:RDF>
    </annotation>
            </species>
      <species boundaryCondition="false" compartment="compartment" constant="false" id="ctp" initialConcentration="0.00037" metaid="COPASI9" name="ctp">
        <annotation>
      <COPASI xmlns="http://www.copasi.org/static/sbml">
        <rdf:RDF xmlns:CopasiMT="http://www.copasi.org/RDF/MiriamTerms#" xmlns:dcterms="http://purl.org/dc/terms/" xmlns:rdf="http://www.w3.org/1999/02/22-rdf-syntax-ns#">
          <rdf:Description rdf:about="#COPASI9">
            <dcterms:created>
              <rdf:Description>
                <dcterms:W3CDTF>2015-12-10T13:56:18Z</dcterms:W3CDTF>
              </rdf:Description>
            </dcterms:created>
            <CopasiMT:is rdf:resource="http://identifiers.org/kegg.compound/C00063"/>
          </rdf:Description>
        </rdf:RDF>
      </COPASI>
      <rdf:RDF xmlns:rdf="http://www.w3.org/1999/02/22-rdf-syntax-ns#" xmlns:dc="http://purl.org/dc/elements/1.1/" xmlns:dcterms="http://purl.org/dc/terms/" xmlns:vCard="http://www.w3.org/2001/vcard-rdf/3.0#" xmlns:bqbiol="http://biomodels.net/biology-qualifiers/" xmlns:bqmodel="http://biomodels.net/model-qualifiers/">
            <rdf:Description rdf:about="#COPASI9">
	<bqbiol:is>
	<rdf:Bag>
	<rdf:li rdf:resource="http://identifiers.org/kegg.compound/C00063"/>
	<rdf:li rdf:resource="http://identifiers.org/chebi/CHEBI:17677"/>
	</rdf:Bag>
	</bqbiol:is>
	</rdf:Description>
	
      </rdf:RDF>
    </annotation>
            </species>
    </listOfSpecies>
    <listOfParameters>
      <parameter constant="true" id="vmax1" metaid="_0d0ad52c-082c-4eb7-a009-df0b9b17cb4e" name="vmax1" value="3.61602627459517"/>
      <parameter constant="true" id="bc" metaid="c074e70d-5da6-4487-a7ce-cfea1e28a0f5" name="[bc]" value="1.52264278250403"/>
      <parameter constant="true" id="glu" metaid="f8446222-49bb-481a-ad85-e86bd2baa1a9" name="[glu]" value="0.54620785996429"/>
      <parameter constant="true" id="K_utp" metaid="_7ccc2187-fb69-4bdd-b81b-91bfbc984264" name="K_utp" value="1.413855257896"/>
      <parameter constant="true" id="K_q" metaid="_9ad4a76b-4cc5-47df-8492-8c4ae3da689a" name="K_q" value="0.05784981576165"/>
      <parameter constant="true" id="K_bc" metaid="d6241b47-2c8d-46a7-ac1a-eca72779f6f2" name="K_bc" value="2.3716657188714"/>
      <parameter constant="true" id="vmax2" metaid="_7fbc1a9a-49c7-42e0-9c8b-3576cdca3943" name="vmax2" value="2.44590712912244"/>
      <parameter constant="true" id="asp" metaid="_34015d1b-fcb0-44f4-99bd-e0632c096161" name="[asp]" value="0.0972544685826559"/>
      <parameter constant="true" id="atp" metaid="_12752918-dc23-45a9-ac83-3711004aaffb" name="[atp]" value="0.150650172583633"/>
      <parameter constant="true" id="K_atp" metaid="_6452f698-0355-4a40-bc30-3e949a2297ad" name="K_atp" value="1.28940553329954"/>
      <parameter constant="true" id="K_m2" metaid="_17747ffa-2135-4cf0-956c-85b9d7f75fb0" name="K_m2" value="2.00489353757245"/>
      <parameter constant="true" id="vmax3" metaid="_844e1541-81d8-4439-afd2-5973c24dd42e" name="vmax3" value="28.6613123782585"/>
      <parameter constant="true" id="K_m3" metaid="c06f27dd-8854-41b4-b43f-2087036eaef1" name="K_m3" value="1.27179181717468"/>
      <parameter constant="true" id="vmax4" metaid="_6feff14c-13e2-452f-bfb3-519082bc8d45" name="vmax4" value="91.7802875108298"/>
      <parameter constant="true" id="K_m4" metaid="d45b8175-a6cc-4e94-9af0-0c7c6cd437fa" name="K_m4" value="0.0160033122150611"/>
      <parameter constant="true" id="vmax5" metaid="_1d66740c-2483-4d45-8242-c30f115d786f" name="vmax5" value="5227.49670547203"/>
      <parameter constant="true" id="K_m5" metaid="_393367f7-f13e-4ceb-a736-333e5a70c716" name="K_m5" value="0.0195216150005324"/>
      <parameter constant="true" id="prpp" metaid="c3d0c927-c7ed-4513-8b90-b006f20861d5" name="[prpp]" value="0.181644900226225"/>
      <parameter constant="true" id="vmax6" metaid="_98ee8c0d-21a7-4f9a-9cfb-6413b71767ef" name="vmax6" value="34.9720846528477"/>
      <parameter constant="true" id="K_m6" metaid="_9e69d3c9-d8f7-4ca4-baef-639cf6eb7aae" name="K_m6" value="20.3406449182435"/>
      <parameter constant="true" id="vmax10" metaid="_9b91a596-f6d6-4847-927d-df2a02a55f4e" name="vmax10" value="6.55543523218919"/>
      <parameter constant="true" id="K_m10" metaid="_70013560-f542-4257-a726-709bbc65bdbe" name="K_m10" value="0.0267841313759584"/>
      <parameter constant="true" id="vmax7" metaid="_97cfb3c6-0a23-4fe2-ae16-69b05c8937b3" name="vmax7" value="5.83104141997666"/>
      <parameter constant="true" id="K_m7" metaid="_6159926b-1c9e-403f-90e5-8672c605e40b" name="K_m7" value="0.166382738667754"/>
      <parameter constant="true" id="g_pyr" metaid="_9f57c65b-60ea-494d-a0f1-3d96fe42e517" name="g_pyr" value="0.198306450999093"/>
      <parameter constant="true" id="K_Mp" metaid="_1e1032ff-c2d5-4774-87ae-f36aa382bf8b" name="K_Mp" value="5.48714446027226"/>
      <parameter constant="true" id="vmax8" metaid="_94b07234-d920-4d23-b929-40184d69b5d1" name="vmax8" value="0.162943604164789"/>
      <parameter constant="true" id="K_m8" metaid="_3b128bef-2bc3-42f7-a3b8-7b749039a327" name="K_m8" value="0.00435621076587497"/>
      <parameter constant="true" id="K_asp" metaid="_9a0bcabd-58ad-43d4-903c-8b7772b9e358" name="K_asp" value="0.168308889432487"/>
      <parameter constant="true" id="d" metaid="_4e1b73da-046a-4514-86df-f0270f5398d2" name="d" value="0.1"/>
    </listOfParameters>
    <listOfReactions>
      <reaction id="r1" metaid="COPASI10" name="r1" reversible="true">
        <annotation>
      <COPASI xmlns="http://www.copasi.org/static/sbml">
        <rdf:RDF xmlns:CopasiMT="http://www.copasi.org/RDF/MiriamTerms#" xmlns:dcterms="http://purl.org/dc/terms/" xmlns:rdf="http://www.w3.org/1999/02/22-rdf-syntax-ns#">
          <rdf:Description rdf:about="#COPASI10">
            <dcterms:created>
              <rdf:Description>
                <dcterms:W3CDTF>2015-12-10T14:03:22Z</dcterms:W3CDTF>
              </rdf:Description>
            </dcterms:created>
            <CopasiMT:is rdf:resource="http://identifiers.org/kegg.reaction/R00575"/>
            <CopasiMT:is rdf:resource="http://identifiers.org/uniprot/P07259"/>
          </rdf:Description>
        </rdf:RDF>
      </COPASI>
      <rdf:RDF xmlns:rdf="http://www.w3.org/1999/02/22-rdf-syntax-ns#" xmlns:bqbiol="http://biomodels.net/biology-qualifiers/">
            <rdf:Description rdf:about="#COPASI10">
              <bqbiol:is>
	<rdf:Bag>
	<rdf:li rdf:resource="http://identifiers.org/uniprot/P07259"/>
	</rdf:Bag>
	</bqbiol:is>
	
	<bqbiol:is>
	<rdf:Bag>
	<rdf:li rdf:resource="http://identifiers.org/kegg.reaction/R00575"/>
	</rdf:Bag>
	</bqbiol:is>
	</rdf:Description>
	
      </rdf:RDF>
    </annotation>
              <listOfProducts>
          <speciesReference metaid="_922f8ff3-51af-4180-ad8b-7e019eba3284" species="cp" stoichiometry="1"/>
        </listOfProducts>
        <listOfModifiers>
          <modifierSpeciesReference metaid="ac647321-dd5c-42d1-985a-fdd8909f06d0" species="utp"/>
          <modifierSpeciesReference metaid="_0588e08e-52e9-456c-831a-78728ecd45e7" species="utp"/>
        </listOfModifiers>
        <kineticLaw metaid="_3f25fb69-10d1-43b3-9852-c5a295073498">
          <math xmlns="http://www.w3.org/1998/Math/MathML">          
            <apply>
              <times/>
              <ci> compartment </ci>
              <apply>
                <ci> Function_for_r1 </ci>
                <ci> K_atp </ci>
                <ci> K_bc </ci>
                <ci> K_q </ci>
                <ci> K_utp </ci>
                <ci> atp </ci>
                <ci> bc </ci>
                <ci> compartment </ci>
                <ci> glu </ci>
                <ci> utp </ci>
                <ci> vmax1 </ci>
              </apply>
            </apply>
          </math>
                </kineticLaw>
      </reaction>
      <reaction id="r2" metaid="COPASI11" name="r2" reversible="true">
        <annotation>
      <COPASI xmlns="http://www.copasi.org/static/sbml">
        <rdf:RDF xmlns:CopasiMT="http://www.copasi.org/RDF/MiriamTerms#" xmlns:dcterms="http://purl.org/dc/terms/" xmlns:rdf="http://www.w3.org/1999/02/22-rdf-syntax-ns#">
          <rdf:Description rdf:about="#COPASI11">
            <dcterms:created>
              <rdf:Description>
                <dcterms:W3CDTF>2015-12-10T14:15:49Z</dcterms:W3CDTF>
              </rdf:Description>
            </dcterms:created>
            <CopasiMT:is rdf:resource="http://identifiers.org/kegg.reaction/R01397"/>
            <CopasiMT:is rdf:resource="http://identifiers.org/uniprot/P07259"/>
          </rdf:Description>
        </rdf:RDF>
      </COPASI>
      <rdf:RDF xmlns:rdf="http://www.w3.org/1999/02/22-rdf-syntax-ns#" xmlns:bqbiol="http://biomodels.net/biology-qualifiers/">
            <rdf:Description rdf:about="#COPASI11">
              <bqbiol:is>
	<rdf:Bag>
	<rdf:li rdf:resource="http://identifiers.org/kegg.reaction/R01397"/>
	</rdf:Bag>
	</bqbiol:is>
	
	<bqbiol:is>
	<rdf:Bag>
	<rdf:li rdf:resource="http://identifiers.org/uniprot/P07259"/>
	</rdf:Bag>
	</bqbiol:is>
	</rdf:Description>
	
      </rdf:RDF>
    </annotation>
              <listOfReactants>
          <speciesReference metaid="_5db82312-8f26-40ee-bb5a-d84d1958cc04" species="cp" stoichiometry="1"/>
        </listOfReactants>
        <listOfProducts>
          <speciesReference metaid="f2818750-f1d6-4d12-b124-af8b3ec29eb2" species="ca" stoichiometry="1"/>
        </listOfProducts>
        <listOfModifiers>
          <modifierSpeciesReference metaid="_984d8f1c-b5b1-4166-a512-abcd4cd8c366" species="utp"/>
          <modifierSpeciesReference metaid="_79a401c1-8864-4a2f-9d62-8ccc8b3767ad" species="cp"/>
          <modifierSpeciesReference metaid="_549f330a-1bfd-4346-8559-9da85dc172f4" species="utp"/>
        </listOfModifiers>
        <kineticLaw metaid="_23ad11d8-f8b6-42c0-938b-5d4ed7310ef5">
          <math xmlns="http://www.w3.org/1998/Math/MathML">          
            <apply>
              <times/>
              <ci> compartment </ci>
              <apply>
                <ci> Function_for_r2 </ci>
                <ci> K_asp </ci>
                <ci> K_m2 </ci>
                <ci> K_utp </ci>
                <ci> asp </ci>
                <ci> compartment </ci>
                <ci> cp </ci>
                <ci> utp </ci>
                <ci> vmax2 </ci>
              </apply>
            </apply>
          </math>
                </kineticLaw>
      </reaction>
      <reaction id="r3" metaid="COPASI12" name="r3" reversible="true">
        <annotation>
      <COPASI xmlns="http://www.copasi.org/static/sbml">
        <rdf:RDF xmlns:CopasiMT="http://www.copasi.org/RDF/MiriamTerms#" xmlns:dcterms="http://purl.org/dc/terms/" xmlns:rdf="http://www.w3.org/1999/02/22-rdf-syntax-ns#">
          <rdf:Description rdf:about="#COPASI12">
            <dcterms:created>
              <rdf:Description>
                <dcterms:W3CDTF>2015-12-10T14:17:35Z</dcterms:W3CDTF>
              </rdf:Description>
            </dcterms:created>
            <CopasiMT:is rdf:resource="http://identifiers.org/kegg.reaction/R01993"/>
            <CopasiMT:is rdf:resource="http://identifiers.org/uniprot/P20051"/>
          </rdf:Description>
        </rdf:RDF>
      </COPASI>
      <rdf:RDF xmlns:rdf="http://www.w3.org/1999/02/22-rdf-syntax-ns#" xmlns:bqbiol="http://biomodels.net/biology-qualifiers/">
            <rdf:Description rdf:about="#COPASI12">
              <bqbiol:is>
	<rdf:Bag>
	<rdf:li rdf:resource="http://identifiers.org/kegg.reaction/R01993"/>
	</rdf:Bag>
	</bqbiol:is>
	
	<bqbiol:is>
	<rdf:Bag>
	<rdf:li rdf:resource="http://identifiers.org/uniprot/P20051"/>
	</rdf:Bag>
	</bqbiol:is>
	</rdf:Description>
	
      </rdf:RDF>
    </annotation>
              <listOfReactants>
          <speciesReference metaid="_14d0bb61-a845-4de7-85af-a3533c2321f1" species="ca" stoichiometry="1"/>
        </listOfReactants>
        <listOfProducts>
          <speciesReference metaid="ced24702-c1f8-4543-b0af-28d782b6ce3f" species="dho" stoichiometry="1"/>
        </listOfProducts>
        <listOfModifiers>
          <modifierSpeciesReference metaid="_76516f50-d4ab-4d17-95e1-1f14ed585841" species="ca"/>
        </listOfModifiers>
        <kineticLaw metaid="_1b0b37ff-fa92-4c20-8b6e-1c316c132fca">
          <math xmlns="http://www.w3.org/1998/Math/MathML">          
            <apply>
              <times/>
              <ci> compartment </ci>
              <apply>
                <ci> Function_for_r3 </ci>
                <ci> K_m3 </ci>
                <ci> ca </ci>
                <ci> compartment </ci>
                <ci> vmax3 </ci>
              </apply>
            </apply>
          </math>
                </kineticLaw>
      </reaction>
      <reaction id="r4" metaid="COPASI13" name="r4" reversible="true">
        <annotation>
      <COPASI xmlns="http://www.copasi.org/static/sbml">
        <rdf:RDF xmlns:CopasiMT="http://www.copasi.org/RDF/MiriamTerms#" xmlns:dcterms="http://purl.org/dc/terms/" xmlns:rdf="http://www.w3.org/1999/02/22-rdf-syntax-ns#">
          <rdf:Description rdf:about="#COPASI13">
            <dcterms:created>
              <rdf:Description>
                <dcterms:W3CDTF>2015-12-11T14:26:34Z</dcterms:W3CDTF>
              </rdf:Description>
            </dcterms:created>
            <CopasiMT:is rdf:resource="http://identifiers.org/kegg.reaction/R01866"/>
            <CopasiMT:is rdf:resource="http://identifiers.org/uniprot/P28272"/>
          </rdf:Description>
        </rdf:RDF>
      </COPASI>
      <rdf:RDF xmlns:rdf="http://www.w3.org/1999/02/22-rdf-syntax-ns#" xmlns:bqbiol="http://biomodels.net/biology-qualifiers/">
            <rdf:Description rdf:about="#COPASI13">
              <bqbiol:is>
	<rdf:Bag>
	<rdf:li rdf:resource="http://identifiers.org/kegg.reaction/R01866"/>
	</rdf:Bag>
	</bqbiol:is>
	
	<bqbiol:is>
	<rdf:Bag>
	<rdf:li rdf:resource="http://identifiers.org/uniprot/P28272"/>
	</rdf:Bag>
	</bqbiol:is>
	</rdf:Description>
	
      </rdf:RDF>
    </annotation>
              <listOfReactants>
          <speciesReference metaid="f9ca1035-b096-4d34-9a2e-20d72925e558" species="dho" stoichiometry="1"/>
        </listOfReactants>
        <listOfProducts>
          <speciesReference metaid="f8cd414f-4b16-424c-a260-642a13727ce2" species="oro" stoichiometry="1"/>
        </listOfProducts>
        <listOfModifiers>
          <modifierSpeciesReference metaid="aa218aca-7632-4eed-a2f1-b2db6786dfb1" species="dho"/>
        </listOfModifiers>
        <kineticLaw metaid="_7f02939b-376f-4cec-8f49-6880be4eb351">
          <math xmlns="http://www.w3.org/1998/Math/MathML">          
            <apply>
              <times/>
              <ci> compartment </ci>
              <apply>
                <ci> Function_for_r4 </ci>
                <ci> K_m4 </ci>
                <ci> compartment </ci>
                <ci> dho </ci>
                <ci> vmax4 </ci>
              </apply>
            </apply>
          </math>
                </kineticLaw>
      </reaction>
      <reaction id="r5" metaid="COPASI14" name="r5" reversible="true">
        <annotation>
      <COPASI xmlns="http://www.copasi.org/static/sbml">
        <rdf:RDF xmlns:CopasiMT="http://www.copasi.org/RDF/MiriamTerms#" xmlns:dcterms="http://purl.org/dc/terms/" xmlns:rdf="http://www.w3.org/1999/02/22-rdf-syntax-ns#">
          <rdf:Description rdf:about="#COPASI14">
            <dcterms:created>
              <rdf:Description>
                <dcterms:W3CDTF>2015-12-11T14:30:07Z</dcterms:W3CDTF>
              </rdf:Description>
            </dcterms:created>
            <CopasiMT:is rdf:resource="http://identifiers.org/kegg.reaction/R01870"/>
            <CopasiMT:is rdf:resource="http://identifiers.org/uniprot/P13298"/>
            <CopasiMT:isHomologTo rdf:resource="http://identifiers.org/uniprot/P30402"/>
          </rdf:Description>
        </rdf:RDF>
      </COPASI>
      <rdf:RDF xmlns:rdf="http://www.w3.org/1999/02/22-rdf-syntax-ns#" xmlns:bqbiol="http://biomodels.net/biology-qualifiers/">
            <rdf:Description rdf:about="#COPASI14">
              <bqbiol:is>
	<rdf:Bag>
	<rdf:li rdf:resource="http://identifiers.org/uniprot/P13298"/>
	</rdf:Bag>
	</bqbiol:is>
	<bqbiol:is>
	<rdf:Bag>
	<rdf:li rdf:resource="http://identifiers.org/kegg.reaction/R01870"/>
	</rdf:Bag>
	</bqbiol:is>
	
	<bqbiol:isHomologTo>
	<rdf:Bag>
	<rdf:li rdf:resource="http://identifiers.org/uniprot/P30402"/>
	</rdf:Bag>
	</bqbiol:isHomologTo>
	</rdf:Description>
	
      </rdf:RDF>
    </annotation>
              <listOfReactants>
          <speciesReference metaid="a8f66fa1-b8ed-42d5-9da6-39e95527d320" species="oro" stoichiometry="1"/>
        </listOfReactants>
        <listOfProducts>
          <speciesReference metaid="_77fac4ee-a39f-49c7-9c03-e38db69fd179" species="omp" stoichiometry="1"/>
        </listOfProducts>
        <listOfModifiers>
          <modifierSpeciesReference metaid="_0fc7e6d4-06ee-4740-9cf3-159f80b396b6" species="oro"/>
        </listOfModifiers>
        <kineticLaw metaid="_02adf533-ac8c-4626-9a27-45d3b59a6d13">
          <math xmlns="http://www.w3.org/1998/Math/MathML">          
            <apply>
              <times/>
              <ci> compartment </ci>
              <apply>
                <ci> Function_for_r5 </ci>
                <ci> K_m5 </ci>
                <ci> compartment </ci>
                <ci> oro </ci>
                <ci> prpp </ci>
                <ci> vmax5 </ci>
              </apply>
            </apply>
          </math>
                </kineticLaw>
      </reaction>
      <reaction id="r6" metaid="COPASI15" name="r6" reversible="true">
        <annotation>
      <COPASI xmlns="http://www.copasi.org/static/sbml">
        <rdf:RDF xmlns:CopasiMT="http://www.copasi.org/RDF/MiriamTerms#" xmlns:dcterms="http://purl.org/dc/terms/" xmlns:rdf="http://www.w3.org/1999/02/22-rdf-syntax-ns#">
          <rdf:Description rdf:about="#COPASI15">
            <dcterms:created>
              <rdf:Description>
                <dcterms:W3CDTF>2015-12-11T14:32:18Z</dcterms:W3CDTF>
              </rdf:Description>
            </dcterms:created>
            <CopasiMT:is rdf:resource="http://identifiers.org/kegg.reaction/R00965"/>
            <CopasiMT:is rdf:resource="http://identifiers.org/uniprot/P03962"/>
          </rdf:Description>
        </rdf:RDF>
      </COPASI>
      <rdf:RDF xmlns:rdf="http://www.w3.org/1999/02/22-rdf-syntax-ns#" xmlns:bqbiol="http://biomodels.net/biology-qualifiers/">
            <rdf:Description rdf:about="#COPASI15">
              <bqbiol:is>
	<rdf:Bag>
	<rdf:li rdf:resource="http://identifiers.org/uniprot/P03962"/>
	</rdf:Bag>
	</bqbiol:is>
	
	<bqbiol:is>
	<rdf:Bag>
	<rdf:li rdf:resource="http://identifiers.org/kegg.reaction/R00965"/>
	</rdf:Bag>
	</bqbiol:is>
	</rdf:Description>
	
      </rdf:RDF>
    </annotation>
              <listOfReactants>
          <speciesReference metaid="_6f16fb73-54f3-4956-b48e-1d1d22da51af" species="omp" stoichiometry="1"/>
        </listOfReactants>
        <listOfProducts>
          <speciesReference metaid="d1af627e-6eec-4417-becf-4c1902ab51ac" species="ump" stoichiometry="1"/>
        </listOfProducts>
        <listOfModifiers>
          <modifierSpeciesReference metaid="d3c08cce-b48f-4cd6-8290-76c630b8d996" species="omp"/>
        </listOfModifiers>
        <kineticLaw metaid="_3d0f730e-c4a3-4534-b002-7f2bd309f879">
          <math xmlns="http://www.w3.org/1998/Math/MathML">          
            <apply>
              <times/>
              <ci> compartment </ci>
              <apply>
                <ci> Function_for_r6 </ci>
                <ci> K_m6 </ci>
                <ci> compartment </ci>
                <ci> omp </ci>
                <ci> vmax6 </ci>
              </apply>
            </apply>
          </math>
                </kineticLaw>
      </reaction>
      <reaction id="r10" metaid="COPASI16" name="r10" reversible="true">
        <annotation>
      <COPASI xmlns="http://www.copasi.org/static/sbml">
        <rdf:RDF xmlns:CopasiMT="http://www.copasi.org/RDF/MiriamTerms#" xmlns:dcterms="http://purl.org/dc/terms/" xmlns:rdf="http://www.w3.org/1999/02/22-rdf-syntax-ns#">
          <rdf:Description rdf:about="#COPASI16">
            <dcterms:created>
              <rdf:Description>
                <dcterms:W3CDTF>2015-12-10T14:15:49Z</dcterms:W3CDTF>
              </rdf:Description>
            </dcterms:created>
            <CopasiMT:hasVersion rdf:resource="http://identifiers.org/kegg.reaction/R00158"/>
            <CopasiMT:is rdf:resource="http://identifiers.org/uniprot/P15700"/>
          </rdf:Description>
        </rdf:RDF>
      </COPASI>
      <rdf:RDF xmlns:rdf="http://www.w3.org/1999/02/22-rdf-syntax-ns#" xmlns:bqbiol="http://biomodels.net/biology-qualifiers/">
            <rdf:Description rdf:about="#COPASI16">
              <bqbiol:hasVersion>
	<rdf:Bag>
	<rdf:li rdf:resource="http://identifiers.org/kegg.reaction/R00158"/>
	</rdf:Bag>
	</bqbiol:hasVersion>
	
	<bqbiol:is>
	<rdf:Bag>
	<rdf:li rdf:resource="http://identifiers.org/uniprot/P15700"/>
	</rdf:Bag>
	</bqbiol:is>
	</rdf:Description>
	
      </rdf:RDF>
    </annotation>
              <listOfReactants>
          <speciesReference metaid="_549e17b4-2d4e-4322-9758-1a94392cdf95" species="ump" stoichiometry="1"/>
        </listOfReactants>
        <listOfProducts>
          <speciesReference metaid="_657f0107-d620-4181-8b3b-b9c5fea74c59" species="udp" stoichiometry="1"/>
        </listOfProducts>
        <listOfModifiers>
          <modifierSpeciesReference metaid="_5fb62c5b-9f42-450c-93b9-0b2695b1db9f" species="ump"/>
        </listOfModifiers>
        <kineticLaw metaid="e12f4527-221c-420b-90f9-c59509af6069">
          <math xmlns="http://www.w3.org/1998/Math/MathML">          
            <apply>
              <times/>
              <ci> compartment </ci>
              <apply>
                <ci> Function_for_r10 </ci>
                <ci> K_m10 </ci>
                <ci> compartment </ci>
                <ci> ump </ci>
                <ci> vmax10 </ci>
              </apply>
            </apply>
          </math>
                </kineticLaw>
      </reaction>
      <reaction id="r7" metaid="COPASI17" name="r7" reversible="true">
        <annotation>
      <COPASI xmlns="http://www.copasi.org/static/sbml">
        <rdf:RDF xmlns:CopasiMT="http://www.copasi.org/RDF/MiriamTerms#" xmlns:dcterms="http://purl.org/dc/terms/" xmlns:rdf="http://www.w3.org/1999/02/22-rdf-syntax-ns#">
          <rdf:Description rdf:about="#COPASI17">
            <dcterms:created>
              <rdf:Description>
                <dcterms:W3CDTF>2015-12-11T14:34:00Z</dcterms:W3CDTF>
              </rdf:Description>
            </dcterms:created>
            <CopasiMT:is rdf:resource="http://identifiers.org/kegg.reaction/R00156"/>
            <CopasiMT:is rdf:resource="http://identifiers.org/uniprot/P36010"/>
          </rdf:Description>
        </rdf:RDF>
      </COPASI>
      <rdf:RDF xmlns:rdf="http://www.w3.org/1999/02/22-rdf-syntax-ns#" xmlns:bqbiol="http://biomodels.net/biology-qualifiers/">
            <rdf:Description rdf:about="#COPASI17">
              <bqbiol:is>
	<rdf:Bag>
	<rdf:li rdf:resource="http://identifiers.org/uniprot/P36010"/>
	</rdf:Bag>
	</bqbiol:is>
	
	<bqbiol:is>
	<rdf:Bag>
	<rdf:li rdf:resource="http://identifiers.org/kegg.reaction/R00156"/>
	</rdf:Bag>
	</bqbiol:is>
	</rdf:Description>
	
      </rdf:RDF>
    </annotation>
              <listOfReactants>
          <speciesReference metaid="_9d6ae000-27d7-4922-87c3-abb29fedc093" species="udp" stoichiometry="1"/>
        </listOfReactants>
        <listOfProducts>
          <speciesReference metaid="_5eade720-880d-4bfd-992f-9f7a6edbc826" species="utp" stoichiometry="1"/>
        </listOfProducts>
        <listOfModifiers>
          <modifierSpeciesReference metaid="_92dd26f6-e776-4269-9200-a1a952c66b41" species="udp"/>
        </listOfModifiers>
        <kineticLaw metaid="_45929e73-b8d8-434b-a31b-752850dfe623">
          <math xmlns="http://www.w3.org/1998/Math/MathML">          
            <apply>
              <times/>
              <ci> compartment </ci>
              <apply>
                <ci> Function_for_r7 </ci>
                <ci> K_m7 </ci>
                <ci> compartment </ci>
                <ci> udp </ci>
                <ci> vmax7 </ci>
              </apply>
            </apply>
          </math>
                </kineticLaw>
      </reaction>
      <reaction id="utp_degradation" metaid="_3529b2e6-c3b6-4689-98b4-e5b7642e7f99" name="utp_degradation" reversible="true">
        <listOfReactants>
          <speciesReference metaid="_501006a1-6a78-4696-9a7a-b9c0ddbcad23" species="utp" stoichiometry="1"/>
        </listOfReactants>
        <listOfModifiers>
          <modifierSpeciesReference metaid="_53d396dd-2b82-454d-a3b5-73f8931c5021" species="utp"/>
        </listOfModifiers>
        <kineticLaw metaid="_53aba034-03a7-40ce-8bf0-3607ee30f4c2">
          <math xmlns="http://www.w3.org/1998/Math/MathML">          
            <apply>
              <times/>
              <ci> compartment </ci>
              <apply>
                <ci> Function_for_utp_degradation </ci>
                <ci> K_Mp </ci>
                <ci> compartment </ci>
                <ci> g_pyr </ci>
                <ci> utp </ci>
              </apply>
            </apply>
          </math>
                </kineticLaw>
      </reaction>
      <reaction id="r8" metaid="COPASI18" name="r8" reversible="true">
        <annotation>
      <COPASI xmlns="http://www.copasi.org/static/sbml">
        <rdf:RDF xmlns:CopasiMT="http://www.copasi.org/RDF/MiriamTerms#" xmlns:dcterms="http://purl.org/dc/terms/" xmlns:rdf="http://www.w3.org/1999/02/22-rdf-syntax-ns#">
          <rdf:Description rdf:about="#COPASI18">
            <dcterms:created>
              <rdf:Description>
                <dcterms:W3CDTF>2015-12-11T14:36:02Z</dcterms:W3CDTF>
              </rdf:Description>
            </dcterms:created>
            <CopasiMT:is rdf:resource="http://identifiers.org/kegg.reaction/R00573"/>
            <CopasiMT:is rdf:resource="http://identifiers.org/uniprot/P28274"/>
          </rdf:Description>
        </rdf:RDF>
      </COPASI>
      <rdf:RDF xmlns:rdf="http://www.w3.org/1999/02/22-rdf-syntax-ns#" xmlns:bqbiol="http://biomodels.net/biology-qualifiers/">
            <rdf:Description rdf:about="#COPASI18">
              <bqbiol:is>
	<rdf:Bag>
	<rdf:li rdf:resource="http://identifiers.org/kegg.reaction/R00573"/>
	</rdf:Bag>
	</bqbiol:is>
	
	<bqbiol:is>
	<rdf:Bag>
	<rdf:li rdf:resource="http://identifiers.org/uniprot/P28274"/>
	</rdf:Bag>
	</bqbiol:is>
	</rdf:Description>
	
      </rdf:RDF>
    </annotation>
              <listOfReactants>
          <speciesReference metaid="_13b8e48e-9688-4d70-9d4e-e3b1f27a49f4" species="utp" stoichiometry="1"/>
        </listOfReactants>
        <listOfProducts>
          <speciesReference metaid="_424842c4-d177-495f-8e1d-ef3a7a2563a6" species="ctp" stoichiometry="1"/>
        </listOfProducts>
        <listOfModifiers>
          <modifierSpeciesReference metaid="_31a2265d-a361-48db-aecb-a3611ff91ab2" species="utp"/>
        </listOfModifiers>
        <kineticLaw metaid="eb065ba7-c864-47b3-a3c3-a7602cfd430d">
          <math xmlns="http://www.w3.org/1998/Math/MathML">          
            <apply>
              <times/>
              <ci> compartment </ci>
              <apply>
                <ci> Function_for_r8 </ci>
                <ci> K_m8 </ci>
                <ci> compartment </ci>
                <ci> utp </ci>
                <ci> vmax8 </ci>
              </apply>
            </apply>
          </math>
                </kineticLaw>
      </reaction>
      <reaction id="ctp_degradation" metaid="_2b06be4c-306e-4a92-96dc-bbe528062ca1" name="ctp_degradation" reversible="true">
        <listOfReactants>
          <speciesReference metaid="_26aa2305-5070-4083-ac6d-08a1e8ef0cf8" species="ctp" stoichiometry="1"/>
        </listOfReactants>
        <listOfModifiers>
          <modifierSpeciesReference metaid="_6ff26545-2384-4060-988b-ed455fb63097" species="ctp"/>
        </listOfModifiers>
        <kineticLaw metaid="_35c8ee34-af74-46d4-9e47-3939140c1888">
          <math xmlns="http://www.w3.org/1998/Math/MathML">          
            <apply>
              <times/>
              <ci> compartment </ci>
              <apply>
                <ci> Function_for_ctp_degradation </ci>
                <ci> K_Mp </ci>
                <ci> compartment </ci>
                <ci> ctp </ci>
                <ci> g_pyr </ci>
              </apply>
            </apply>
          </math>
                </kineticLaw>
      </reaction>
      <reaction id="cp_dilution" metaid="b2419833-4d7d-4ba9-9d98-2aab7a045400" name="cp_dilution" reversible="true">
        <listOfReactants>
          <speciesReference metaid="_089ab4ad-18ef-4488-80b4-1be9569a2e52" species="cp" stoichiometry="1"/>
        </listOfReactants>
        <listOfModifiers>
          <modifierSpeciesReference metaid="_2358b23a-2733-449c-9976-d3ae27393dc8" species="cp"/>
        </listOfModifiers>
        <kineticLaw metaid="_12f323f3-c1b1-4b40-95a9-7450db4f2a99">
          <math xmlns="http://www.w3.org/1998/Math/MathML">          
            <apply>
              <times/>
              <ci> compartment </ci>
              <apply>
                <ci> Function_for_cp_dilution </ci>
                <ci> compartment </ci>
                <ci> cp </ci>
                <ci> d </ci>
              </apply>
            </apply>
          </math>
                </kineticLaw>
      </reaction>
      <reaction id="ca_dilution" metaid="_0d143907-718d-41cf-adae-87617347af0d" name="ca_dilution" reversible="true">
        <listOfReactants>
          <speciesReference metaid="add14850-7860-4ab0-b5ac-94afb24deb6c" species="ca" stoichiometry="1"/>
        </listOfReactants>
        <listOfModifiers>
          <modifierSpeciesReference metaid="_8c064be4-140b-4736-b70e-10d18af8aedf" species="ca"/>
        </listOfModifiers>
        <kineticLaw metaid="fc18d648-ce41-47fd-940f-a4e53483fd90">
          <math xmlns="http://www.w3.org/1998/Math/MathML">          
            <apply>
              <times/>
              <ci> compartment </ci>
              <apply>
                <ci> Function_for_ca_dilution </ci>
                <ci> ca </ci>
                <ci> compartment </ci>
                <ci> d </ci>
              </apply>
            </apply>
          </math>
                </kineticLaw>
      </reaction>
      <reaction id="dho_dilution" metaid="a99755ad-b265-458a-8558-85e0d6604248" name="dho_dilution" reversible="true">
        <listOfReactants>
          <speciesReference metaid="_3431e953-eedb-4425-bf10-fa36c647c7ba" species="dho" stoichiometry="1"/>
        </listOfReactants>
        <listOfModifiers>
          <modifierSpeciesReference metaid="bcd5cf9e-d4af-4d3c-bcdc-00c79b2f18a3" species="dho"/>
        </listOfModifiers>
        <kineticLaw metaid="_1c941ce5-122a-40a1-9916-185601e11296">
          <math xmlns="http://www.w3.org/1998/Math/MathML">          
            <apply>
              <times/>
              <ci> compartment </ci>
              <apply>
                <ci> Function_for_dho_dilution </ci>
                <ci> compartment </ci>
                <ci> d </ci>
                <ci> dho </ci>
              </apply>
            </apply>
          </math>
                </kineticLaw>
      </reaction>
      <reaction id="oro_dilution" metaid="_08897bb2-abdd-4767-a441-258319560935" name="oro_dilution" reversible="true">
        <listOfReactants>
          <speciesReference metaid="_6e06d4c7-fea0-4170-97f7-c3b1e4f4d6b9" species="oro" stoichiometry="1"/>
        </listOfReactants>
        <listOfModifiers>
          <modifierSpeciesReference metaid="_5cd5c6d8-4567-468a-94af-ca6193e1aec5" species="oro"/>
        </listOfModifiers>
        <kineticLaw metaid="_09a3a7aa-5637-451f-920b-3fa9cf92fb92">
          <math xmlns="http://www.w3.org/1998/Math/MathML">          
            <apply>
              <times/>
              <ci> compartment </ci>
              <apply>
                <ci> Function_for_oro_dilution </ci>
                <ci> compartment </ci>
                <ci> d </ci>
                <ci> oro </ci>
              </apply>
            </apply>
          </math>
                </kineticLaw>
      </reaction>
      <reaction id="omp_dilution" metaid="d48d0d72-bae5-4786-b6ab-8398f229f337" name="omp_dilution" reversible="true">
        <listOfReactants>
          <speciesReference metaid="ae85b0c8-38e3-4fe8-9840-1e077a09cde7" species="omp" stoichiometry="1"/>
        </listOfReactants>
        <listOfModifiers>
          <modifierSpeciesReference metaid="_3f3052f9-1428-4d7c-a4b7-bcbc30118be0" species="omp"/>
        </listOfModifiers>
        <kineticLaw metaid="e95a58db-7857-4357-a524-336239a93464">
          <math xmlns="http://www.w3.org/1998/Math/MathML">          
            <apply>
              <times/>
              <ci> compartment </ci>
              <apply>
                <ci> Function_for_omp_dilution </ci>
                <ci> compartment </ci>
                <ci> d </ci>
                <ci> omp </ci>
              </apply>
            </apply>
          </math>
                </kineticLaw>
      </reaction>
      <reaction id="ump_dilution" metaid="b1772b16-8112-440b-8f2e-955a789156cd" name="ump_dilution" reversible="true">
        <listOfReactants>
          <speciesReference metaid="_715e8be3-d4d9-4fd0-9d6c-40cf68c06d53" species="ump" stoichiometry="1"/>
        </listOfReactants>
        <listOfModifiers>
          <modifierSpeciesReference metaid="_1d2b1f6f-99c5-4a47-b469-1ce0a1e37133" species="ump"/>
        </listOfModifiers>
        <kineticLaw metaid="fc6ebdda-9015-4f0b-8ff4-f7bbc7aacacd">
          <math xmlns="http://www.w3.org/1998/Math/MathML">          
            <apply>
              <times/>
              <ci> compartment </ci>
              <apply>
                <ci> Function_for_ump_dilution </ci>
                <ci> compartment </ci>
                <ci> d </ci>
                <ci> ump </ci>
              </apply>
            </apply>
          </math>
                </kineticLaw>
      </reaction>
      <reaction id="udp_dilution" metaid="COPASI19" name="udp_dilution" reversible="true">
        <annotation>
      <COPASI xmlns="http://www.copasi.org/static/sbml">
        <rdf:RDF xmlns:dcterms="http://purl.org/dc/terms/" xmlns:rdf="http://www.w3.org/1999/02/22-rdf-syntax-ns#">
          <rdf:Description rdf:about="#COPASI19">
            <dcterms:created>
              <rdf:Description>
                <dcterms:W3CDTF>2015-12-11T14:44:04Z</dcterms:W3CDTF>
              </rdf:Description>
            </dcterms:created>
          </rdf:Description>
        </rdf:RDF>
      </COPASI>
    </annotation>
              <listOfReactants>
          <speciesReference metaid="_1410fe2d-fee6-4799-988b-34aced1e99d0" species="udp" stoichiometry="1"/>
        </listOfReactants>
        <listOfModifiers>
          <modifierSpeciesReference metaid="_6ae8285b-b442-4cf7-9539-3189e0689ae3" species="udp"/>
        </listOfModifiers>
        <kineticLaw metaid="bcaa4594-e55e-4585-a862-838dabf746f4">
          <math xmlns="http://www.w3.org/1998/Math/MathML">          
            <apply>
              <times/>
              <ci> compartment </ci>
              <apply>
                <ci> Function_for_udp_dilution </ci>
                <ci> compartment </ci>
                <ci> d </ci>
                <ci> udp </ci>
              </apply>
            </apply>
          </math>
                </kineticLaw>
      </reaction>
      <reaction id="utp_dilution" metaid="_3bda914b-ea15-4075-a21f-9fa92993e9cc" name="utp_dilution" reversible="true">
        <listOfReactants>
          <speciesReference metaid="_484278f0-b700-45a7-95c5-32d3df80595b" species="utp" stoichiometry="1"/>
        </listOfReactants>
        <listOfModifiers>
          <modifierSpeciesReference metaid="_3c0e6112-f752-4003-981a-8c6970462083" species="utp"/>
        </listOfModifiers>
        <kineticLaw metaid="fa23c1b0-40c7-4df8-a226-f16787f33f04">
          <math xmlns="http://www.w3.org/1998/Math/MathML">          
            <apply>
              <times/>
              <ci> compartment </ci>
              <apply>
                <ci> Function_for_utp_dilution </ci>
                <ci> compartment </ci>
                <ci> d </ci>
                <ci> utp </ci>
              </apply>
            </apply>
          </math>
                </kineticLaw>
      </reaction>
      <reaction id="ctp_dilution" metaid="_2aa0681f-1e91-4c57-b419-9a41c505e53a" name="ctp_dilution" reversible="true">
        <listOfReactants>
          <speciesReference metaid="_19555cce-dbdf-4ce2-bf74-44a27849c916" species="ctp" stoichiometry="1"/>
        </listOfReactants>
        <listOfModifiers>
          <modifierSpeciesReference metaid="b5163a2d-0277-4dce-be29-200e8d48ca26" species="ctp"/>
        </listOfModifiers>
        <kineticLaw metaid="eb684c44-e202-4674-bc83-e1ea8f83976e">
          <math xmlns="http://www.w3.org/1998/Math/MathML">          
            <apply>
              <times/>
              <ci> compartment </ci>
              <apply>
                <ci> Function_for_ctp_dilution </ci>
                <ci> compartment </ci>
                <ci> ctp </ci>
                <ci> d </ci>
              </apply>
            </apply>
          </math>
                </kineticLaw>
      </reaction>
    </listOfReactions>
  </model>
</sbml>