[{"file": "fig5BJ_CaPump.dig"}, {"file": "fig3A.csv"}, {"file": "fig8B1.dig"}, {"file": "phiT.cellml"}, {"file": "fig10A.dig"}, {"file": "fig10A.csv"}, {"file": "fig8B1.csv"}, {"file": "Fig12_plot.py"}, {"file": "simFig12.png"}, {"file": "fig5BJ_CaPump.csv"}, {"file": "fig3A.dig"}, {"file": "Fig6_sim.py"}, {"file": "Fig7B_sim.py"}, {"file": "fig5BJ_NaCa.dig"}, {"file": "fig3B.csv"}, {"file": "Vm_stim_experiment.sedml"}, {"file": "Fig5_plot.py"}, {"file": "fig8B2.dig"}, {"file": "fig10B.dig"}, {"file": "fig10B.csv"}, {"file": "fig8B2.csv"}, {"file": "simFig11.png"}, {"file": "Nai_experiment.sedml"}, {"file": "Cai_experiment1.rst"}, {"file": "fig5BJ_NaCa.csv"}, {"file": "fig3B.dig"}, {"file": "fig3C.dig"}, {"file": "fig6.jpeg"}, {"file": "simFig10.png"}, {"file": "fig8B3.csv"}, {"file": "Fig8A_sim.py"}, {"file": "fig8B3.dig"}, {"file": "Nai_experiment.rst"}, {"file": "fig3C.csv"}, {"file": "Ionic_currents.cellml"}, {"file": "Cai_experiment2.cellml"}, {"file": "Fig4_plot.py"}, {"file": "Nernst_potential.cellml"}, {"file": "fig7.jpeg"}, {"file": "Vm_stim_experiment.cellml"}, {"file": "fig2B.dig"}, {"file": "fig11B2.csv"}, {"file": "Vm_stim_experiment.rst"}, {"file": "fig11B2.dig"}, {"file": "Fig11B_sim.py"}, {"file": "fig2B.csv"}, {"file": "gate_steady.cellml"}, {"file": "Cai_experiment2.sedml"}, {"file": "Vramp_experiment.cellml"}, {"file": "fig2A.dig"}, {"file": "fig11B1.csv"}, {"file": "fig11B1.dig"}, {"file": "Fig4_sim.py"}, {"file": "fig2A.csv"}, {"file": "fig9A.csv"}, {"file": "fig7A1.csv"}, {"file": "fig7A1.dig"}, {"file": "Fig6_plot.py"}, {"file": "fig9A.dig"}, {"file": "CB4HM.cellml"}, {"file": "Xi.cellml"}, {"file": "Single_stim_experiment.rst"}, {"file": "Fig11_plot.py"}, {"file": "simFig8.png"}, {"file": "fig9B.csv"}, {"file": "fig7A2.csv"}, {"file": "Vramp_experiment.rst"}, {"file": "fig7A2.dig"}, {"file": "fig9B.dig"}, {"file": "fig9C.dig"}, {"file": "fig7A3.dig"}, {"file": "fig7A3.csv"}, {"file": "fig9C.csv"}, {"file": "simFig9.png"}, {"file": "Fig10_plot.py"}, {"file": "Fig2_sim.py"}, {"file": "model.png"}, {"file": "fig4A.dig"}, {"file": "Single_stim_experiment.sedml"}, {"file": "gating_kinetics.cellml"}, {"file": "fig4A.csv"}, {"file": "Unit_uSMC.cellml"}, {"file": "fig12.jpeg"}, {"file": "Fig7_plot.py"}, {"file": "fig4B.dig"}, {"file": "fig5AJ_CaPump.csv"}, {"file": "Cai_experiment1.sedml"}, {"file": "fig5AJ_CaPump.dig"}, {"file": "fig4B.csv"}, {"file": "simFig2.png"}, {"file": "Fig11A_sim.py"}, {"file": "fig11.jpeg"}, {"file": "Voltage_ramp_protocol.cellml"}, {"file": "fig2.jpeg"}, {"file": "Fig12_sim.py"}, {"file": "Fig2_plot.py"}, {"file": "simFig3.png"}, {"file": "Cai_experiment1.cellml"}, {"file": "time.cellml"}, {"file": "J_Ca.cellml"}, {"file": "Experiments.rst"}, {"file": "Vramp_experiment.sedml"}, {"file": "gating-variable.cellml"}, {"file": "simFig4.png"}, {"file": "fig7B2.csv"}, {"file": "Fig9_sim.py"}, {"file": "Multi_stim_experiment.cellml"}, {"file": "fig7B2.dig"}, {"file": "Fig5_sim.py"}, {"file": "table1.png"}, {"file": "Fig7A_sim.py"}, {"file": "Multi_stim_experiment.sedml"}, {"file": "fig7B3.dig"}, {"file": "fig7B3.csv"}, {"file": "simFig5.png"}, {"file": "simFig7.png"}, {"file": "Fig8B_sim.py"}, {"file": "Patch_clamp_protocol.cellml"}, {"file": "fig7B1.csv"}, {"file": "fig7B1.dig"}, {"file": "table2.png"}, {"file": "fig3.jpeg"}, {"file": "table3.png"}, {"file": "Components.rst"}, {"file": "E_Nernst.cellml"}, {"file": "fig10.jpeg"}, {"file": "Fig10_sim.py"}, {"file": "simFig6.png"}, {"file": "Fig3_plot.py"}, {"file": "fig8A4.dig"}, {"file": "fig8A4.csv"}, {"file": "fig8.jpeg"}, {"file": "fig11A1.csv"}, {"file": "fig8A5.csv"}, {"file": "fig12A.csv"}, {"file": "fig12A.dig"}, {"file": "fig11A1.dig"}, {"file": "fig8A5.dig"}, {"file": "Fig8_plot.py"}, {"file": "README.rst"}, {"file": "fig12C.dig"}, {"file": "fig12C.csv"}, {"file": "fig4.jpeg"}, {"file": "fig11A2.csv"}, {"file": "fig5AJ_NaCa.csv"}, {"file": "fig12B.csv"}, {"file": "fig6.dig"}, {"file": "units.cellml"}, {"file": "fig12B.dig"}, {"file": "fig6.csv"}, {"file": "fig11A2.dig"}, {"file": "fig5AJ_NaCa.dig"}, {"file": "Hillfcn.cellml"}, {"file": "fig8A2.dig"}, {"file": "fig5BJ_VOCC.dig"}, {"file": "fig5BJ_VOCC.csv"}, {"file": "Nai_experiment.cellml"}, {"file": "fig8A2.csv"}, {"file": "Single_stim_experiment.cellml"}, {"file": "fig5.jpeg"}, {"file": "fig8A3.csv"}, {"file": "EC_uSMC.cellml"}, {"file": "default_values.cellml"}, {"file": "fig8A3.dig"}, {"file": "fig8A1.dig"}, {"file": "fig8A1.csv"}, {"file": "periodic-IStim-protocol.cellml"}, {"file": "fig9.jpeg"}, {"file": "para.png"}, {"file": "Fig9_plot.py"}, {"file": "Fig3_sim.py"}, {"file": "Multi_stim_experiment.rst"}]