<?xml version='1.0' encoding='UTF-8' standalone='no'?>
<sbml xmlns="http://www.sbml.org/sbml/level2/version4" level="2" version="4">
  <model id="New_Model" metaid="COPASI0" name="Unni2019 - Mathematical Modeling, Analysis, and Simulation of Tumor Dynamics with Drug Interventions">
    <notes>
      <body xmlns="http://www.w3.org/1999/xhtml">
        <pre>Mathematical Modeling, Analysis, and Simulation of Tumor Dynamics with Drug Interventions
Pranav Unni 1 and Padmanabhan Seshaiyer

Abstract
Over the last few decades, there have been significant developments in theoretical, experimental, and clinical approaches to understand the dynamics of cancer cells and their interactions with the immune system. These have led to the development of important methods for cancer therapy including virotherapy, immunotherapy, chemotherapy, targeted drug therapy, and many others. Along with this, there have also been some developments on analytical and computational models to help provide insights into clinical observations. This work develops a new mathematical model that combines important interactions between tumor cells and cells in the immune systems including natural killer cells, dendritic cells, and cytotoxic CD8+ T cells combined with drug delivery to these cell sites. These interactions are described via a system of ordinary differential equations that are solved numerically. A stability analysis of this model is also performed to determine conditions for tumor-free equilibrium to be stable. We also study the influence of proliferation rates and drug interventions in the dynamics of all the cells involved. Another contribution is the development of a novel parameter estimation methodology to determine optimal parameters in the model that can reproduce a given dataset. Our results seem to suggest that the model employed is a robust candidate for studying the dynamics of tumor cells and it helps to provide the dynamic interactions between the tumor cells, immune system, and drug-response systems.</pre>
      </body>
    </notes>
    <annotation>
      <rdf:RDF xmlns:rdf="http://www.w3.org/1999/02/22-rdf-syntax-ns#" xmlns:dc="http://purl.org/dc/elements/1.1/" xmlns:dcterms="http://purl.org/dc/terms/" xmlns:vCard="http://www.w3.org/2001/vcard-rdf/3.0#" xmlns:bqbiol="http://biomodels.net/biology-qualifiers/" xmlns:bqmodel="http://biomodels.net/model-qualifiers/">
        <rdf:Description rdf:about="#COPASI0">
	<dc:creator>
	<rdf:Bag>
	<rdf:li rdf:parseType="Resource">
	<vCard:N rdf:parseType="Resource">
	<vCard:Family>Sharif Shohan</vCard:Family>
	<vCard:Given>Mohammad Umer</vCard:Given>
	</vCard:N>
	<vCard:EMAIL>msharifshohan@ebi.ac.uk</vCard:EMAIL>
	<vCard:ORG rdf:parseType="Resource">
	<vCard:Orgname>EMBL-EBI</vCard:Orgname>
	</vCard:ORG>
	</rdf:li>
	</rdf:Bag>
	</dc:creator>
	<dcterms:created rdf:parseType="Resource">
	<dcterms:W3CDTF>2019-12-10T20:30:01Z</dcterms:W3CDTF>
	</dcterms:created>
	<dcterms:modified rdf:parseType="Resource">
	<dcterms:W3CDTF>2019-12-10T20:30:01Z</dcterms:W3CDTF>
	</dcterms:modified>
	<bqmodel:hasInstance>
	<rdf:Bag>
	<rdf:li rdf:resource="http://identifiers.org/taxonomy/9606"/>
	<rdf:li rdf:resource="http://identifiers.org/ncit/C25218"/>
	<rdf:li rdf:resource="http://identifiers.org/mamo/MAMO_0000046"/>
	</rdf:Bag>
	</bqmodel:hasInstance>
	<bqmodel:isDescribedBy>
	<rdf:Bag>
	<rdf:li rdf:resource="http://identifiers.org/mamo/MAMO_0000046"/>
	<rdf:li rdf:resource="http://identifiers.org/pubmed/31687042"/>
	</rdf:Bag>
	</bqmodel:isDescribedBy>
	<bqbiol:hasProperty>
	<rdf:Bag>
	<rdf:li rdf:resource="http://identifiers.org/taxonomy/9606"/>
	</rdf:Bag>
	</bqbiol:hasProperty>
	<bqbiol:hasProperty>
	<rdf:Bag>
	<rdf:li rdf:resource="http://identifiers.org/ncit/C25218"/>
	</rdf:Bag>
	</bqbiol:hasProperty>
	<bqmodel:is>
	<rdf:Bag>
	<rdf:li rdf:resource="http://identifiers.org/biomodels.db/MODEL1912100006"/>
	<rdf:li rdf:resource="http://identifiers.org/biomodels.db/BIOMD0000000888"/>
	</rdf:Bag>
	</bqmodel:is>
	</rdf:Description>
	
	
      </rdf:RDF>
      <COPASI xmlns="http://www.copasi.org/static/sbml">
        <rdf:RDF xmlns:CopasiMT="http://www.copasi.org/RDF/MiriamTerms#" xmlns:bqbiol="http://biomodels.net/biology-qualifiers/" xmlns:bqmodel="http://biomodels.net/model-qualifiers/" xmlns:dcterms="http://purl.org/dc/terms/" xmlns:rdf="http://www.w3.org/1999/02/22-rdf-syntax-ns#" xmlns:vCard="http://www.w3.org/2001/vcard-rdf/3.0#">
          <rdf:Description rdf:about="#COPASI0">
            <bqbiol:hasProperty rdf:resource="urn:miriam:ncit:C25218"/>
            <bqbiol:hasProperty rdf:resource="urn:miriam:taxonomy:9606"/>
            <bqmodel:isDescribedBy rdf:resource="urn:miriam:mamo:MAMO_0000046"/>
            <dcterms:bibliographicCitation>
              <rdf:Description>
                <dcterms:description>Mathematical Modeling, Analysis, and Simulation of Tumor Dynamics with Drug Interventions</dcterms:description>
                <CopasiMT:isDescribedBy rdf:resource="urn:miriam:pubmed:31687042"/>
              </rdf:Description>
            </dcterms:bibliographicCitation>
            <dcterms:created>
              <rdf:Description>
                <dcterms:W3CDTF>2019-12-10T20:30:01Z</dcterms:W3CDTF>
              </rdf:Description>
            </dcterms:created>
            <dcterms:creator>
              <rdf:Description>
                <vCard:EMAIL>msharifshohan@ebi.ac.uk</vCard:EMAIL>
                <vCard:N>
                  <rdf:Description>
                    <vCard:Family>Sharif Shohan</vCard:Family>
                    <vCard:Given>Mohammad Umer</vCard:Given>
                  </rdf:Description>
                </vCard:N>
                <vCard:ORG>
                  <rdf:Description>
                    <vCard:Orgname>EMBL-EBI</vCard:Orgname>
                  </rdf:Description>
                </vCard:ORG>
              </rdf:Description>
            </dcterms:creator>
          </rdf:Description>
        </rdf:RDF>
      </COPASI>
    </annotation>
      <listOfFunctionDefinitions>
      <functionDefinition id="Function_for_impact_on_tumor_cell_growth" metaid="COPASI35" name="Function for impact on tumor cell growth">
        <annotation>
          <COPASI xmlns="http://www.copasi.org/static/sbml">
            <rdf:RDF xmlns:dcterms="http://purl.org/dc/terms/" xmlns:rdf="http://www.w3.org/1999/02/22-rdf-syntax-ns#">
              <rdf:Description rdf:about="#COPASI35">
                <dcterms:created>
                  <rdf:Description>
                    <dcterms:W3CDTF>2019-12-10T21:32:02Z</dcterms:W3CDTF>
                  </rdf:Description>
                </dcterms:created>
              </rdf:Description>
            </rdf:RDF>
          </COPASI>
        </annotation>
        <math xmlns="http://www.w3.org/1998/Math/MathML">        
          <lambda>
            <bvar>
              <ci> c_1 </ci>
            </bvar>
            <bvar>
              <ci> N </ci>
            </bvar>
            <bvar>
              <ci> j </ci>
            </bvar>
            <bvar>
              <ci> D </ci>
            </bvar>
            <bvar>
              <ci> k </ci>
            </bvar>
            <bvar>
              <ci> L </ci>
            </bvar>
            <bvar>
              <ci> T </ci>
            </bvar>
            <apply>
              <times/>
              <apply>
                <plus/>
                <apply>
                  <times/>
                  <ci> c_1 </ci>
                  <ci> N </ci>
                </apply>
                <apply>
                  <times/>
                  <ci> j </ci>
                  <ci> D </ci>
                </apply>
                <apply>
                  <times/>
                  <ci> k </ci>
                  <ci> L </ci>
                </apply>
              </apply>
              <ci> T </ci>
            </apply>
          </lambda>
        </math>
            </functionDefinition>
      <functionDefinition id="Function_for_production_of_natural_killer_cell" metaid="COPASI36" name="Function for production of natural killer cell">
        <annotation>
          <COPASI xmlns="http://www.copasi.org/static/sbml">
            <rdf:RDF xmlns:dcterms="http://purl.org/dc/terms/" xmlns:rdf="http://www.w3.org/1999/02/22-rdf-syntax-ns#">
              <rdf:Description rdf:about="#COPASI36">
                <dcterms:created>
                  <rdf:Description>
                    <dcterms:W3CDTF>2019-12-10T21:35:02Z</dcterms:W3CDTF>
                  </rdf:Description>
                </dcterms:created>
              </rdf:Description>
            </rdf:RDF>
          </COPASI>
        </annotation>
        <math xmlns="http://www.w3.org/1998/Math/MathML">        
          <lambda>
            <bvar>
              <ci> s_1 </ci>
            </bvar>
            <bvar>
              <ci> g_1 </ci>
            </bvar>
            <bvar>
              <ci> N </ci>
            </bvar>
            <bvar>
              <ci> T </ci>
            </bvar>
            <bvar>
              <ci> h_1 </ci>
            </bvar>
            <apply>
              <plus/>
              <ci> s_1 </ci>
              <apply>
                <divide/>
                <apply>
                  <times/>
                  <ci> g_1 </ci>
                  <ci> N </ci>
                  <ci> T </ci>
                  <ci> T </ci>
                </apply>
                <apply>
                  <plus/>
                  <ci> h_1 </ci>
                  <apply>
                    <times/>
                    <ci> T </ci>
                    <ci> T </ci>
                  </apply>
                </apply>
              </apply>
            </apply>
          </lambda>
        </math>
            </functionDefinition>
      <functionDefinition id="Function_for_formation_of_dendritic_cell" metaid="COPASI37" name="Function for formation of dendritic cell">
        <annotation>
          <COPASI xmlns="http://www.copasi.org/static/sbml">
            <rdf:RDF xmlns:dcterms="http://purl.org/dc/terms/" xmlns:rdf="http://www.w3.org/1999/02/22-rdf-syntax-ns#">
              <rdf:Description rdf:about="#COPASI37">
                <dcterms:created>
                  <rdf:Description>
                    <dcterms:W3CDTF>2019-12-10T21:39:46Z</dcterms:W3CDTF>
                  </rdf:Description>
                </dcterms:created>
              </rdf:Description>
            </rdf:RDF>
          </COPASI>
        </annotation>
        <math xmlns="http://www.w3.org/1998/Math/MathML">        
          <lambda>
            <bvar>
              <ci> s_2 </ci>
            </bvar>
            <ci> s_2 </ci>
          </lambda>
        </math>
            </functionDefinition>
      <functionDefinition id="Function_for_removal_of_cytotoxic_CD8__T_cell" metaid="COPASI38" name="Function for removal of cytotoxic CD8+ T cell">
        <annotation>
          <COPASI xmlns="http://www.copasi.org/static/sbml">
            <rdf:RDF xmlns:dcterms="http://purl.org/dc/terms/" xmlns:rdf="http://www.w3.org/1999/02/22-rdf-syntax-ns#">
              <rdf:Description rdf:about="#COPASI38">
                <dcterms:created>
                  <rdf:Description>
                    <dcterms:W3CDTF>2019-12-10T21:45:10Z</dcterms:W3CDTF>
                  </rdf:Description>
                </dcterms:created>
              </rdf:Description>
            </rdf:RDF>
          </COPASI>
        </annotation>
        <math xmlns="http://www.w3.org/1998/Math/MathML">        
          <lambda>
            <bvar>
              <ci> h </ci>
            </bvar>
            <bvar>
              <ci> L </ci>
            </bvar>
            <bvar>
              <ci> T </ci>
            </bvar>
            <bvar>
              <ci> u </ci>
            </bvar>
            <bvar>
              <ci> N </ci>
            </bvar>
            <bvar>
              <ci> i </ci>
            </bvar>
            <apply>
              <plus/>
              <apply>
                <times/>
                <ci> h </ci>
                <ci> L </ci>
                <ci> T </ci>
              </apply>
              <apply>
                <times/>
                <ci> u </ci>
                <ci> N </ci>
                <ci> L </ci>
                <ci> L </ci>
              </apply>
              <apply>
                <times/>
                <ci> i </ci>
                <ci> L </ci>
              </apply>
            </apply>
          </lambda>
        </math>
            </functionDefinition>
      <functionDefinition id="Function_for_removal_of_natural_killer_cell" metaid="COPASI39" name="Function for removal of natural killer cell">
        <annotation>
          <COPASI xmlns="http://www.copasi.org/static/sbml">
            <rdf:RDF xmlns:dcterms="http://purl.org/dc/terms/" xmlns:rdf="http://www.w3.org/1999/02/22-rdf-syntax-ns#">
              <rdf:Description rdf:about="#COPASI39">
                <dcterms:created>
                  <rdf:Description>
                    <dcterms:W3CDTF>2019-12-10T21:37:12Z</dcterms:W3CDTF>
                  </rdf:Description>
                </dcterms:created>
              </rdf:Description>
            </rdf:RDF>
          </COPASI>
        </annotation>
        <math xmlns="http://www.w3.org/1998/Math/MathML">        
          <lambda>
            <bvar>
              <ci> c_2 </ci>
            </bvar>
            <bvar>
              <ci> T </ci>
            </bvar>
            <bvar>
              <ci> d_1 </ci>
            </bvar>
            <bvar>
              <ci> D </ci>
            </bvar>
            <bvar>
              <ci> N </ci>
            </bvar>
            <bvar>
              <ci> e </ci>
            </bvar>
            <apply>
              <plus/>
              <apply>
                <times/>
                <apply>
                  <plus/>
                  <apply>
                    <times/>
                    <ci> c_2 </ci>
                    <ci> T </ci>
                  </apply>
                  <apply>
                    <times/>
                    <ci> d_1 </ci>
                    <ci> D </ci>
                  </apply>
                </apply>
                <ci> N </ci>
              </apply>
              <apply>
                <times/>
                <ci> e </ci>
                <ci> N </ci>
              </apply>
            </apply>
          </lambda>
        </math>
            </functionDefinition>
      <functionDefinition id="Function_for_the_impact_on_dendritic_cell_formation" metaid="COPASI40" name="Function for the impact on dendritic cell formation">
        <annotation>
          <COPASI xmlns="http://www.copasi.org/static/sbml">
            <rdf:RDF xmlns:dcterms="http://purl.org/dc/terms/" xmlns:rdf="http://www.w3.org/1999/02/22-rdf-syntax-ns#">
              <rdf:Description rdf:about="#COPASI40">
                <dcterms:created>
                  <rdf:Description>
                    <dcterms:W3CDTF>2019-12-10T21:40:32Z</dcterms:W3CDTF>
                  </rdf:Description>
                </dcterms:created>
              </rdf:Description>
            </rdf:RDF>
          </COPASI>
        </annotation>
        <math xmlns="http://www.w3.org/1998/Math/MathML">        
          <lambda>
            <bvar>
              <ci> f_1 </ci>
            </bvar>
            <bvar>
              <ci> L </ci>
            </bvar>
            <bvar>
              <ci> d_2 </ci>
            </bvar>
            <bvar>
              <ci> N </ci>
            </bvar>
            <bvar>
              <ci> d_3 </ci>
            </bvar>
            <bvar>
              <ci> T </ci>
            </bvar>
            <bvar>
              <ci> D </ci>
            </bvar>
            <bvar>
              <ci> g </ci>
            </bvar>
            <apply>
              <minus/>
              <apply>
                <times/>
                <apply>
                  <minus/>
                  <apply>
                    <plus/>
                    <apply>
                      <times/>
                      <ci> f_1 </ci>
                      <ci> L </ci>
                    </apply>
                    <apply>
                      <times/>
                      <ci> d_2 </ci>
                      <ci> N </ci>
                    </apply>
                  </apply>
                  <apply>
                    <times/>
                    <ci> d_3 </ci>
                    <ci> T </ci>
                  </apply>
                </apply>
                <ci> D </ci>
              </apply>
              <apply>
                <times/>
                <ci> g </ci>
                <ci> D </ci>
              </apply>
            </apply>
          </lambda>
        </math>
            </functionDefinition>
      <functionDefinition id="Function_for_formation_of_cytotoxic_CD8__T_cell" metaid="COPASI41" name="Function for formation of cytotoxic CD8+ T cell">
        <annotation>
          <COPASI xmlns="http://www.copasi.org/static/sbml">
            <rdf:RDF xmlns:dcterms="http://purl.org/dc/terms/" xmlns:rdf="http://www.w3.org/1999/02/22-rdf-syntax-ns#">
              <rdf:Description rdf:about="#COPASI41">
                <dcterms:created>
                  <rdf:Description>
                    <dcterms:W3CDTF>2019-12-10T21:42:30Z</dcterms:W3CDTF>
                  </rdf:Description>
                </dcterms:created>
              </rdf:Description>
            </rdf:RDF>
          </COPASI>
        </annotation>
        <math xmlns="http://www.w3.org/1998/Math/MathML">        
          <lambda>
            <bvar>
              <ci> f_2 </ci>
            </bvar>
            <bvar>
              <ci> D </ci>
            </bvar>
            <bvar>
              <ci> T </ci>
            </bvar>
            <bvar>
              <ci> r_1 </ci>
            </bvar>
            <bvar>
              <ci> N </ci>
            </bvar>
            <apply>
              <plus/>
              <apply>
                <times/>
                <ci> f_2 </ci>
                <ci> D </ci>
                <ci> T </ci>
              </apply>
              <apply>
                <times/>
                <ci> r_1 </ci>
                <ci> N </ci>
                <ci> T </ci>
              </apply>
            </apply>
          </lambda>
        </math>
            </functionDefinition>
      <functionDefinition id="Function_for_growth_of_tumor_cell" metaid="COPASI42" name="Function for growth of tumor cell">
        <annotation>
          <COPASI xmlns="http://www.copasi.org/static/sbml">
            <rdf:RDF xmlns:dcterms="http://purl.org/dc/terms/" xmlns:rdf="http://www.w3.org/1999/02/22-rdf-syntax-ns#">
              <rdf:Description rdf:about="#COPASI42">
                <dcterms:created>
                  <rdf:Description>
                    <dcterms:W3CDTF>2019-12-10T21:29:46Z</dcterms:W3CDTF>
                  </rdf:Description>
                </dcterms:created>
              </rdf:Description>
            </rdf:RDF>
          </COPASI>
        </annotation>
        <math xmlns="http://www.w3.org/1998/Math/MathML">        
          <lambda>
            <bvar>
              <ci> a </ci>
            </bvar>
            <bvar>
              <ci> T </ci>
            </bvar>
            <bvar>
              <ci> b </ci>
            </bvar>
            <apply>
              <times/>
              <ci> a </ci>
              <ci> T </ci>
              <apply>
                <minus/>
                <cn> 1 </cn>
                <apply>
                  <times/>
                  <ci> b </ci>
                  <ci> T </ci>
                </apply>
              </apply>
            </apply>
          </lambda>
        </math>
            </functionDefinition>
    </listOfFunctionDefinitions>
    <listOfUnitDefinitions>
      <unitDefinition id="volume" name="volume">
        <listOfUnits>
          <unit exponent="1" kind="litre" multiplier="1" scale="-3"/>
        </listOfUnits>
      </unitDefinition>
      <unitDefinition id="time" name="time">
        <listOfUnits>
          <unit exponent="1" kind="second" multiplier="86400" scale="0"/>
        </listOfUnits>
      </unitDefinition>
      <unitDefinition id="substance" name="substance">
        <listOfUnits>
          <unit exponent="1" kind="mole" multiplier="1" scale="-3"/>
        </listOfUnits>
      </unitDefinition>
    </listOfUnitDefinitions>
    <listOfCompartments>
      <compartment constant="true" id="compartment" metaid="COPASI1" name="compartment" size="1" spatialDimensions="3">
        <annotation>
          <COPASI xmlns="http://www.copasi.org/static/sbml">
            <rdf:RDF xmlns:dcterms="http://purl.org/dc/terms/" xmlns:rdf="http://www.w3.org/1999/02/22-rdf-syntax-ns#">
              <rdf:Description rdf:about="#COPASI1">
                <dcterms:created>
                  <rdf:Description>
                    <dcterms:W3CDTF>2019-12-10T21:29:41Z</dcterms:W3CDTF>
                  </rdf:Description>
                </dcterms:created>
              </rdf:Description>
            </rdf:RDF>
          </COPASI>
        </annotation>
            </compartment>
    </listOfCompartments>
    <listOfSpecies>
      <species boundaryCondition="false" compartment="compartment" constant="false" id="T" initialConcentration="100" metaid="COPASI2" name="T">
        <annotation>
          <rdf:RDF xmlns:rdf="http://www.w3.org/1999/02/22-rdf-syntax-ns#" xmlns:dc="http://purl.org/dc/elements/1.1/" xmlns:dcterms="http://purl.org/dc/terms/" xmlns:vCard="http://www.w3.org/2001/vcard-rdf/3.0#" xmlns:bqbiol="http://biomodels.net/biology-qualifiers/" xmlns:bqmodel="http://biomodels.net/model-qualifiers/">
            <rdf:Description rdf:about="#COPASI2">
	<bqmodel:hasInstance>
	<rdf:Bag>
	<rdf:li rdf:resource="http://identifiers.org/ncit/C98275"/>
	</rdf:Bag>
	</bqmodel:hasInstance>
	</rdf:Description>
	
	
          </rdf:RDF>
          <COPASI xmlns="http://www.copasi.org/static/sbml">
            <rdf:RDF xmlns:bqmodel="http://biomodels.net/model-qualifiers/" xmlns:dcterms="http://purl.org/dc/terms/" xmlns:rdf="http://www.w3.org/1999/02/22-rdf-syntax-ns#">
              <rdf:Description rdf:about="#COPASI2">
                <bqmodel:isDescribedBy rdf:resource="urn:miriam:ncit:C98275"/>
                <dcterms:created>
                  <rdf:Description>
                    <dcterms:W3CDTF>2019-12-10T21:29:41Z</dcterms:W3CDTF>
                  </rdf:Description>
                </dcterms:created>
              </rdf:Description>
            </rdf:RDF>
          </COPASI>
        </annotation>
            </species>
      <species boundaryCondition="false" compartment="compartment" constant="false" id="N" initialConcentration="1" metaid="COPASI3" name="N">
        <annotation>
          <rdf:RDF xmlns:rdf="http://www.w3.org/1999/02/22-rdf-syntax-ns#" xmlns:dc="http://purl.org/dc/elements/1.1/" xmlns:dcterms="http://purl.org/dc/terms/" xmlns:vCard="http://www.w3.org/2001/vcard-rdf/3.0#" xmlns:bqbiol="http://biomodels.net/biology-qualifiers/" xmlns:bqmodel="http://biomodels.net/model-qualifiers/">
            <rdf:Description rdf:about="#COPASI3">
	<bqmodel:hasInstance>
	<rdf:Bag>
	<rdf:li rdf:resource="http://identifiers.org/bto/BTO:0000914"/>
	</rdf:Bag>
	</bqmodel:hasInstance>
	</rdf:Description>
	
	
          </rdf:RDF>
          <COPASI xmlns="http://www.copasi.org/static/sbml">
            <rdf:RDF xmlns:bqmodel="http://biomodels.net/model-qualifiers/" xmlns:dcterms="http://purl.org/dc/terms/" xmlns:rdf="http://www.w3.org/1999/02/22-rdf-syntax-ns#">
              <rdf:Description rdf:about="#COPASI3">
                <bqmodel:isDescribedBy rdf:resource="urn:miriam:bto:BTO:0000914"/>
                <dcterms:created>
                  <rdf:Description>
                    <dcterms:W3CDTF>2019-12-10T21:34:57Z</dcterms:W3CDTF>
                  </rdf:Description>
                </dcterms:created>
              </rdf:Description>
            </rdf:RDF>
          </COPASI>
        </annotation>
            </species>
      <species boundaryCondition="false" compartment="compartment" constant="false" id="D" initialConcentration="1" metaid="COPASI4" name="D">
        <annotation>
          <rdf:RDF xmlns:rdf="http://www.w3.org/1999/02/22-rdf-syntax-ns#" xmlns:dc="http://purl.org/dc/elements/1.1/" xmlns:dcterms="http://purl.org/dc/terms/" xmlns:vCard="http://www.w3.org/2001/vcard-rdf/3.0#" xmlns:bqbiol="http://biomodels.net/biology-qualifiers/" xmlns:bqmodel="http://biomodels.net/model-qualifiers/">
            <rdf:Description rdf:about="#COPASI4">
	<bqmodel:hasInstance>
	<rdf:Bag>
	<rdf:li rdf:resource="http://identifiers.org/bto/BTO:0002042"/>
	</rdf:Bag>
	</bqmodel:hasInstance>
	</rdf:Description>
	
	
          </rdf:RDF>
          <COPASI xmlns="http://www.copasi.org/static/sbml">
            <rdf:RDF xmlns:bqmodel="http://biomodels.net/model-qualifiers/" xmlns:dcterms="http://purl.org/dc/terms/" xmlns:rdf="http://www.w3.org/1999/02/22-rdf-syntax-ns#">
              <rdf:Description rdf:about="#COPASI4">
                <bqmodel:isDescribedBy rdf:resource="urn:miriam:bto:BTO:0002042"/>
                <dcterms:created>
                  <rdf:Description>
                    <dcterms:W3CDTF>2019-12-10T21:39:11Z</dcterms:W3CDTF>
                  </rdf:Description>
                </dcterms:created>
              </rdf:Description>
            </rdf:RDF>
          </COPASI>
        </annotation>
            </species>
      <species boundaryCondition="false" compartment="compartment" constant="false" id="L" initialConcentration="1" metaid="COPASI5" name="L">
        <annotation>
          <rdf:RDF xmlns:rdf="http://www.w3.org/1999/02/22-rdf-syntax-ns#" xmlns:dc="http://purl.org/dc/elements/1.1/" xmlns:dcterms="http://purl.org/dc/terms/" xmlns:vCard="http://www.w3.org/2001/vcard-rdf/3.0#" xmlns:bqbiol="http://biomodels.net/biology-qualifiers/" xmlns:bqmodel="http://biomodels.net/model-qualifiers/">
            <rdf:Description rdf:about="#COPASI5">
	<bqmodel:hasInstance>
	<rdf:Bag>
	<rdf:li rdf:resource="http://identifiers.org/bto/BTO:0000782"/>
	</rdf:Bag>
	</bqmodel:hasInstance>
	</rdf:Description>
	
	
          </rdf:RDF>
          <COPASI xmlns="http://www.copasi.org/static/sbml">
            <rdf:RDF xmlns:bqmodel="http://biomodels.net/model-qualifiers/" xmlns:dcterms="http://purl.org/dc/terms/" xmlns:rdf="http://www.w3.org/1999/02/22-rdf-syntax-ns#">
              <rdf:Description rdf:about="#COPASI5">
                <bqmodel:isDescribedBy rdf:resource="urn:miriam:bto:BTO:0000782"/>
                <dcterms:created>
                  <rdf:Description>
                    <dcterms:W3CDTF>2019-12-10T21:42:26Z</dcterms:W3CDTF>
                  </rdf:Description>
                </dcterms:created>
              </rdf:Description>
            </rdf:RDF>
          </COPASI>
        </annotation>
            </species>
    </listOfSpecies>
    <listOfParameters>
      <parameter constant="true" id="a" metaid="COPASI6" name="a" value="0.431">
        <annotation>
          <COPASI xmlns="http://www.copasi.org/static/sbml">
            <rdf:RDF xmlns:dcterms="http://purl.org/dc/terms/" xmlns:rdf="http://www.w3.org/1999/02/22-rdf-syntax-ns#">
              <rdf:Description rdf:about="#COPASI6">
                <dcterms:created>
                  <rdf:Description>
                    <dcterms:W3CDTF>2019-12-10T21:47:23Z</dcterms:W3CDTF>
                  </rdf:Description>
                </dcterms:created>
              </rdf:Description>
            </rdf:RDF>
          </COPASI>
        </annotation>
            </parameter>
      <parameter constant="true" id="b" metaid="COPASI7" name="b" value="2.17E-8">
        <annotation>
          <COPASI xmlns="http://www.copasi.org/static/sbml">
            <rdf:RDF xmlns:dcterms="http://purl.org/dc/terms/" xmlns:rdf="http://www.w3.org/1999/02/22-rdf-syntax-ns#">
              <rdf:Description rdf:about="#COPASI7">
                <dcterms:created>
                  <rdf:Description>
                    <dcterms:W3CDTF>2019-12-10T21:47:27Z</dcterms:W3CDTF>
                  </rdf:Description>
                </dcterms:created>
              </rdf:Description>
            </rdf:RDF>
          </COPASI>
        </annotation>
            </parameter>
      <parameter constant="true" id="c_1" metaid="COPASI8" name="c_1" value="3.5E-6">
        <annotation>
          <COPASI xmlns="http://www.copasi.org/static/sbml">
            <rdf:RDF xmlns:dcterms="http://purl.org/dc/terms/" xmlns:rdf="http://www.w3.org/1999/02/22-rdf-syntax-ns#">
              <rdf:Description rdf:about="#COPASI8">
                <dcterms:created>
                  <rdf:Description>
                    <dcterms:W3CDTF>2019-12-10T21:47:29Z</dcterms:W3CDTF>
                  </rdf:Description>
                </dcterms:created>
              </rdf:Description>
            </rdf:RDF>
          </COPASI>
        </annotation>
            </parameter>
      <parameter constant="true" id="c_2" metaid="COPASI9" name="c_2" value="1E-7">
        <annotation>
          <COPASI xmlns="http://www.copasi.org/static/sbml">
            <rdf:RDF xmlns:dcterms="http://purl.org/dc/terms/" xmlns:rdf="http://www.w3.org/1999/02/22-rdf-syntax-ns#">
              <rdf:Description rdf:about="#COPASI9">
                <dcterms:created>
                  <rdf:Description>
                    <dcterms:W3CDTF>2019-12-10T21:47:34Z</dcterms:W3CDTF>
                  </rdf:Description>
                </dcterms:created>
              </rdf:Description>
            </rdf:RDF>
          </COPASI>
        </annotation>
            </parameter>
      <parameter constant="true" id="d_1" metaid="COPASI10" name="d_1" value="1E-6">
        <annotation>
          <COPASI xmlns="http://www.copasi.org/static/sbml">
            <rdf:RDF xmlns:dcterms="http://purl.org/dc/terms/" xmlns:rdf="http://www.w3.org/1999/02/22-rdf-syntax-ns#">
              <rdf:Description rdf:about="#COPASI10">
                <dcterms:created>
                  <rdf:Description>
                    <dcterms:W3CDTF>2019-12-10T21:47:36Z</dcterms:W3CDTF>
                  </rdf:Description>
                </dcterms:created>
              </rdf:Description>
            </rdf:RDF>
          </COPASI>
        </annotation>
            </parameter>
      <parameter constant="true" id="d_2" metaid="COPASI11" name="d_2" value="4E-6">
        <annotation>
          <COPASI xmlns="http://www.copasi.org/static/sbml">
            <rdf:RDF xmlns:dcterms="http://purl.org/dc/terms/" xmlns:rdf="http://www.w3.org/1999/02/22-rdf-syntax-ns#">
              <rdf:Description rdf:about="#COPASI11">
                <dcterms:created>
                  <rdf:Description>
                    <dcterms:W3CDTF>2019-12-10T21:47:38Z</dcterms:W3CDTF>
                  </rdf:Description>
                </dcterms:created>
              </rdf:Description>
            </rdf:RDF>
          </COPASI>
        </annotation>
            </parameter>
      <parameter constant="true" id="d_3" metaid="COPASI12" name="d_3" value="0.0001">
        <annotation>
          <COPASI xmlns="http://www.copasi.org/static/sbml">
            <rdf:RDF xmlns:dcterms="http://purl.org/dc/terms/" xmlns:rdf="http://www.w3.org/1999/02/22-rdf-syntax-ns#">
              <rdf:Description rdf:about="#COPASI12">
                <dcterms:created>
                  <rdf:Description>
                    <dcterms:W3CDTF>2019-12-10T21:47:40Z</dcterms:W3CDTF>
                  </rdf:Description>
                </dcterms:created>
              </rdf:Description>
            </rdf:RDF>
          </COPASI>
        </annotation>
            </parameter>
      <parameter constant="true" id="e" metaid="COPASI13" name="e" value="0.0412">
        <annotation>
          <COPASI xmlns="http://www.copasi.org/static/sbml">
            <rdf:RDF xmlns:dcterms="http://purl.org/dc/terms/" xmlns:rdf="http://www.w3.org/1999/02/22-rdf-syntax-ns#">
              <rdf:Description rdf:about="#COPASI13">
                <dcterms:created>
                  <rdf:Description>
                    <dcterms:W3CDTF>2019-12-10T21:47:41Z</dcterms:W3CDTF>
                  </rdf:Description>
                </dcterms:created>
              </rdf:Description>
            </rdf:RDF>
          </COPASI>
        </annotation>
            </parameter>
      <parameter constant="true" id="f_1" metaid="COPASI14" name="f_1" value="1E-8">
        <annotation>
          <COPASI xmlns="http://www.copasi.org/static/sbml">
            <rdf:RDF xmlns:dcterms="http://purl.org/dc/terms/" xmlns:rdf="http://www.w3.org/1999/02/22-rdf-syntax-ns#">
              <rdf:Description rdf:about="#COPASI14">
                <dcterms:created>
                  <rdf:Description>
                    <dcterms:W3CDTF>2019-12-10T21:47:43Z</dcterms:W3CDTF>
                  </rdf:Description>
                </dcterms:created>
              </rdf:Description>
            </rdf:RDF>
          </COPASI>
        </annotation>
            </parameter>
      <parameter constant="true" id="f_2" metaid="COPASI15" name="f_2" value="0.01">
        <annotation>
          <COPASI xmlns="http://www.copasi.org/static/sbml">
            <rdf:RDF xmlns:dcterms="http://purl.org/dc/terms/" xmlns:rdf="http://www.w3.org/1999/02/22-rdf-syntax-ns#">
              <rdf:Description rdf:about="#COPASI15">
                <dcterms:created>
                  <rdf:Description>
                    <dcterms:W3CDTF>2019-12-10T21:47:45Z</dcterms:W3CDTF>
                  </rdf:Description>
                </dcterms:created>
              </rdf:Description>
            </rdf:RDF>
          </COPASI>
        </annotation>
            </parameter>
      <parameter constant="true" id="g" metaid="COPASI16" name="g" value="0.024">
        <annotation>
          <COPASI xmlns="http://www.copasi.org/static/sbml">
            <rdf:RDF xmlns:dcterms="http://purl.org/dc/terms/" xmlns:rdf="http://www.w3.org/1999/02/22-rdf-syntax-ns#">
              <rdf:Description rdf:about="#COPASI16">
                <dcterms:created>
                  <rdf:Description>
                    <dcterms:W3CDTF>2019-12-10T21:47:47Z</dcterms:W3CDTF>
                  </rdf:Description>
                </dcterms:created>
              </rdf:Description>
            </rdf:RDF>
          </COPASI>
        </annotation>
            </parameter>
      <parameter constant="true" id="h" metaid="COPASI17" name="h" value="3.42E-10">
        <annotation>
          <COPASI xmlns="http://www.copasi.org/static/sbml">
            <rdf:RDF xmlns:dcterms="http://purl.org/dc/terms/" xmlns:rdf="http://www.w3.org/1999/02/22-rdf-syntax-ns#">
              <rdf:Description rdf:about="#COPASI17">
                <dcterms:created>
                  <rdf:Description>
                    <dcterms:W3CDTF>2019-12-10T21:47:49Z</dcterms:W3CDTF>
                  </rdf:Description>
                </dcterms:created>
              </rdf:Description>
            </rdf:RDF>
          </COPASI>
        </annotation>
            </parameter>
      <parameter constant="true" id="i" metaid="COPASI18" name="i" value="0.02">
        <annotation>
          <COPASI xmlns="http://www.copasi.org/static/sbml">
            <rdf:RDF xmlns:dcterms="http://purl.org/dc/terms/" xmlns:rdf="http://www.w3.org/1999/02/22-rdf-syntax-ns#">
              <rdf:Description rdf:about="#COPASI18">
                <dcterms:created>
                  <rdf:Description>
                    <dcterms:W3CDTF>2019-12-10T21:47:51Z</dcterms:W3CDTF>
                  </rdf:Description>
                </dcterms:created>
              </rdf:Description>
            </rdf:RDF>
          </COPASI>
        </annotation>
            </parameter>
      <parameter constant="true" id="j" metaid="COPASI19" name="j" value="1E-7">
        <annotation>
          <COPASI xmlns="http://www.copasi.org/static/sbml">
            <rdf:RDF xmlns:dcterms="http://purl.org/dc/terms/" xmlns:rdf="http://www.w3.org/1999/02/22-rdf-syntax-ns#">
              <rdf:Description rdf:about="#COPASI19">
                <dcterms:created>
                  <rdf:Description>
                    <dcterms:W3CDTF>2019-12-10T21:47:52Z</dcterms:W3CDTF>
                  </rdf:Description>
                </dcterms:created>
              </rdf:Description>
            </rdf:RDF>
          </COPASI>
        </annotation>
            </parameter>
      <parameter constant="true" id="k" metaid="COPASI20" name="k" value="1E-7">
        <annotation>
          <COPASI xmlns="http://www.copasi.org/static/sbml">
            <rdf:RDF xmlns:dcterms="http://purl.org/dc/terms/" xmlns:rdf="http://www.w3.org/1999/02/22-rdf-syntax-ns#">
              <rdf:Description rdf:about="#COPASI20">
                <dcterms:created>
                  <rdf:Description>
                    <dcterms:W3CDTF>2019-12-10T21:47:56Z</dcterms:W3CDTF>
                  </rdf:Description>
                </dcterms:created>
              </rdf:Description>
            </rdf:RDF>
          </COPASI>
        </annotation>
            </parameter>
      <parameter constant="true" id="s_1" metaid="COPASI21" name="s_1" value="13000">
        <annotation>
          <COPASI xmlns="http://www.copasi.org/static/sbml">
            <rdf:RDF xmlns:dcterms="http://purl.org/dc/terms/" xmlns:rdf="http://www.w3.org/1999/02/22-rdf-syntax-ns#">
              <rdf:Description rdf:about="#COPASI21">
                <dcterms:created>
                  <rdf:Description>
                    <dcterms:W3CDTF>2019-12-10T21:47:58Z</dcterms:W3CDTF>
                  </rdf:Description>
                </dcterms:created>
              </rdf:Description>
            </rdf:RDF>
          </COPASI>
        </annotation>
            </parameter>
      <parameter constant="true" id="s_2" metaid="COPASI22" name="s_2" value="480">
        <annotation>
          <COPASI xmlns="http://www.copasi.org/static/sbml">
            <rdf:RDF xmlns:dcterms="http://purl.org/dc/terms/" xmlns:rdf="http://www.w3.org/1999/02/22-rdf-syntax-ns#">
              <rdf:Description rdf:about="#COPASI22">
                <dcterms:created>
                  <rdf:Description>
                    <dcterms:W3CDTF>2019-12-10T21:48:00Z</dcterms:W3CDTF>
                  </rdf:Description>
                </dcterms:created>
              </rdf:Description>
            </rdf:RDF>
          </COPASI>
        </annotation>
            </parameter>
      <parameter constant="true" id="u" metaid="COPASI23" name="u" value="1.8E-8">
        <annotation>
          <COPASI xmlns="http://www.copasi.org/static/sbml">
            <rdf:RDF xmlns:dcterms="http://purl.org/dc/terms/" xmlns:rdf="http://www.w3.org/1999/02/22-rdf-syntax-ns#">
              <rdf:Description rdf:about="#COPASI23">
                <dcterms:created>
                  <rdf:Description>
                    <dcterms:W3CDTF>2019-12-10T21:48:02Z</dcterms:W3CDTF>
                  </rdf:Description>
                </dcterms:created>
              </rdf:Description>
            </rdf:RDF>
          </COPASI>
        </annotation>
            </parameter>
      <parameter constant="true" id="r_1" metaid="COPASI24" name="r_1" value="0">
        <annotation>
          <COPASI xmlns="http://www.copasi.org/static/sbml">
            <rdf:RDF xmlns:dcterms="http://purl.org/dc/terms/" xmlns:rdf="http://www.w3.org/1999/02/22-rdf-syntax-ns#">
              <rdf:Description rdf:about="#COPASI24">
                <dcterms:created>
                  <rdf:Description>
                    <dcterms:W3CDTF>2019-12-10T21:50:56Z</dcterms:W3CDTF>
                  </rdf:Description>
                </dcterms:created>
              </rdf:Description>
            </rdf:RDF>
          </COPASI>
        </annotation>
            </parameter>
      <parameter constant="true" id="g_1" metaid="COPASI25" name="g_1" value="0">
        <annotation>
          <COPASI xmlns="http://www.copasi.org/static/sbml">
            <rdf:RDF xmlns:dcterms="http://purl.org/dc/terms/" xmlns:rdf="http://www.w3.org/1999/02/22-rdf-syntax-ns#">
              <rdf:Description rdf:about="#COPASI25">
                <dcterms:created>
                  <rdf:Description>
                    <dcterms:W3CDTF>2019-12-10T21:52:04Z</dcterms:W3CDTF>
                  </rdf:Description>
                </dcterms:created>
              </rdf:Description>
            </rdf:RDF>
          </COPASI>
        </annotation>
            </parameter>
      <parameter constant="true" id="h_1" metaid="COPASI26" name="h_1" value="0">
        <annotation>
          <COPASI xmlns="http://www.copasi.org/static/sbml">
            <rdf:RDF xmlns:dcterms="http://purl.org/dc/terms/" xmlns:rdf="http://www.w3.org/1999/02/22-rdf-syntax-ns#">
              <rdf:Description rdf:about="#COPASI26">
                <dcterms:created>
                  <rdf:Description>
                    <dcterms:W3CDTF>2019-12-10T21:52:19Z</dcterms:W3CDTF>
                  </rdf:Description>
                </dcterms:created>
              </rdf:Description>
            </rdf:RDF>
          </COPASI>
        </annotation>
            </parameter>
    </listOfParameters>
    <listOfReactions>
      <reaction id="Growth_of_tumor_cell" metaid="COPASI27" name="Growth of tumor cell" reversible="false">
        <annotation>
          <rdf:RDF xmlns:rdf="http://www.w3.org/1999/02/22-rdf-syntax-ns#" xmlns:dc="http://purl.org/dc/elements/1.1/" xmlns:dcterms="http://purl.org/dc/terms/" xmlns:vCard="http://www.w3.org/2001/vcard-rdf/3.0#" xmlns:bqbiol="http://biomodels.net/biology-qualifiers/" xmlns:bqmodel="http://biomodels.net/model-qualifiers/">
            <rdf:Description rdf:about="#COPASI27">
	<bqbiol:hasProperty>
	<rdf:Bag>
	<rdf:li rdf:resource="http://identifiers.org/go/GO:0040007"/>
	</rdf:Bag>
	</bqbiol:hasProperty>
	</rdf:Description>
	
	
          </rdf:RDF>
          <COPASI xmlns="http://www.copasi.org/static/sbml">
            <rdf:RDF xmlns:bqbiol="http://biomodels.net/biology-qualifiers/" xmlns:dcterms="http://purl.org/dc/terms/" xmlns:rdf="http://www.w3.org/1999/02/22-rdf-syntax-ns#">
              <rdf:Description rdf:about="#COPASI27">
                <bqbiol:hasProperty rdf:resource="urn:miriam:go:GO:0040007"/>
                <dcterms:created>
                  <rdf:Description>
                    <dcterms:W3CDTF>2019-12-10T21:29:28Z</dcterms:W3CDTF>
                  </rdf:Description>
                </dcterms:created>
              </rdf:Description>
            </rdf:RDF>
          </COPASI>
        </annotation>
              <listOfProducts>
          <speciesReference species="T" stoichiometry="1"/>
        </listOfProducts>
        <kineticLaw>
          <math xmlns="http://www.w3.org/1998/Math/MathML">          
            <apply>
              <times/>
              <ci> compartment </ci>
              <apply>
                <ci> Function_for_growth_of_tumor_cell </ci>
                <ci> a </ci>
                <ci> T </ci>
                <ci> b </ci>
              </apply>
            </apply>
          </math>
                </kineticLaw>
      </reaction>
      <reaction id="Impact_on_the_growth_of_tumor_cell_by_dendritic_cell__natural_killer_cell__CD8__cell" metaid="COPASI28" name="Impact on the growth of tumor cell by dendritic cell, natural killer cell, CD8+ cell" reversible="false">
        <annotation>
          <rdf:RDF xmlns:rdf="http://www.w3.org/1999/02/22-rdf-syntax-ns#" xmlns:dc="http://purl.org/dc/elements/1.1/" xmlns:dcterms="http://purl.org/dc/terms/" xmlns:vCard="http://www.w3.org/2001/vcard-rdf/3.0#" xmlns:bqbiol="http://biomodels.net/biology-qualifiers/" xmlns:bqmodel="http://biomodels.net/model-qualifiers/">
            <rdf:Description rdf:about="#COPASI28">
	<bqmodel:hasInstance>
	<rdf:Bag>
	<rdf:li rdf:resource="http://identifiers.org/go/GO:0040007"/>
	</rdf:Bag>
	</bqmodel:hasInstance>
	</rdf:Description>
	
	
          </rdf:RDF>
          <COPASI xmlns="http://www.copasi.org/static/sbml">
            <rdf:RDF xmlns:bqmodel="http://biomodels.net/model-qualifiers/" xmlns:dcterms="http://purl.org/dc/terms/" xmlns:rdf="http://www.w3.org/1999/02/22-rdf-syntax-ns#">
              <rdf:Description rdf:about="#COPASI28">
                <bqmodel:isDescribedBy rdf:resource="urn:miriam:go:GO:0040007"/>
                <dcterms:created>
                  <rdf:Description>
                    <dcterms:W3CDTF>2019-12-10T21:31:02Z</dcterms:W3CDTF>
                  </rdf:Description>
                </dcterms:created>
              </rdf:Description>
            </rdf:RDF>
          </COPASI>
        </annotation>
              <listOfReactants>
          <speciesReference species="T" stoichiometry="1"/>
        </listOfReactants>
        <listOfModifiers>
          <modifierSpeciesReference species="N"/>
          <modifierSpeciesReference species="D"/>
          <modifierSpeciesReference species="L"/>
        </listOfModifiers>
        <kineticLaw>
          <math xmlns="http://www.w3.org/1998/Math/MathML">          
            <apply>
              <times/>
              <ci> compartment </ci>
              <apply>
                <ci> Function_for_impact_on_tumor_cell_growth </ci>
                <ci> c_1 </ci>
                <ci> N </ci>
                <ci> j </ci>
                <ci> D </ci>
                <ci> k </ci>
                <ci> L </ci>
                <ci> T </ci>
              </apply>
            </apply>
          </math>
                </kineticLaw>
      </reaction>
      <reaction id="Production_of_Natural_killer_cell" metaid="COPASI29" name="Production of Natural killer cell" reversible="false">
        <annotation>
          <rdf:RDF xmlns:rdf="http://www.w3.org/1999/02/22-rdf-syntax-ns#" xmlns:dc="http://purl.org/dc/elements/1.1/" xmlns:dcterms="http://purl.org/dc/terms/" xmlns:vCard="http://www.w3.org/2001/vcard-rdf/3.0#" xmlns:bqbiol="http://biomodels.net/biology-qualifiers/" xmlns:bqmodel="http://biomodels.net/model-qualifiers/">
            <rdf:Description rdf:about="#COPASI29">
	<bqmodel:hasInstance>
	<rdf:Bag>
	<rdf:li rdf:resource="http://identifiers.org/ncit/C25513"/>
	</rdf:Bag>
	</bqmodel:hasInstance>
	</rdf:Description>
	
	
          </rdf:RDF>
          <COPASI xmlns="http://www.copasi.org/static/sbml">
            <rdf:RDF xmlns:bqmodel="http://biomodels.net/model-qualifiers/" xmlns:dcterms="http://purl.org/dc/terms/" xmlns:rdf="http://www.w3.org/1999/02/22-rdf-syntax-ns#">
              <rdf:Description rdf:about="#COPASI29">
                <bqmodel:isDescribedBy rdf:resource="urn:miriam:ncit:C25513"/>
                <dcterms:created>
                  <rdf:Description>
                    <dcterms:W3CDTF>2019-12-10T21:34:40Z</dcterms:W3CDTF>
                  </rdf:Description>
                </dcterms:created>
              </rdf:Description>
            </rdf:RDF>
          </COPASI>
        </annotation>
              <listOfProducts>
          <speciesReference species="N" stoichiometry="1"/>
        </listOfProducts>
        <listOfModifiers>
          <modifierSpeciesReference species="T"/>
        </listOfModifiers>
        <kineticLaw>
          <math xmlns="http://www.w3.org/1998/Math/MathML">          
            <apply>
              <times/>
              <ci> compartment </ci>
              <apply>
                <ci> Function_for_production_of_natural_killer_cell </ci>
                <ci> s_1 </ci>
                <ci> g_1 </ci>
                <ci> N </ci>
                <ci> T </ci>
                <ci> h_1 </ci>
              </apply>
            </apply>
          </math>
                </kineticLaw>
      </reaction>
      <reaction id="Removal_of_natural_killer_cell" metaid="COPASI30" name="Removal of natural killer cell" reversible="false">
              <listOfReactants>
          <speciesReference species="N" stoichiometry="1"/>
        </listOfReactants>
        <listOfModifiers>
          <modifierSpeciesReference species="T"/>
          <modifierSpeciesReference species="D"/>
        </listOfModifiers>
        <kineticLaw>
          <math xmlns="http://www.w3.org/1998/Math/MathML">          
            <apply>
              <times/>
              <ci> compartment </ci>
              <apply>
                <ci> Function_for_removal_of_natural_killer_cell </ci>
                <ci> c_2 </ci>
                <ci> T </ci>
                <ci> d_1 </ci>
                <ci> D </ci>
                <ci> N </ci>
                <ci> e </ci>
              </apply>
            </apply>
          </math>
                </kineticLaw>
      </reaction>
      <reaction id="Formation_of_Dendritic_cell" metaid="COPASI31" name="Formation of Dendritic cell" reversible="false">
        <annotation>
          <rdf:RDF xmlns:rdf="http://www.w3.org/1999/02/22-rdf-syntax-ns#" xmlns:dc="http://purl.org/dc/elements/1.1/" xmlns:dcterms="http://purl.org/dc/terms/" xmlns:vCard="http://www.w3.org/2001/vcard-rdf/3.0#" xmlns:bqbiol="http://biomodels.net/biology-qualifiers/" xmlns:bqmodel="http://biomodels.net/model-qualifiers/">
            <rdf:Description rdf:about="#COPASI31">
	<bqbiol:hasProperty>
	<rdf:Bag>
	<rdf:li rdf:resource="http://identifiers.org/ncit/C25513"/>
	</rdf:Bag>
	</bqbiol:hasProperty>
	</rdf:Description>
	
	
          </rdf:RDF>
          <COPASI xmlns="http://www.copasi.org/static/sbml">
            <rdf:RDF xmlns:bqbiol="http://biomodels.net/biology-qualifiers/" xmlns:dcterms="http://purl.org/dc/terms/" xmlns:rdf="http://www.w3.org/1999/02/22-rdf-syntax-ns#">
              <rdf:Description rdf:about="#COPASI31">
                <bqbiol:hasProperty rdf:resource="urn:miriam:ncit:C25513"/>
                <dcterms:created>
                  <rdf:Description>
                    <dcterms:W3CDTF>2019-12-10T21:38:57Z</dcterms:W3CDTF>
                  </rdf:Description>
                </dcterms:created>
              </rdf:Description>
            </rdf:RDF>
          </COPASI>
        </annotation>
              <listOfProducts>
          <speciesReference species="D" stoichiometry="1"/>
        </listOfProducts>
        <kineticLaw>
          <math xmlns="http://www.w3.org/1998/Math/MathML">          
            <apply>
              <times/>
              <ci> compartment </ci>
              <apply>
                <ci> Function_for_formation_of_dendritic_cell </ci>
                <ci> s_2 </ci>
              </apply>
            </apply>
          </math>
                </kineticLaw>
      </reaction>
      <reaction id="Impact_on_the_formation_of_dendritic_cell" metaid="COPASI32" name="Impact on the formation of dendritic cell" reversible="false">
        <annotation>
          <rdf:RDF xmlns:rdf="http://www.w3.org/1999/02/22-rdf-syntax-ns#" xmlns:dc="http://purl.org/dc/elements/1.1/" xmlns:dcterms="http://purl.org/dc/terms/" xmlns:vCard="http://www.w3.org/2001/vcard-rdf/3.0#" xmlns:bqbiol="http://biomodels.net/biology-qualifiers/" xmlns:bqmodel="http://biomodels.net/model-qualifiers/">
            <rdf:Description rdf:about="#COPASI32">
	<bqmodel:hasInstance>
	<rdf:Bag>
	<rdf:li rdf:resource="http://identifiers.org/ncit/C25513"/>
	</rdf:Bag>
	</bqmodel:hasInstance>
	</rdf:Description>
	
	
          </rdf:RDF>
          <COPASI xmlns="http://www.copasi.org/static/sbml">
            <rdf:RDF xmlns:bqmodel="http://biomodels.net/model-qualifiers/" xmlns:dcterms="http://purl.org/dc/terms/" xmlns:rdf="http://www.w3.org/1999/02/22-rdf-syntax-ns#">
              <rdf:Description rdf:about="#COPASI32">
                <bqmodel:isDescribedBy rdf:resource="urn:miriam:ncit:C25513"/>
                <dcterms:created>
                  <rdf:Description>
                    <dcterms:W3CDTF>2019-12-10T21:40:14Z</dcterms:W3CDTF>
                  </rdf:Description>
                </dcterms:created>
              </rdf:Description>
            </rdf:RDF>
          </COPASI>
        </annotation>
              <listOfReactants>
          <speciesReference species="D" stoichiometry="1"/>
        </listOfReactants>
        <listOfModifiers>
          <modifierSpeciesReference species="L"/>
          <modifierSpeciesReference species="N"/>
          <modifierSpeciesReference species="T"/>
        </listOfModifiers>
        <kineticLaw>
          <math xmlns="http://www.w3.org/1998/Math/MathML">          
            <apply>
              <times/>
              <ci> compartment </ci>
              <apply>
                <ci> Function_for_the_impact_on_dendritic_cell_formation </ci>
                <ci> f_1 </ci>
                <ci> L </ci>
                <ci> d_2 </ci>
                <ci> N </ci>
                <ci> d_3 </ci>
                <ci> T </ci>
                <ci> D </ci>
                <ci> g </ci>
              </apply>
            </apply>
          </math>
                </kineticLaw>
      </reaction>
      <reaction id="Formation_of_cytotoxic_CD8__T_cell" metaid="COPASI33" name="Formation of cytotoxic CD8+ T cell" reversible="false">
        <annotation>
          <rdf:RDF xmlns:rdf="http://www.w3.org/1999/02/22-rdf-syntax-ns#" xmlns:dc="http://purl.org/dc/elements/1.1/" xmlns:dcterms="http://purl.org/dc/terms/" xmlns:vCard="http://www.w3.org/2001/vcard-rdf/3.0#" xmlns:bqbiol="http://biomodels.net/biology-qualifiers/" xmlns:bqmodel="http://biomodels.net/model-qualifiers/">
            <rdf:Description rdf:about="#COPASI33">
	<bqmodel:hasInstance>
	<rdf:Bag>
	<rdf:li rdf:resource="http://identifiers.org/ncit/C25513"/>
	</rdf:Bag>
	</bqmodel:hasInstance>
	</rdf:Description>
	
	
          </rdf:RDF>
          <COPASI xmlns="http://www.copasi.org/static/sbml">
            <rdf:RDF xmlns:bqmodel="http://biomodels.net/model-qualifiers/" xmlns:dcterms="http://purl.org/dc/terms/" xmlns:rdf="http://www.w3.org/1999/02/22-rdf-syntax-ns#">
              <rdf:Description rdf:about="#COPASI33">
                <bqmodel:isDescribedBy rdf:resource="urn:miriam:ncit:C25513"/>
                <dcterms:created>
                  <rdf:Description>
                    <dcterms:W3CDTF>2019-12-10T21:42:04Z</dcterms:W3CDTF>
                  </rdf:Description>
                </dcterms:created>
              </rdf:Description>
            </rdf:RDF>
          </COPASI>
        </annotation>
              <listOfProducts>
          <speciesReference species="L" stoichiometry="1"/>
        </listOfProducts>
        <listOfModifiers>
          <modifierSpeciesReference species="D"/>
          <modifierSpeciesReference species="T"/>
          <modifierSpeciesReference species="N"/>
        </listOfModifiers>
        <kineticLaw>
          <math xmlns="http://www.w3.org/1998/Math/MathML">          
            <apply>
              <times/>
              <ci> compartment </ci>
              <apply>
                <ci> Function_for_formation_of_cytotoxic_CD8__T_cell </ci>
                <ci> f_2 </ci>
                <ci> D </ci>
                <ci> T </ci>
                <ci> r_1 </ci>
                <ci> N </ci>
              </apply>
            </apply>
          </math>
                </kineticLaw>
      </reaction>
      <reaction id="Removal_of_cytotoxic_CD8__T_cell" metaid="COPASI34" name="Removal of cytotoxic CD8+ T cell" reversible="false">
        <annotation>
          <rdf:RDF xmlns:rdf="http://www.w3.org/1999/02/22-rdf-syntax-ns#" xmlns:dc="http://purl.org/dc/elements/1.1/" xmlns:dcterms="http://purl.org/dc/terms/" xmlns:vCard="http://www.w3.org/2001/vcard-rdf/3.0#" xmlns:bqbiol="http://biomodels.net/biology-qualifiers/" xmlns:bqmodel="http://biomodels.net/model-qualifiers/">
            <rdf:Description rdf:about="#COPASI34">
	<bqmodel:hasInstance>
	<rdf:Bag>
	<rdf:li rdf:resource="http://identifiers.org/ncit/C64914"/>
	</rdf:Bag>
	</bqmodel:hasInstance>
	</rdf:Description>
	
	
          </rdf:RDF>
          <COPASI xmlns="http://www.copasi.org/static/sbml">
            <rdf:RDF xmlns:bqmodel="http://biomodels.net/model-qualifiers/" xmlns:dcterms="http://purl.org/dc/terms/" xmlns:rdf="http://www.w3.org/1999/02/22-rdf-syntax-ns#">
              <rdf:Description rdf:about="#COPASI34">
                <bqmodel:isDescribedBy rdf:resource="urn:miriam:ncit:C64914"/>
                <dcterms:created>
                  <rdf:Description>
                    <dcterms:W3CDTF>2019-12-10T21:44:48Z</dcterms:W3CDTF>
                  </rdf:Description>
                </dcterms:created>
              </rdf:Description>
            </rdf:RDF>
          </COPASI>
        </annotation>
              <listOfReactants>
          <speciesReference species="L" stoichiometry="1"/>
        </listOfReactants>
        <listOfModifiers>
          <modifierSpeciesReference species="T"/>
          <modifierSpeciesReference species="N"/>
        </listOfModifiers>
        <kineticLaw>
          <math xmlns="http://www.w3.org/1998/Math/MathML">          
            <apply>
              <times/>
              <ci> compartment </ci>
              <apply>
                <ci> Function_for_removal_of_cytotoxic_CD8__T_cell </ci>
                <ci> h </ci>
                <ci> L </ci>
                <ci> T </ci>
                <ci> u </ci>
                <ci> N </ci>
                <ci> i </ci>
              </apply>
            </apply>
          </math>
                </kineticLaw>
      </reaction>
    </listOfReactions>
  </model>
</sbml>
