[{"file": "simulation_3.sedml"}, {"file": "simulation_1.sedml"}, {"file": "grandi_2010_pace2.cellml"}, {"file": "grandi_pasqualini_bers_2010.cellml"}, {"file": "simulation_5.sedml"}, {"file": "simulation_7.sedml"}, {"file": "report.csv"}, {"file": "grandi_2010_iv.cellml"}, {"file": "simulation_0.sedml"}, {"file": "grandi_2010_vclamp.cellml"}, {"file": "simulation_2.sedml"}, {"file": "simulation_6.sedml"}, {"file": "grandi_pasqualini_bers_2010_flat.cellml"}, {"file": "grandi_2010_none.cellml"}, {"file": "simulation_4.sedml"}, {"file": "grandi_2010_pace4.cellml"}, {"file": "simulation_8.sedml"}, {"file": "grandi_2010_recovery.cellml"}, {"file": "grandi_2010_pace1.cellml"}, {"file": "grandi_2010_envelope.cellml"}, {"file": "simulation_9.sedml"}, {"file": "grandi_2010_pacenew.cellml"}]