<?xml version='1.0' encoding='UTF-8' standalone='no'?>
<sbml xmlns="http://www.sbml.org/sbml/level2/version4" level="2" version="4">
  <model id="Garde2020___metabolic_oscillations_in_Bacillus_subtilis_biofilms" metaid="COPASI0" name="Garde2020 - metabolic oscillations in Bacillus subtilis biofilms">
    <annotation>
      <rdf:RDF xmlns:rdf="http://www.w3.org/1999/02/22-rdf-syntax-ns#" xmlns:dc="http://purl.org/dc/elements/1.1/" xmlns:dcterms="http://purl.org/dc/terms/" xmlns:vCard="http://www.w3.org/2001/vcard-rdf/3.0#" xmlns:bqbiol="http://biomodels.net/biology-qualifiers/" xmlns:bqmodel="http://biomodels.net/model-qualifiers/">
        <rdf:Description rdf:about="#COPASI0">
	<dc:creator>
	<rdf:Bag>
	<rdf:li rdf:parseType="Resource">
	<vCard:N rdf:parseType="Resource">
	<vCard:Family>Daou</vCard:Family>
	<vCard:Given>Mikal</vCard:Given>
	</vCard:N>
	<vCard:EMAIL>mikaldaou@hotmail.com</vCard:EMAIL>
	<vCard:ORG rdf:parseType="Resource">
	<vCard:Orgname>EMBL-EBI</vCard:Orgname>
	</vCard:ORG>
	</rdf:li>
	</rdf:Bag>
	</dc:creator>
	<dcterms:created rdf:parseType="Resource">
	<dcterms:W3CDTF>2022-04-18T08:56:21Z</dcterms:W3CDTF>
	</dcterms:created>
	<dcterms:modified rdf:parseType="Resource">
	<dcterms:W3CDTF>2022-04-18T08:56:21Z</dcterms:W3CDTF>
	</dcterms:modified>
	<bqbiol:occursIn>
	<rdf:Bag>
	<rdf:li rdf:resource="http://identifiers.org/bto/BTO:0002690"/>
	</rdf:Bag>
	</bqbiol:occursIn>
	<bqbiol:hasTaxon>
	<rdf:Bag>
	<rdf:li rdf:resource="http://identifiers.org/taxonomy/1423"/>
	</rdf:Bag>
	</bqbiol:hasTaxon>
	<bqbiol:isDescribedBy>
	<rdf:Bag>
	<rdf:li rdf:resource="http://identifiers.org/doi/10.1038/s41598-020-62526-6"/>
	</rdf:Bag>
	</bqbiol:isDescribedBy>
	<bqbiol:hasProperty>
	<rdf:Bag>
	<rdf:li rdf:resource="http://identifiers.org/go/GO:0008152"/>
	<rdf:li rdf:resource="http://identifiers.org/go/GO:0019222"/>
	<rdf:li rdf:resource="http://identifiers.org/mamo/MAMO_0000046"/>
	</rdf:Bag>
	</bqbiol:hasProperty>
	<bqmodel:is>
	<rdf:Bag>
	<rdf:li rdf:resource="http://identifiers.org/biomodels.db/MODEL2204180002"/>
	<rdf:li rdf:resource="http://identifiers.org/biomodels.db/BIOMD0000001053"/>
	</rdf:Bag>
	</bqmodel:is>
	</rdf:Description>
	
	
	
      </rdf:RDF>
      <COPASI xmlns="http://www.copasi.org/static/sbml">
        <rdf:RDF xmlns:CopasiMT="http://www.copasi.org/RDF/MiriamTerms#" xmlns:bqbiol="http://biomodels.net/biology-qualifiers/" xmlns:dcterms="http://purl.org/dc/terms/" xmlns:rdf="http://www.w3.org/1999/02/22-rdf-syntax-ns#" xmlns:vCard="http://www.w3.org/2001/vcard-rdf/3.0#">
          <rdf:Description rdf:about="#COPASI0">
            <bqbiol:hasProperty rdf:resource="urn:miriam:go:GO:0008152"/>
            <bqbiol:hasProperty rdf:resource="urn:miriam:go:GO:0019222"/>
            <bqbiol:hasProperty rdf:resource="urn:miriam:mamo:MAMO_0000046"/>
            <bqbiol:hasTaxon rdf:resource="urn:miriam:taxonomy:1423"/>
            <dcterms:bibliographicCitation>
              <rdf:Description>
                <dcterms:description>DOI</dcterms:description>
                <CopasiMT:isDescribedBy rdf:resource="urn:miriam:doi:10.1038/s41598-020-62526-6"/>
              </rdf:Description>
            </dcterms:bibliographicCitation>
            <dcterms:created>
              <rdf:Description>
                <dcterms:W3CDTF>2022-04-18T08:56:21Z</dcterms:W3CDTF>
              </rdf:Description>
            </dcterms:created>
            <dcterms:creator>
              <rdf:Description>
                <vCard:EMAIL>mikaldaou@hotmail.com</vCard:EMAIL>
                <vCard:N>
                  <rdf:Description>
                    <vCard:Family>Daou</vCard:Family>
                    <vCard:Given>Mikal</vCard:Given>
                  </rdf:Description>
                </vCard:N>
                <vCard:ORG>
                  <rdf:Description>
                    <vCard:Orgname>EMBL-EBI</vCard:Orgname>
                  </rdf:Description>
                </vCard:ORG>
              </rdf:Description>
            </dcterms:creator>
            <CopasiMT:occursIn rdf:resource="urn:miriam:bto:BTO:0002690"/>
          </rdf:Description>
        </rdf:RDF>
      </COPASI>
    </annotation>
      <listOfFunctionDefinitions>
      <functionDefinition id="function_for_biomass_production" metaid="COPASI24" name="function for biomass production">
        <annotation>
          <COPASI xmlns="http://www.copasi.org/static/sbml">
            <rdf:RDF xmlns:rdf="http://www.w3.org/1999/02/22-rdf-syntax-ns#"/>
          </COPASI>
        </annotation>
        <math xmlns="http://www.w3.org/1998/Math/MathML">        
          <lambda>
            <bvar>
              <ci> k2 </ci>
            </bvar>
            <bvar>
              <ci> Ap </ci>
            </bvar>
            <bvar>
              <ci> Gp </ci>
            </bvar>
            <apply>
              <times/>
              <ci> k2 </ci>
              <ci> Ap </ci>
              <ci> Gp </ci>
            </apply>
          </lambda>
        </math>
            </functionDefinition>
      <functionDefinition id="function_for_diffusion_of_Ammonia_from_interior_to_middle_layer" metaid="COPASI25" name="function for diffusion of Ammonia from interior to middle layer">
        <annotation>
          <COPASI xmlns="http://www.copasi.org/static/sbml">
            <rdf:RDF xmlns:rdf="http://www.w3.org/1999/02/22-rdf-syntax-ns#"/>
          </COPASI>
        </annotation>
        <math xmlns="http://www.w3.org/1998/Math/MathML">        
          <lambda>
            <bvar>
              <ci> k3 </ci>
            </bvar>
            <bvar>
              <ci> Ai </ci>
            </bvar>
            <apply>
              <times/>
              <ci> k3 </ci>
              <ci> Ai </ci>
            </apply>
          </lambda>
        </math>
            </functionDefinition>
      <functionDefinition id="function_for_production_of_Ammonia_using_Glutamate_by_inner_cells" metaid="COPASI26" name="function for production of Ammonia using Glutamate by inner cells">
        <annotation>
          <COPASI xmlns="http://www.copasi.org/static/sbml">
            <rdf:RDF xmlns:rdf="http://www.w3.org/1999/02/22-rdf-syntax-ns#"/>
          </COPASI>
        </annotation>
        <math xmlns="http://www.w3.org/1998/Math/MathML">        
          <lambda>
            <bvar>
              <ci> k5 </ci>
            </bvar>
            <bvar>
              <ci> Gi </ci>
            </bvar>
            <apply>
              <times/>
              <ci> k5 </ci>
              <ci> Gi </ci>
            </apply>
          </lambda>
        </math>
            </functionDefinition>
      <functionDefinition id="function_Gp_diffusion_to_the_interior_cells" metaid="COPASI27" name="function Gp diffusion to the interior cells">
        <annotation>
          <COPASI xmlns="http://www.copasi.org/static/sbml">
            <rdf:RDF xmlns:rdf="http://www.w3.org/1999/02/22-rdf-syntax-ns#"/>
          </COPASI>
        </annotation>
        <math xmlns="http://www.w3.org/1998/Math/MathML">        
          <lambda>
            <bvar>
              <ci> k4 </ci>
            </bvar>
            <bvar>
              <ci> Gp </ci>
            </bvar>
            <apply>
              <times/>
              <ci> k4 </ci>
              <ci> Gp </ci>
            </apply>
          </lambda>
        </math>
            </functionDefinition>
      <functionDefinition id="function_for_positive_feedback_of_Gp_on_itself" metaid="COPASI28" name="function for positive feedback of Gp on itself">
        <annotation>
          <COPASI xmlns="http://www.copasi.org/static/sbml">
            <rdf:RDF xmlns:rdf="http://www.w3.org/1999/02/22-rdf-syntax-ns#"/>
          </COPASI>
        </annotation>
        <math xmlns="http://www.w3.org/1998/Math/MathML">        
          <lambda>
            <bvar>
              <ci> k1 </ci>
            </bvar>
            <bvar>
              <ci> Ge </ci>
            </bvar>
            <bvar>
              <ci> Gp </ci>
            </bvar>
            <apply>
              <times/>
              <ci> k1 </ci>
              <ci> Ge </ci>
              <ci> Gp </ci>
            </apply>
          </lambda>
        </math>
            </functionDefinition>
      <functionDefinition id="function_for_ammonia_diffusion_from_middle_layer_to_periphery" metaid="COPASI29" name="function for ammonia diffusion from middle layer to periphery">
        <annotation>
          <COPASI xmlns="http://www.copasi.org/static/sbml">
            <rdf:RDF xmlns:rdf="http://www.w3.org/1999/02/22-rdf-syntax-ns#"/>
          </COPASI>
        </annotation>
        <math xmlns="http://www.w3.org/1998/Math/MathML">        
          <lambda>
            <bvar>
              <ci> k3 </ci>
            </bvar>
            <bvar>
              <ci> Am </ci>
            </bvar>
            <apply>
              <times/>
              <ci> k3 </ci>
              <ci> Am </ci>
            </apply>
          </lambda>
        </math>
            </functionDefinition>
      <functionDefinition id="function_for_loss_of_Ammonia_du_to_diffusion_to_the_environment" metaid="COPASI30" name="function for loss of Ammonia du to diffusion to the environment">
        <annotation>
          <COPASI xmlns="http://www.copasi.org/static/sbml">
            <rdf:RDF xmlns:rdf="http://www.w3.org/1999/02/22-rdf-syntax-ns#"/>
          </COPASI>
        </annotation>
        <math xmlns="http://www.w3.org/1998/Math/MathML">        
          <lambda>
            <bvar>
              <ci> k3 </ci>
            </bvar>
            <bvar>
              <ci> Ap </ci>
            </bvar>
            <apply>
              <times/>
              <ci> k3 </ci>
              <ci> Ap </ci>
            </apply>
          </lambda>
        </math>
            </functionDefinition>
      <functionDefinition id="function_for_diffusion_of_Glutamate_from_middle_to_interior_layer" metaid="COPASI31" name="function for diffusion of Glutamate from middle to interior layer">
        <annotation>
          <COPASI xmlns="http://www.copasi.org/static/sbml">
            <rdf:RDF xmlns:rdf="http://www.w3.org/1999/02/22-rdf-syntax-ns#"/>
          </COPASI>
        </annotation>
        <math xmlns="http://www.w3.org/1998/Math/MathML">        
          <lambda>
            <bvar>
              <ci> k4 </ci>
            </bvar>
            <bvar>
              <ci> Gm </ci>
            </bvar>
            <apply>
              <times/>
              <ci> k4 </ci>
              <ci> Gm </ci>
            </apply>
          </lambda>
        </math>
            </functionDefinition>
      <functionDefinition id="function_for_production_of_Ammonia_in_middle_layer_using_glutamate" metaid="COPASI32" name="function for production of Ammonia in middle layer using glutamate">
        <annotation>
          <COPASI xmlns="http://www.copasi.org/static/sbml">
            <rdf:RDF xmlns:rdf="http://www.w3.org/1999/02/22-rdf-syntax-ns#"/>
          </COPASI>
        </annotation>
        <math xmlns="http://www.w3.org/1998/Math/MathML">        
          <lambda>
            <bvar>
              <ci> k5 </ci>
            </bvar>
            <bvar>
              <ci> Gm </ci>
            </bvar>
            <apply>
              <times/>
              <ci> k5 </ci>
              <ci> Gm </ci>
            </apply>
          </lambda>
        </math>
            </functionDefinition>
      <functionDefinition id="function_for_use_of_glutamate_in_middle_layer_for_biomass_production" metaid="COPASI33" name="function for use of glutamate in middle layer for biomass production">
        <annotation>
          <COPASI xmlns="http://www.copasi.org/static/sbml">
            <rdf:RDF xmlns:rdf="http://www.w3.org/1999/02/22-rdf-syntax-ns#"/>
          </COPASI>
        </annotation>
        <math xmlns="http://www.w3.org/1998/Math/MathML">        
          <lambda>
            <bvar>
              <ci> k2 </ci>
            </bvar>
            <bvar>
              <ci> Am </ci>
            </bvar>
            <bvar>
              <ci> Gm </ci>
            </bvar>
            <apply>
              <times/>
              <ci> k2 </ci>
              <ci> Am </ci>
              <ci> Gm </ci>
            </apply>
          </lambda>
        </math>
            </functionDefinition>
    </listOfFunctionDefinitions>
    <listOfUnitDefinitions>
      <unitDefinition id="length" name="length">
        <listOfUnits>
          <unit exponent="1" kind="metre" multiplier="1" scale="0"/>
        </listOfUnits>
      </unitDefinition>
      <unitDefinition id="area" name="area">
        <listOfUnits>
          <unit exponent="2" kind="metre" multiplier="1" scale="0"/>
        </listOfUnits>
      </unitDefinition>
      <unitDefinition id="volume" name="volume">
        <listOfUnits>
          <unit exponent="1" kind="litre" multiplier="1" scale="0"/>
        </listOfUnits>
      </unitDefinition>
      <unitDefinition id="time" name="time">
        <listOfUnits>
          <unit exponent="1" kind="second" multiplier="3600" scale="0"/>
        </listOfUnits>
      </unitDefinition>
      <unitDefinition id="substance" name="substance">
        <listOfUnits>
          <unit exponent="1" kind="mole" multiplier="1" scale="-3"/>
        </listOfUnits>
      </unitDefinition>
      <unitDefinition id="unit_0" name="(mmol/l*h)^-1">
        <listOfUnits>
          <unit exponent="-1" kind="mole" multiplier="1" scale="-3"/>
          <unit exponent="-1" kind="second" multiplier="3600" scale="0"/>
          <unit exponent="1" kind="litre" multiplier="1" scale="0"/>
        </listOfUnits>
      </unitDefinition>
      <unitDefinition id="unit_1" name="h^-1">
        <listOfUnits>
          <unit exponent="-1" kind="second" multiplier="3600" scale="0"/>
        </listOfUnits>
      </unitDefinition>
      <unitDefinition id="unit_2" name="1/h">
        <listOfUnits>
          <unit exponent="-1" kind="second" multiplier="3600" scale="0"/>
        </listOfUnits>
      </unitDefinition>
      <unitDefinition id="unit_3" name="mmol/l">
        <listOfUnits>
          <unit exponent="1" kind="mole" multiplier="1" scale="-3"/>
          <unit exponent="-1" kind="litre" multiplier="1" scale="0"/>
        </listOfUnits>
      </unitDefinition>
    </listOfUnitDefinitions>
    <listOfCompartments>
      <compartment constant="true" id="Biofilm" metaid="COPASI1" name="Biofilm" size="1" spatialDimensions="3">
        <annotation>
          <rdf:RDF xmlns:rdf="http://www.w3.org/1999/02/22-rdf-syntax-ns#" xmlns:dc="http://purl.org/dc/elements/1.1/" xmlns:dcterms="http://purl.org/dc/terms/" xmlns:vCard="http://www.w3.org/2001/vcard-rdf/3.0#" xmlns:bqbiol="http://biomodels.net/biology-qualifiers/" xmlns:bqmodel="http://biomodels.net/model-qualifiers/">
            <rdf:Description rdf:about="#COPASI1">
	<bqbiol:is>
	<rdf:Bag>
	<rdf:li rdf:resource="http://identifiers.org/bto/BTO:0002690"/>
	</rdf:Bag>
	</bqbiol:is>
	</rdf:Description>
	
	
	
          </rdf:RDF>
          <COPASI xmlns="http://www.copasi.org/static/sbml">
            <rdf:RDF xmlns:CopasiMT="http://www.copasi.org/RDF/MiriamTerms#" xmlns:rdf="http://www.w3.org/1999/02/22-rdf-syntax-ns#">
              <rdf:Description rdf:about="#COPASI1">
                <CopasiMT:is rdf:resource="urn:miriam:bto:BTO:0002690"/>
              </rdf:Description>
            </rdf:RDF>
          </COPASI>
        </annotation>
            </compartment>
    </listOfCompartments>
    <listOfSpecies>
      <species boundaryCondition="false" compartment="Biofilm" constant="false" id="Gp" initialConcentration="0.999999999999999" metaid="COPASI2" name="Gp">
        <annotation>
          <rdf:RDF xmlns:rdf="http://www.w3.org/1999/02/22-rdf-syntax-ns#" xmlns:dc="http://purl.org/dc/elements/1.1/" xmlns:dcterms="http://purl.org/dc/terms/" xmlns:vCard="http://www.w3.org/2001/vcard-rdf/3.0#" xmlns:bqbiol="http://biomodels.net/biology-qualifiers/" xmlns:bqmodel="http://biomodels.net/model-qualifiers/">
            <rdf:Description rdf:about="#COPASI2">
	<bqbiol:isVersionOf>
	<rdf:Bag>
	<rdf:li rdf:resource="http://identifiers.org/chebi/CHEBI:32484"/>
	</rdf:Bag>
	</bqbiol:isVersionOf>
	</rdf:Description>
	
	
	
          </rdf:RDF>
          <COPASI xmlns="http://www.copasi.org/static/sbml">
            <rdf:RDF xmlns:CopasiMT="http://www.copasi.org/RDF/MiriamTerms#" xmlns:rdf="http://www.w3.org/1999/02/22-rdf-syntax-ns#">
              <rdf:Description rdf:about="#COPASI2">
                <CopasiMT:isVersionOf rdf:resource="urn:miriam:chebi:CHEBI:32484"/>
              </rdf:Description>
            </rdf:RDF>
          </COPASI>
        </annotation>
            </species>
      <species boundaryCondition="false" compartment="Biofilm" constant="false" id="Ai" initialConcentration="0.999999999999999" metaid="COPASI3" name="Ai">
        <annotation>
          <rdf:RDF xmlns:rdf="http://www.w3.org/1999/02/22-rdf-syntax-ns#" xmlns:dc="http://purl.org/dc/elements/1.1/" xmlns:dcterms="http://purl.org/dc/terms/" xmlns:vCard="http://www.w3.org/2001/vcard-rdf/3.0#" xmlns:bqbiol="http://biomodels.net/biology-qualifiers/" xmlns:bqmodel="http://biomodels.net/model-qualifiers/">
            <rdf:Description rdf:about="#COPASI3">
	<bqbiol:isVersionOf>
	<rdf:Bag>
	<rdf:li rdf:resource="http://identifiers.org/chebi/CHEBI:16134"/>
	</rdf:Bag>
	</bqbiol:isVersionOf>
	</rdf:Description>
	
	
	
          </rdf:RDF>
          <COPASI xmlns="http://www.copasi.org/static/sbml">
            <rdf:RDF xmlns:CopasiMT="http://www.copasi.org/RDF/MiriamTerms#" xmlns:rdf="http://www.w3.org/1999/02/22-rdf-syntax-ns#">
              <rdf:Description rdf:about="#COPASI3">
                <CopasiMT:isVersionOf rdf:resource="urn:miriam:chebi:CHEBI:16134"/>
              </rdf:Description>
            </rdf:RDF>
          </COPASI>
        </annotation>
            </species>
      <species boundaryCondition="false" compartment="Biofilm" constant="false" id="Am" initialConcentration="0.999999999999999" metaid="COPASI4" name="Am">
        <annotation>
          <rdf:RDF xmlns:rdf="http://www.w3.org/1999/02/22-rdf-syntax-ns#" xmlns:dc="http://purl.org/dc/elements/1.1/" xmlns:dcterms="http://purl.org/dc/terms/" xmlns:vCard="http://www.w3.org/2001/vcard-rdf/3.0#" xmlns:bqbiol="http://biomodels.net/biology-qualifiers/" xmlns:bqmodel="http://biomodels.net/model-qualifiers/">
            <rdf:Description rdf:about="#COPASI4">
	<bqbiol:isVersionOf>
	<rdf:Bag>
	<rdf:li rdf:resource="http://identifiers.org/chebi/CHEBI:16134"/>
	</rdf:Bag>
	</bqbiol:isVersionOf>
	</rdf:Description>
	
	
	
          </rdf:RDF>
          <COPASI xmlns="http://www.copasi.org/static/sbml">
            <rdf:RDF xmlns:CopasiMT="http://www.copasi.org/RDF/MiriamTerms#" xmlns:rdf="http://www.w3.org/1999/02/22-rdf-syntax-ns#">
              <rdf:Description rdf:about="#COPASI4">
                <CopasiMT:isVersionOf rdf:resource="urn:miriam:chebi:CHEBI:16134"/>
              </rdf:Description>
            </rdf:RDF>
          </COPASI>
        </annotation>
            </species>
      <species boundaryCondition="false" compartment="Biofilm" constant="false" id="Ap" initialConcentration="0.999999999999999" metaid="COPASI5" name="Ap">
        <annotation>
          <rdf:RDF xmlns:rdf="http://www.w3.org/1999/02/22-rdf-syntax-ns#" xmlns:dc="http://purl.org/dc/elements/1.1/" xmlns:dcterms="http://purl.org/dc/terms/" xmlns:vCard="http://www.w3.org/2001/vcard-rdf/3.0#" xmlns:bqbiol="http://biomodels.net/biology-qualifiers/" xmlns:bqmodel="http://biomodels.net/model-qualifiers/">
            <rdf:Description rdf:about="#COPASI5">
	<bqbiol:isVersionOf>
	<rdf:Bag>
	<rdf:li rdf:resource="http://identifiers.org/chebi/CHEBI:16134"/>
	</rdf:Bag>
	</bqbiol:isVersionOf>
	</rdf:Description>
	
	
	
          </rdf:RDF>
          <COPASI xmlns="http://www.copasi.org/static/sbml">
            <rdf:RDF xmlns:CopasiMT="http://www.copasi.org/RDF/MiriamTerms#" xmlns:rdf="http://www.w3.org/1999/02/22-rdf-syntax-ns#">
              <rdf:Description rdf:about="#COPASI5">
                <CopasiMT:isVersionOf rdf:resource="urn:miriam:chebi:CHEBI:16134"/>
              </rdf:Description>
            </rdf:RDF>
          </COPASI>
        </annotation>
            </species>
      <species boundaryCondition="false" compartment="Biofilm" constant="false" id="Gm" initialConcentration="1" metaid="COPASI6" name="Gm">
        <annotation>
          <rdf:RDF xmlns:rdf="http://www.w3.org/1999/02/22-rdf-syntax-ns#" xmlns:dc="http://purl.org/dc/elements/1.1/" xmlns:dcterms="http://purl.org/dc/terms/" xmlns:vCard="http://www.w3.org/2001/vcard-rdf/3.0#" xmlns:bqbiol="http://biomodels.net/biology-qualifiers/" xmlns:bqmodel="http://biomodels.net/model-qualifiers/">
            <rdf:Description rdf:about="#COPASI6">
	<bqbiol:isVersionOf>
	<rdf:Bag>
	<rdf:li rdf:resource="http://identifiers.org/chebi/CHEBI:32484"/>
	</rdf:Bag>
	</bqbiol:isVersionOf>
	</rdf:Description>
	
	
	
          </rdf:RDF>
          <COPASI xmlns="http://www.copasi.org/static/sbml">
            <rdf:RDF xmlns:CopasiMT="http://www.copasi.org/RDF/MiriamTerms#" xmlns:rdf="http://www.w3.org/1999/02/22-rdf-syntax-ns#">
              <rdf:Description rdf:about="#COPASI6">
                <CopasiMT:isVersionOf rdf:resource="urn:miriam:chebi:CHEBI:32484"/>
              </rdf:Description>
            </rdf:RDF>
          </COPASI>
        </annotation>
            </species>
      <species boundaryCondition="false" compartment="Biofilm" constant="false" id="Gi" initialConcentration="1" metaid="COPASI7" name="Gi">
        <annotation>
          <rdf:RDF xmlns:rdf="http://www.w3.org/1999/02/22-rdf-syntax-ns#" xmlns:dc="http://purl.org/dc/elements/1.1/" xmlns:dcterms="http://purl.org/dc/terms/" xmlns:vCard="http://www.w3.org/2001/vcard-rdf/3.0#" xmlns:bqbiol="http://biomodels.net/biology-qualifiers/" xmlns:bqmodel="http://biomodels.net/model-qualifiers/">
            <rdf:Description rdf:about="#COPASI7">
	<bqbiol:isVersionOf>
	<rdf:Bag>
	<rdf:li rdf:resource="http://identifiers.org/chebi/CHEBI:32484"/>
	</rdf:Bag>
	</bqbiol:isVersionOf>
	</rdf:Description>
	
	
	
          </rdf:RDF>
          <COPASI xmlns="http://www.copasi.org/static/sbml">
            <rdf:RDF xmlns:CopasiMT="http://www.copasi.org/RDF/MiriamTerms#" xmlns:rdf="http://www.w3.org/1999/02/22-rdf-syntax-ns#">
              <rdf:Description rdf:about="#COPASI7">
                <CopasiMT:isVersionOf rdf:resource="urn:miriam:chebi:CHEBI:32484"/>
              </rdf:Description>
            </rdf:RDF>
          </COPASI>
        </annotation>
            </species>
    </listOfSpecies>
    <listOfParameters>
      <parameter constant="true" id="k1" metaid="COPASI8" name="k1" sboTerm="SBO:0000009" units="unit_0" value="0.34">
        <annotation>
          <rdf:RDF xmlns:rdf="http://www.w3.org/1999/02/22-rdf-syntax-ns#" xmlns:dc="http://purl.org/dc/elements/1.1/" xmlns:dcterms="http://purl.org/dc/terms/" xmlns:vCard="http://www.w3.org/2001/vcard-rdf/3.0#" xmlns:bqbiol="http://biomodels.net/biology-qualifiers/" xmlns:bqmodel="http://biomodels.net/model-qualifiers/">
            <rdf:Description rdf:about="#COPASI8">
	<bqbiol:is>
	<rdf:Bag>
	<rdf:li rdf:resource="http://identifiers.org/sbo/SBO:0000009"/>
	</rdf:Bag>
	</bqbiol:is>
	</rdf:Description>
	
	
	
          </rdf:RDF>
          <COPASI xmlns="http://www.copasi.org/static/sbml">
            <rdf:RDF xmlns:CopasiMT="http://www.copasi.org/RDF/MiriamTerms#" xmlns:rdf="http://www.w3.org/1999/02/22-rdf-syntax-ns#">
              <rdf:Description rdf:about="#COPASI8">
                <CopasiMT:is rdf:resource="urn:miriam:sbo:SBO:0000009"/>
              </rdf:Description>
            </rdf:RDF>
          </COPASI>
        </annotation>
            </parameter>
      <parameter constant="true" id="k2" metaid="COPASI9" name="k2" sboTerm="SBO:0000009" units="unit_0" value="5.3">
        <annotation>
          <rdf:RDF xmlns:rdf="http://www.w3.org/1999/02/22-rdf-syntax-ns#" xmlns:dc="http://purl.org/dc/elements/1.1/" xmlns:dcterms="http://purl.org/dc/terms/" xmlns:vCard="http://www.w3.org/2001/vcard-rdf/3.0#" xmlns:bqbiol="http://biomodels.net/biology-qualifiers/" xmlns:bqmodel="http://biomodels.net/model-qualifiers/">
            <rdf:Description rdf:about="#COPASI9">
	<bqbiol:is>
	<rdf:Bag>
	<rdf:li rdf:resource="http://identifiers.org/sbo/SBO:0000009"/>
	</rdf:Bag>
	</bqbiol:is>
	</rdf:Description>
	
	
	
          </rdf:RDF>
          <COPASI xmlns="http://www.copasi.org/static/sbml">
            <rdf:RDF xmlns:CopasiMT="http://www.copasi.org/RDF/MiriamTerms#" xmlns:rdf="http://www.w3.org/1999/02/22-rdf-syntax-ns#">
              <rdf:Description rdf:about="#COPASI9">
                <CopasiMT:is rdf:resource="urn:miriam:sbo:SBO:0000009"/>
              </rdf:Description>
            </rdf:RDF>
          </COPASI>
        </annotation>
            </parameter>
      <parameter constant="true" id="k3" metaid="COPASI10" name="k3" sboTerm="SBO:0000009" units="unit_1" value="4">
        <annotation>
          <rdf:RDF xmlns:rdf="http://www.w3.org/1999/02/22-rdf-syntax-ns#" xmlns:dc="http://purl.org/dc/elements/1.1/" xmlns:dcterms="http://purl.org/dc/terms/" xmlns:vCard="http://www.w3.org/2001/vcard-rdf/3.0#" xmlns:bqbiol="http://biomodels.net/biology-qualifiers/" xmlns:bqmodel="http://biomodels.net/model-qualifiers/">
            <rdf:Description rdf:about="#COPASI10">
	<bqbiol:is>
	<rdf:Bag>
	<rdf:li rdf:resource="http://identifiers.org/sbo/SBO:0000009"/>
	</rdf:Bag>
	</bqbiol:is>
	</rdf:Description>
	
	
	
          </rdf:RDF>
          <COPASI xmlns="http://www.copasi.org/static/sbml">
            <rdf:RDF xmlns:CopasiMT="http://www.copasi.org/RDF/MiriamTerms#" xmlns:rdf="http://www.w3.org/1999/02/22-rdf-syntax-ns#">
              <rdf:Description rdf:about="#COPASI10">
                <CopasiMT:is rdf:resource="urn:miriam:sbo:SBO:0000009"/>
              </rdf:Description>
            </rdf:RDF>
          </COPASI>
        </annotation>
            </parameter>
      <parameter constant="true" id="k4" metaid="COPASI11" name="k4" sboTerm="SBO:0000009" units="unit_2" value="2">
        <annotation>
          <rdf:RDF xmlns:rdf="http://www.w3.org/1999/02/22-rdf-syntax-ns#" xmlns:dc="http://purl.org/dc/elements/1.1/" xmlns:dcterms="http://purl.org/dc/terms/" xmlns:vCard="http://www.w3.org/2001/vcard-rdf/3.0#" xmlns:bqbiol="http://biomodels.net/biology-qualifiers/" xmlns:bqmodel="http://biomodels.net/model-qualifiers/">
            <rdf:Description rdf:about="#COPASI11">
	<bqbiol:is>
	<rdf:Bag>
	<rdf:li rdf:resource="http://identifiers.org/sbo/SBO:0000009"/>
	</rdf:Bag>
	</bqbiol:is>
	</rdf:Description>
	
	
	
          </rdf:RDF>
          <COPASI xmlns="http://www.copasi.org/static/sbml">
            <rdf:RDF xmlns:CopasiMT="http://www.copasi.org/RDF/MiriamTerms#" xmlns:rdf="http://www.w3.org/1999/02/22-rdf-syntax-ns#">
              <rdf:Description rdf:about="#COPASI11">
                <CopasiMT:is rdf:resource="urn:miriam:sbo:SBO:0000009"/>
              </rdf:Description>
            </rdf:RDF>
          </COPASI>
        </annotation>
            </parameter>
      <parameter constant="true" id="k5" metaid="COPASI12" name="k5" sboTerm="SBO:0000009" units="unit_2" value="2.3">
        <annotation>
          <rdf:RDF xmlns:rdf="http://www.w3.org/1999/02/22-rdf-syntax-ns#" xmlns:dc="http://purl.org/dc/elements/1.1/" xmlns:dcterms="http://purl.org/dc/terms/" xmlns:vCard="http://www.w3.org/2001/vcard-rdf/3.0#" xmlns:bqbiol="http://biomodels.net/biology-qualifiers/" xmlns:bqmodel="http://biomodels.net/model-qualifiers/">
            <rdf:Description rdf:about="#COPASI12">
	<bqbiol:is>
	<rdf:Bag>
	<rdf:li rdf:resource="http://identifiers.org/sbo/SBO:0000009"/>
	</rdf:Bag>
	</bqbiol:is>
	</rdf:Description>
	
	
	
          </rdf:RDF>
          <COPASI xmlns="http://www.copasi.org/static/sbml">
            <rdf:RDF xmlns:CopasiMT="http://www.copasi.org/RDF/MiriamTerms#" xmlns:rdf="http://www.w3.org/1999/02/22-rdf-syntax-ns#">
              <rdf:Description rdf:about="#COPASI12">
                <CopasiMT:is rdf:resource="urn:miriam:sbo:SBO:0000009"/>
              </rdf:Description>
            </rdf:RDF>
          </COPASI>
        </annotation>
            </parameter>
      <parameter constant="true" id="Ge" metaid="COPASI13" name="Ge" units="unit_3" value="30">
        <annotation>
          <rdf:RDF xmlns:rdf="http://www.w3.org/1999/02/22-rdf-syntax-ns#" xmlns:dc="http://purl.org/dc/elements/1.1/" xmlns:dcterms="http://purl.org/dc/terms/" xmlns:vCard="http://www.w3.org/2001/vcard-rdf/3.0#" xmlns:bqbiol="http://biomodels.net/biology-qualifiers/" xmlns:bqmodel="http://biomodels.net/model-qualifiers/">
            <rdf:Description rdf:about="#COPASI13">
	<bqbiol:isVersionOf>
	<rdf:Bag>
	<rdf:li rdf:resource="http://identifiers.org/sbo/SBO:0000299"/>
	</rdf:Bag>
	</bqbiol:isVersionOf>
	</rdf:Description>
	
	
	
          </rdf:RDF>
          <COPASI xmlns="http://www.copasi.org/static/sbml">
            <rdf:RDF xmlns:CopasiMT="http://www.copasi.org/RDF/MiriamTerms#" xmlns:rdf="http://www.w3.org/1999/02/22-rdf-syntax-ns#">
              <rdf:Description rdf:about="#COPASI13">
                <CopasiMT:isVersionOf rdf:resource="urn:miriam:sbo:SBO:0000299"/>
              </rdf:Description>
            </rdf:RDF>
          </COPASI>
        </annotation>
            </parameter>
    </listOfParameters>
    <listOfReactions>
      <reaction id="Positive_feedback_of_Gp_on_itself" metaid="COPASI14" name="Positive feedback of Gp on itself" reversible="false">
        <annotation>
          <rdf:RDF xmlns:rdf="http://www.w3.org/1999/02/22-rdf-syntax-ns#" xmlns:dc="http://purl.org/dc/elements/1.1/" xmlns:dcterms="http://purl.org/dc/terms/" xmlns:vCard="http://www.w3.org/2001/vcard-rdf/3.0#" xmlns:bqbiol="http://biomodels.net/biology-qualifiers/" xmlns:bqmodel="http://biomodels.net/model-qualifiers/">
            <rdf:Description rdf:about="#COPASI14">
              <bqbiol:isVersionOf>
	<rdf:Bag>
	<rdf:li rdf:resource="http://identifiers.org/sbo/SBO:0000393"/>
	</rdf:Bag>
	</bqbiol:isVersionOf>
	
	<bqbiol:isVersionOf>
	<rdf:Bag>
	<rdf:li rdf:resource="http://identifiers.org/ncit/C82652"/>
	</rdf:Bag>
	</bqbiol:isVersionOf>
	</rdf:Description>
	
	
	
          </rdf:RDF>
          <COPASI xmlns="http://www.copasi.org/static/sbml">
            <rdf:RDF xmlns:CopasiMT="http://www.copasi.org/RDF/MiriamTerms#" xmlns:rdf="http://www.w3.org/1999/02/22-rdf-syntax-ns#">
              <rdf:Description rdf:about="#COPASI14">
                <CopasiMT:isVersionOf rdf:resource="urn:miriam:ncit:C82652"/>
                <CopasiMT:isVersionOf rdf:resource="urn:miriam:sbo:SBO:0000393"/>
              </rdf:Description>
            </rdf:RDF>
          </COPASI>
        </annotation>
              <listOfProducts>
          <speciesReference species="Gp" stoichiometry="1"/>
        </listOfProducts>
        <kineticLaw>
          <math xmlns="http://www.w3.org/1998/Math/MathML">          
            <apply>
              <times/>
              <ci> Biofilm </ci>
              <apply>
                <ci> function_for_positive_feedback_of_Gp_on_itself </ci>
                <ci> k1 </ci>
                <ci> Ge </ci>
                <ci> Gp </ci>
              </apply>
            </apply>
          </math>
                </kineticLaw>
      </reaction>
      <reaction id="Gp_diffusion_to_the_interior_cells" metaid="COPASI15" name="Gp diffusion to the interior cells" reversible="false">
        <annotation>
          <rdf:RDF xmlns:rdf="http://www.w3.org/1999/02/22-rdf-syntax-ns#" xmlns:dc="http://purl.org/dc/elements/1.1/" xmlns:dcterms="http://purl.org/dc/terms/" xmlns:vCard="http://www.w3.org/2001/vcard-rdf/3.0#" xmlns:bqbiol="http://biomodels.net/biology-qualifiers/" xmlns:bqmodel="http://biomodels.net/model-qualifiers/">
            <rdf:Description rdf:about="#COPASI15">
              <bqbiol:isVersionOf>
	<rdf:Bag>
	<rdf:li rdf:resource="http://identifiers.org/ncit/C82333"/>
	</rdf:Bag>
	</bqbiol:isVersionOf>
	
	<bqbiol:isVersionOf>
	<rdf:Bag>
	<rdf:li rdf:resource="http://identifiers.org/go/GO:0022803"/>
	</rdf:Bag>
	</bqbiol:isVersionOf>
	</rdf:Description>
	
	
	
          </rdf:RDF>
          <COPASI xmlns="http://www.copasi.org/static/sbml">
            <rdf:RDF xmlns:CopasiMT="http://www.copasi.org/RDF/MiriamTerms#" xmlns:rdf="http://www.w3.org/1999/02/22-rdf-syntax-ns#">
              <rdf:Description rdf:about="#COPASI15">
                <CopasiMT:isVersionOf rdf:resource="urn:miriam:go:GO:0022803"/>
                <CopasiMT:isVersionOf rdf:resource="urn:miriam:ncit:C82333"/>
              </rdf:Description>
            </rdf:RDF>
          </COPASI>
        </annotation>
              <listOfReactants>
          <speciesReference species="Gp" stoichiometry="1"/>
        </listOfReactants>
        <listOfProducts>
          <speciesReference species="Gm" stoichiometry="1"/>
        </listOfProducts>
        <kineticLaw>
          <math xmlns="http://www.w3.org/1998/Math/MathML">          
            <apply>
              <times/>
              <ci> Biofilm </ci>
              <apply>
                <ci> function_Gp_diffusion_to_the_interior_cells </ci>
                <ci> k4 </ci>
                <ci> Gp </ci>
              </apply>
            </apply>
          </math>
                </kineticLaw>
      </reaction>
      <reaction id="Biomass_production" metaid="COPASI16" name="Biomass production" reversible="false">
        <annotation>
          <rdf:RDF xmlns:rdf="http://www.w3.org/1999/02/22-rdf-syntax-ns#" xmlns:dc="http://purl.org/dc/elements/1.1/" xmlns:dcterms="http://purl.org/dc/terms/" xmlns:vCard="http://www.w3.org/2001/vcard-rdf/3.0#" xmlns:bqbiol="http://biomodels.net/biology-qualifiers/" xmlns:bqmodel="http://biomodels.net/model-qualifiers/">
            <rdf:Description rdf:about="#COPASI16">
	<bqbiol:isVersionOf>
	<rdf:Bag>
	<rdf:li rdf:resource="http://identifiers.org/sbo/SBO:0000393"/>
	</rdf:Bag>
	</bqbiol:isVersionOf>
	</rdf:Description>
	
	
	
          </rdf:RDF>
          <COPASI xmlns="http://www.copasi.org/static/sbml">
            <rdf:RDF xmlns:CopasiMT="http://www.copasi.org/RDF/MiriamTerms#" xmlns:rdf="http://www.w3.org/1999/02/22-rdf-syntax-ns#">
              <rdf:Description rdf:about="#COPASI16">
                <CopasiMT:isVersionOf rdf:resource="urn:miriam:sbo:SBO:0000393"/>
              </rdf:Description>
            </rdf:RDF>
          </COPASI>
        </annotation>
              <listOfReactants>
          <speciesReference species="Gp" stoichiometry="1"/>
        </listOfReactants>
        <listOfModifiers>
          <modifierSpeciesReference species="Ap"/>
        </listOfModifiers>
        <kineticLaw>
          <math xmlns="http://www.w3.org/1998/Math/MathML">          
            <apply>
              <times/>
              <ci> Biofilm </ci>
              <apply>
                <ci> function_for_biomass_production </ci>
                <ci> k2 </ci>
                <ci> Ap </ci>
                <ci> Gp </ci>
              </apply>
            </apply>
          </math>
                </kineticLaw>
      </reaction>
      <reaction id="Diffusion_of_Ammonia_from_interior_to_middle_layer" metaid="COPASI17" name="Diffusion of Ammonia from interior to middle layer" reversible="false">
        <annotation>
          <rdf:RDF xmlns:rdf="http://www.w3.org/1999/02/22-rdf-syntax-ns#" xmlns:dc="http://purl.org/dc/elements/1.1/" xmlns:dcterms="http://purl.org/dc/terms/" xmlns:vCard="http://www.w3.org/2001/vcard-rdf/3.0#" xmlns:bqbiol="http://biomodels.net/biology-qualifiers/" xmlns:bqmodel="http://biomodels.net/model-qualifiers/">
            <rdf:Description rdf:about="#COPASI17">
              <bqbiol:is>
	<rdf:Bag>
	<rdf:li rdf:resource="http://identifiers.org/go/GO:0022803"/>
	</rdf:Bag>
	</bqbiol:is>
	
	<bqbiol:isVersionOf>
	<rdf:Bag>
	<rdf:li rdf:resource="http://identifiers.org/ncit/C82333"/>
	</rdf:Bag>
	</bqbiol:isVersionOf>
	</rdf:Description>
	
	
	
          </rdf:RDF>
          <COPASI xmlns="http://www.copasi.org/static/sbml">
            <rdf:RDF xmlns:CopasiMT="http://www.copasi.org/RDF/MiriamTerms#" xmlns:rdf="http://www.w3.org/1999/02/22-rdf-syntax-ns#">
              <rdf:Description rdf:about="#COPASI17">
                <CopasiMT:is rdf:resource="urn:miriam:go:GO:0022803"/>
                <CopasiMT:isVersionOf rdf:resource="urn:miriam:ncit:C82333"/>
              </rdf:Description>
            </rdf:RDF>
          </COPASI>
        </annotation>
              <listOfReactants>
          <speciesReference species="Ai" stoichiometry="1"/>
        </listOfReactants>
        <listOfProducts>
          <speciesReference species="Am" stoichiometry="1"/>
        </listOfProducts>
        <kineticLaw>
          <math xmlns="http://www.w3.org/1998/Math/MathML">          
            <apply>
              <times/>
              <ci> Biofilm </ci>
              <apply>
                <ci> function_for_diffusion_of_Ammonia_from_interior_to_middle_layer </ci>
                <ci> k3 </ci>
                <ci> Ai </ci>
              </apply>
            </apply>
          </math>
                </kineticLaw>
      </reaction>
      <reaction id="Production_of_Ammonia_using_Glutamate_by_inner_cells" metaid="COPASI18" name="Production of Ammonia using Glutamate by inner cells" reversible="false">
        <annotation>
          <rdf:RDF xmlns:rdf="http://www.w3.org/1999/02/22-rdf-syntax-ns#" xmlns:dc="http://purl.org/dc/elements/1.1/" xmlns:dcterms="http://purl.org/dc/terms/" xmlns:vCard="http://www.w3.org/2001/vcard-rdf/3.0#" xmlns:bqbiol="http://biomodels.net/biology-qualifiers/" xmlns:bqmodel="http://biomodels.net/model-qualifiers/">
            <rdf:Description rdf:about="#COPASI18">
	<bqbiol:isVersionOf>
	<rdf:Bag>
	<rdf:li rdf:resource="http://identifiers.org/sbo/SBO:0000393"/>
	</rdf:Bag>
	</bqbiol:isVersionOf>
	</rdf:Description>
	
	
	
          </rdf:RDF>
          <COPASI xmlns="http://www.copasi.org/static/sbml">
            <rdf:RDF xmlns:CopasiMT="http://www.copasi.org/RDF/MiriamTerms#" xmlns:rdf="http://www.w3.org/1999/02/22-rdf-syntax-ns#">
              <rdf:Description rdf:about="#COPASI18">
                <CopasiMT:isVersionOf rdf:resource="urn:miriam:sbo:SBO:0000393"/>
              </rdf:Description>
            </rdf:RDF>
          </COPASI>
        </annotation>
              <listOfReactants>
          <speciesReference species="Gi" stoichiometry="1"/>
        </listOfReactants>
        <listOfProducts>
          <speciesReference species="Ai" stoichiometry="1"/>
        </listOfProducts>
        <kineticLaw>
          <math xmlns="http://www.w3.org/1998/Math/MathML">          
            <apply>
              <times/>
              <ci> Biofilm </ci>
              <apply>
                <ci> function_for_production_of_Ammonia_using_Glutamate_by_inner_cells </ci>
                <ci> k5 </ci>
                <ci> Gi </ci>
              </apply>
            </apply>
          </math>
                </kineticLaw>
      </reaction>
      <reaction id="Ammonia_diffusion_from_middle_layer_to_periphery" metaid="COPASI19" name="Ammonia diffusion from middle layer to periphery" reversible="false">
        <annotation>
          <rdf:RDF xmlns:rdf="http://www.w3.org/1999/02/22-rdf-syntax-ns#" xmlns:dc="http://purl.org/dc/elements/1.1/" xmlns:dcterms="http://purl.org/dc/terms/" xmlns:vCard="http://www.w3.org/2001/vcard-rdf/3.0#" xmlns:bqbiol="http://biomodels.net/biology-qualifiers/" xmlns:bqmodel="http://biomodels.net/model-qualifiers/">
            <rdf:Description rdf:about="#COPASI19">
              <bqbiol:isVersionOf>
	<rdf:Bag>
	<rdf:li rdf:resource="http://identifiers.org/go/GO:0022803"/>
	</rdf:Bag>
	</bqbiol:isVersionOf>
	
	<bqbiol:isVersionOf>
	<rdf:Bag>
	<rdf:li rdf:resource="http://identifiers.org/sbo/C82333"/>
	</rdf:Bag>
	</bqbiol:isVersionOf>
	</rdf:Description>
	
	
	
          </rdf:RDF>
          <COPASI xmlns="http://www.copasi.org/static/sbml">
            <rdf:RDF xmlns:CopasiMT="http://www.copasi.org/RDF/MiriamTerms#" xmlns:rdf="http://www.w3.org/1999/02/22-rdf-syntax-ns#">
              <rdf:Description rdf:about="#COPASI19">
                <CopasiMT:isVersionOf rdf:resource="urn:miriam:sbo:C82333"/>
                <CopasiMT:isVersionOf rdf:resource="urn:miriam:sbo:GO:0022803"/>
              </rdf:Description>
            </rdf:RDF>
          </COPASI>
        </annotation>
              <listOfReactants>
          <speciesReference species="Am" stoichiometry="1"/>
        </listOfReactants>
        <listOfProducts>
          <speciesReference species="Ap" stoichiometry="1"/>
        </listOfProducts>
        <kineticLaw>
          <math xmlns="http://www.w3.org/1998/Math/MathML">          
            <apply>
              <times/>
              <ci> Biofilm </ci>
              <apply>
                <ci> function_for_ammonia_diffusion_from_middle_layer_to_periphery </ci>
                <ci> k3 </ci>
                <ci> Am </ci>
              </apply>
            </apply>
          </math>
                </kineticLaw>
      </reaction>
      <reaction id="loss_of_Ammonia_du_to_diffusion_to_the_environment" metaid="COPASI20" name="loss of Ammonia du to diffusion to the environment" reversible="false">
        <annotation>
          <rdf:RDF xmlns:rdf="http://www.w3.org/1999/02/22-rdf-syntax-ns#" xmlns:dc="http://purl.org/dc/elements/1.1/" xmlns:dcterms="http://purl.org/dc/terms/" xmlns:vCard="http://www.w3.org/2001/vcard-rdf/3.0#" xmlns:bqbiol="http://biomodels.net/biology-qualifiers/" xmlns:bqmodel="http://biomodels.net/model-qualifiers/">
            <rdf:Description rdf:about="#COPASI20">
              <bqbiol:isVersionOf>
	<rdf:Bag>
	<rdf:li rdf:resource="http://identifiers.org/go/GO:0022803"/>
	</rdf:Bag>
	</bqbiol:isVersionOf>
	
	<bqbiol:isVersionOf>
	<rdf:Bag>
	<rdf:li rdf:resource="http://identifiers.org/sbo/C82333"/>
	</rdf:Bag>
	</bqbiol:isVersionOf>
	</rdf:Description>
	
	
	
          </rdf:RDF>
          <COPASI xmlns="http://www.copasi.org/static/sbml">
            <rdf:RDF xmlns:CopasiMT="http://www.copasi.org/RDF/MiriamTerms#" xmlns:rdf="http://www.w3.org/1999/02/22-rdf-syntax-ns#">
              <rdf:Description rdf:about="#COPASI20">
                <CopasiMT:isVersionOf rdf:resource="urn:miriam:sbo:C82333"/>
                <CopasiMT:isVersionOf rdf:resource="urn:miriam:sbo:GO:0022803"/>
              </rdf:Description>
            </rdf:RDF>
          </COPASI>
        </annotation>
              <listOfReactants>
          <speciesReference species="Ap" stoichiometry="1"/>
        </listOfReactants>
        <kineticLaw>
          <math xmlns="http://www.w3.org/1998/Math/MathML">          
            <apply>
              <times/>
              <ci> Biofilm </ci>
              <apply>
                <ci> function_for_loss_of_Ammonia_du_to_diffusion_to_the_environment </ci>
                <ci> k3 </ci>
                <ci> Ap </ci>
              </apply>
            </apply>
          </math>
                </kineticLaw>
      </reaction>
      <reaction id="Diffusion_of_Glutamate_from_middle_to_interior_layer" metaid="COPASI21" name="Diffusion of Glutamate from middle to interior layer" reversible="false">
        <annotation>
          <rdf:RDF xmlns:rdf="http://www.w3.org/1999/02/22-rdf-syntax-ns#" xmlns:dc="http://purl.org/dc/elements/1.1/" xmlns:dcterms="http://purl.org/dc/terms/" xmlns:vCard="http://www.w3.org/2001/vcard-rdf/3.0#" xmlns:bqbiol="http://biomodels.net/biology-qualifiers/" xmlns:bqmodel="http://biomodels.net/model-qualifiers/">
            <rdf:Description rdf:about="#COPASI21">
              <bqbiol:isVersionOf>
	<rdf:Bag>
	<rdf:li rdf:resource="http://identifiers.org/go/GO:0022803"/>
	</rdf:Bag>
	</bqbiol:isVersionOf>
	
	<bqbiol:isVersionOf>
	<rdf:Bag>
	<rdf:li rdf:resource="http://identifiers.org/sbo/C82333"/>
	</rdf:Bag>
	</bqbiol:isVersionOf>
	</rdf:Description>
	
	
	
          </rdf:RDF>
          <COPASI xmlns="http://www.copasi.org/static/sbml">
            <rdf:RDF xmlns:CopasiMT="http://www.copasi.org/RDF/MiriamTerms#" xmlns:rdf="http://www.w3.org/1999/02/22-rdf-syntax-ns#">
              <rdf:Description rdf:about="#COPASI21">
                <CopasiMT:isVersionOf rdf:resource="urn:miriam:sbo:C82333"/>
                <CopasiMT:isVersionOf rdf:resource="urn:miriam:sbo:GO:0022803"/>
              </rdf:Description>
            </rdf:RDF>
          </COPASI>
        </annotation>
              <listOfReactants>
          <speciesReference species="Gm" stoichiometry="1"/>
        </listOfReactants>
        <listOfProducts>
          <speciesReference species="Gi" stoichiometry="1"/>
        </listOfProducts>
        <kineticLaw>
          <math xmlns="http://www.w3.org/1998/Math/MathML">          
            <apply>
              <times/>
              <ci> Biofilm </ci>
              <apply>
                <ci> function_for_diffusion_of_Glutamate_from_middle_to_interior_layer </ci>
                <ci> k4 </ci>
                <ci> Gm </ci>
              </apply>
            </apply>
          </math>
                </kineticLaw>
      </reaction>
      <reaction id="Production_of_Ammonia_in_middle_layer_using_glutamate" metaid="COPASI22" name="Production of Ammonia in middle layer using glutamate" reversible="false">
        <annotation>
          <rdf:RDF xmlns:rdf="http://www.w3.org/1999/02/22-rdf-syntax-ns#" xmlns:dc="http://purl.org/dc/elements/1.1/" xmlns:dcterms="http://purl.org/dc/terms/" xmlns:vCard="http://www.w3.org/2001/vcard-rdf/3.0#" xmlns:bqbiol="http://biomodels.net/biology-qualifiers/" xmlns:bqmodel="http://biomodels.net/model-qualifiers/">
            <rdf:Description rdf:about="#COPASI22">
	<bqbiol:isVersionOf>
	<rdf:Bag>
	<rdf:li rdf:resource="http://identifiers.org/sbo/SBO:0000393"/>
	</rdf:Bag>
	</bqbiol:isVersionOf>
	</rdf:Description>
	
	
	
          </rdf:RDF>
          <COPASI xmlns="http://www.copasi.org/static/sbml">
            <rdf:RDF xmlns:CopasiMT="http://www.copasi.org/RDF/MiriamTerms#" xmlns:rdf="http://www.w3.org/1999/02/22-rdf-syntax-ns#">
              <rdf:Description rdf:about="#COPASI22">
                <CopasiMT:isVersionOf rdf:resource="urn:miriam:sbo:SBO:0000393"/>
              </rdf:Description>
            </rdf:RDF>
          </COPASI>
        </annotation>
              <listOfReactants>
          <speciesReference species="Gm" stoichiometry="1"/>
        </listOfReactants>
        <listOfProducts>
          <speciesReference species="Am" stoichiometry="1"/>
        </listOfProducts>
        <kineticLaw>
          <math xmlns="http://www.w3.org/1998/Math/MathML">          
            <apply>
              <times/>
              <ci> Biofilm </ci>
              <apply>
                <ci> function_for_production_of_Ammonia_in_middle_layer_using_glutamate </ci>
                <ci> k5 </ci>
                <ci> Gm </ci>
              </apply>
            </apply>
          </math>
                </kineticLaw>
      </reaction>
      <reaction id="Use_of_glutamate_in_middle_layer_for_biomass_production" metaid="COPASI23" name="Use of glutamate in middle layer for biomass production" reversible="false">
        <annotation>
          <rdf:RDF xmlns:rdf="http://www.w3.org/1999/02/22-rdf-syntax-ns#" xmlns:dc="http://purl.org/dc/elements/1.1/" xmlns:dcterms="http://purl.org/dc/terms/" xmlns:vCard="http://www.w3.org/2001/vcard-rdf/3.0#" xmlns:bqbiol="http://biomodels.net/biology-qualifiers/" xmlns:bqmodel="http://biomodels.net/model-qualifiers/">
            <rdf:Description rdf:about="#COPASI23">
	<bqbiol:isVersionOf>
	<rdf:Bag>
	<rdf:li rdf:resource="http://identifiers.org/sbo/SBO:0000393"/>
	</rdf:Bag>
	</bqbiol:isVersionOf>
	</rdf:Description>
	
	
	
          </rdf:RDF>
          <COPASI xmlns="http://www.copasi.org/static/sbml">
            <rdf:RDF xmlns:CopasiMT="http://www.copasi.org/RDF/MiriamTerms#" xmlns:rdf="http://www.w3.org/1999/02/22-rdf-syntax-ns#">
              <rdf:Description rdf:about="#COPASI23">
                <CopasiMT:isVersionOf rdf:resource="urn:miriam:sbo:SBO:0000393"/>
              </rdf:Description>
            </rdf:RDF>
          </COPASI>
        </annotation>
              <listOfReactants>
          <speciesReference species="Gm" stoichiometry="1"/>
        </listOfReactants>
        <listOfModifiers>
          <modifierSpeciesReference species="Am"/>
        </listOfModifiers>
        <kineticLaw>
          <math xmlns="http://www.w3.org/1998/Math/MathML">          
            <apply>
              <times/>
              <ci> Biofilm </ci>
              <apply>
                <ci> function_for_use_of_glutamate_in_middle_layer_for_biomass_production </ci>
                <ci> k2 </ci>
                <ci> Am </ci>
                <ci> Gm </ci>
              </apply>
            </apply>
          </math>
                </kineticLaw>
      </reaction>
    </listOfReactions>
  </model>
</sbml>