<?xml version='1.0' encoding='UTF-8' standalone='no'?>
<sbml xmlns="http://www.sbml.org/sbml/level2/version4" level="2" metaid="_911575" version="4">
  <model id="Ratushny2012_ASSURE_I" metaid="_777157" name="Ratushny2012_ASSURE_I">
    <notes>
      <body xmlns="http://www.w3.org/1999/xhtml">
        <p>This model is from the article:      <br/>
                <strong>Asymmetric positive feedback loops reliably control biological responses</strong>
                <br/>
          Alexander V Ratushny, Ramsey A Saleem, Katherine Sitko, Stephen A Ramsey &amp; John D Aitchison      <em>Mol Syst Biol.</em>
          2012 Apr 24;8:577.      <a href="http://www.ncbi.nlm.nih.gov/pubmed/22531117">22531117</a>
          ,      <br/>
                <strong>Abstract:</strong>
                <br/>
          Positive feedback is a common mechanism enabling biological systems to respond to stimuli in a switch-like manner. Such systems are often characterized by the requisite formation of a heterodimer where only one of the pair is subject to feedback. This ASymmetric Self-UpREgulation (ASSURE) motif is central to many biological systems, including cholesterol homeostasis (LXRα/RXRα), adipocyte differentiation (PPARγ/RXRα), development and differentiation (RAR/RXR), myogenesis (MyoD/E12) and cellular antiviral defense (IRF3/IRF7). To understand why this motif is so prevalent, we examined its properties in an evolutionarily conserved transcriptional regulatory network in yeast (Oaf1p/Pip2p). We demonstrate that the asymmetry in positive feedback confers a competitive advantage and allows the system to robustly increase its responsiveness while precisely tuning the response to a consistent level in the presence of varying stimuli. This study reveals evolutionary advantages for the ASSURE motif, and mechanisms for control, that are relevant to pharmacologic intervention and synthetic biology applications.      </p>
            <br/>
            <p>To the extent possible under law, all copyright and related or neighbouring rights to this encoded model have been dedicated to the public domain worldwide. Please refer to      <a href="http://creativecommons.org/publicdomain/zero/1.0/" title="Creative Commons CC0">CC0 Public Domain Dedication</a>
          for more information.      </p>
            <p>In summary, you are entitled to use this encoded model in absolutely any manner you deem suitable, verbatim, or with modification, alone or embedded it in a larger context, redistribute it, commercially or not, in a restricted way or not.</p>
            <br/>
            <p>To cite BioModels Database, please use:      <a href="http://www.ncbi.nlm.nih.gov/pubmed/20587024" class="external">Li C, Donizelli M, Rodriguez N, Dharuri H, Endler L, Chelliah V, Li L, He E, Henry A, Stefan MI, Snoep JL, Hucka M, Le Novère N, Laibe C (2010) BioModels Database: An enhanced, curated and annotated resource for published quantitative kinetic models. BMC Syst Biol., 4:92.</a>
                </p>
            </body>
      
    </notes>
    <annotation>
      <rdf:RDF xmlns:rdf="http://www.w3.org/1999/02/22-rdf-syntax-ns#" xmlns:bqmodel="http://biomodels.net/model-qualifiers/" xmlns:vCard="http://www.w3.org/2001/vcard-rdf/3.0#" xmlns:dc="http://purl.org/dc/elements/1.1/" xmlns:dcterms="http://purl.org/dc/terms/" xmlns:bqbiol="http://biomodels.net/biology-qualifiers/">
        <rdf:Description rdf:about="#_777157">
	<dc:creator>
	<rdf:Bag>
	<rdf:li rdf:parseType="Resource">
	<vCard:N rdf:parseType="Resource">
	<vCard:Family>Chelliah</vCard:Family>
	<vCard:Given>Vijayalakshmi</vCard:Given>
	</vCard:N>
	<vCard:EMAIL>viji@ebi.ac.uk</vCard:EMAIL>
	<vCard:ORG rdf:parseType="Resource">
	<vCard:Orgname>EMBL-EBI</vCard:Orgname>
	</vCard:ORG>
	</rdf:li>
	<rdf:li rdf:parseType="Resource">
	<vCard:N rdf:parseType="Resource">
	<vCard:Family>Ratushny</vCard:Family>
	<vCard:Given>Alexander</vCard:Given>
	</vCard:N>
	<vCard:EMAIL>alexander.ratushny@systemsbiology.org</vCard:EMAIL>
	<vCard:ORG rdf:parseType="Resource">
	<vCard:Orgname>Institute for Systems Biology (ISB) and Seattle BioMed</vCard:Orgname>
	</vCard:ORG>
	</rdf:li>
	</rdf:Bag>
	</dc:creator>
	<dcterms:created rdf:parseType="Resource">
	<dcterms:W3CDTF>2012-05-10T17:52:59Z</dcterms:W3CDTF>
	</dcterms:created>
	<dcterms:modified rdf:parseType="Resource">
	<dcterms:W3CDTF>2012-07-11T18:15:28Z</dcterms:W3CDTF>
	</dcterms:modified>
	<bqmodel:is>
	<rdf:Bag>
	<rdf:li rdf:resource="http://identifiers.org/biomodels.db/MODEL1203010001"/>
	</rdf:Bag>
	</bqmodel:is>
	<bqmodel:is>
	<rdf:Bag>
	<rdf:li rdf:resource="http://identifiers.org/biomodels.db/BIOMD0000000420"/>
	</rdf:Bag>
	</bqmodel:is>
	<bqmodel:isDescribedBy>
	<rdf:Bag>
	<rdf:li rdf:resource="http://identifiers.org/pubmed/22531117"/>
	</rdf:Bag>
	</bqmodel:isDescribedBy>
	<bqbiol:isVersionOf>
	<rdf:Bag>
	<rdf:li rdf:resource="http://identifiers.org/go/GO:0006355"/>
	</rdf:Bag>
	</bqbiol:isVersionOf>
	<bqbiol:hasTaxon>
	<rdf:Bag>
	<rdf:li rdf:resource="http://identifiers.org/taxonomy/4932"/>
	</rdf:Bag>
	</bqbiol:hasTaxon>
	</rdf:Description>
	
      </rdf:RDF>
    </annotation>
      <listOfCompartments>
      <compartment id="univ" metaid="_777159" sboTerm="SBO:0000290" size="1">
        <annotation>
          <rdf:RDF xmlns:rdf="http://www.w3.org/1999/02/22-rdf-syntax-ns#" xmlns:bqmodel="http://biomodels.net/model-qualifiers/" xmlns:bqbiol="http://biomodels.net/biology-qualifiers/">
            <rdf:Description rdf:about="#_777159">
	<bqbiol:isVersionOf>
	<rdf:Bag>
	<rdf:li rdf:resource="http://identifiers.org/go/GO:0005623"/>
	</rdf:Bag>
	</bqbiol:isVersionOf>
	</rdf:Description>
	
          </rdf:RDF>
        </annotation>
            </compartment>
    </listOfCompartments>
    <listOfSpecies>
      <species compartment="univ" id="P2" initialAmount="10" metaid="_777160" sboTerm="SBO:0000252">
        <annotation>
          <rdf:RDF xmlns:rdf="http://www.w3.org/1999/02/22-rdf-syntax-ns#" xmlns:bqmodel="http://biomodels.net/model-qualifiers/" xmlns:bqbiol="http://biomodels.net/biology-qualifiers/">
            <rdf:Description rdf:about="#_777160">
	<bqbiol:isVersionOf>
	<rdf:Bag>
	<rdf:li rdf:resource="http://identifiers.org/go/GO:0003675"/>
	</rdf:Bag>
	</bqbiol:isVersionOf>
	</rdf:Description>
	
          </rdf:RDF>
        </annotation>
            </species>
      <species compartment="univ" id="Target" initialAmount="10" metaid="_777162" sboTerm="SBO:0000011"/>
    </listOfSpecies>
    <listOfParameters>
      <parameter id="Kd" metaid="_777176" value="1E-5"/>
      <parameter id="Ksp" metaid="_777178" value="0.001"/>
      <parameter id="P1" metaid="_777179" value="40"/>
      <parameter constant="false" id="dsp1ksp" metaid="_777181"/>
      <parameter constant="false" id="dsp1p2kd" metaid="_777182"/>
      <parameter id="h" metaid="_777184" value="2"/>
      <parameter id="k0" metaid="_777185" value="0.1"/>
      <parameter id="ka" metaid="_777187" value="40"/>
      <parameter id="ks" metaid="_777188" value="10"/>
      <parameter id="ku" metaid="_777190" value="0.1"/>
      <parameter id="s" metaid="_777191" value="1000"/>
    </listOfParameters>
    <listOfRules>
      <assignmentRule metaid="_777172" variable="dsp1ksp">
        <math xmlns="http://www.w3.org/1998/Math/MathML">        
          <apply>
            <times/>
            <apply>
              <divide/>
              <ci> Ksp </ci>
              <cn> 2 </cn>
            </apply>
            <apply>
              <minus/>
              <apply>
                <plus/>
                <cn> 1 </cn>
                <apply>
                  <divide/>
                  <apply>
                    <plus/>
                    <ci> s </ci>
                    <ci> P1 </ci>
                  </apply>
                  <ci> Ksp </ci>
                </apply>
              </apply>
              <apply>
                <power/>
                <apply>
                  <minus/>
                  <apply>
                    <power/>
                    <apply>
                      <plus/>
                      <cn> 1 </cn>
                      <apply>
                        <divide/>
                        <apply>
                          <plus/>
                          <ci> s </ci>
                          <ci> P1 </ci>
                        </apply>
                        <ci> Ksp </ci>
                      </apply>
                    </apply>
                    <cn> 2 </cn>
                  </apply>
                  <apply>
                    <divide/>
                    <apply>
                      <times/>
                      <cn> 4 </cn>
                      <ci> s </ci>
                      <ci> P1 </ci>
                    </apply>
                    <apply>
                      <power/>
                      <ci> Ksp </ci>
                      <cn> 2 </cn>
                    </apply>
                  </apply>
                </apply>
                <cn> 0.5 </cn>
              </apply>
            </apply>
          </apply>
        </math>
            </assignmentRule>
      <assignmentRule metaid="_777174" variable="dsp1p2kd">
        <math xmlns="http://www.w3.org/1998/Math/MathML">        
          <apply>
            <times/>
            <apply>
              <divide/>
              <ci> Kd </ci>
              <cn> 2 </cn>
            </apply>
            <apply>
              <minus/>
              <apply>
                <plus/>
                <cn> 1 </cn>
                <apply>
                  <divide/>
                  <apply>
                    <plus/>
                    <ci> dsp1ksp </ci>
                    <apply>
                      <times/>
                      <ci> P2 </ci>
                      <ci> univ </ci>
                    </apply>
                  </apply>
                  <ci> Kd </ci>
                </apply>
              </apply>
              <apply>
                <power/>
                <apply>
                  <minus/>
                  <apply>
                    <power/>
                    <apply>
                      <plus/>
                      <cn> 1 </cn>
                      <apply>
                        <divide/>
                        <apply>
                          <plus/>
                          <ci> dsp1ksp </ci>
                          <apply>
                            <times/>
                            <ci> P2 </ci>
                            <ci> univ </ci>
                          </apply>
                        </apply>
                        <ci> Kd </ci>
                      </apply>
                    </apply>
                    <cn> 2 </cn>
                  </apply>
                  <apply>
                    <divide/>
                    <apply>
                      <times/>
                      <cn> 4 </cn>
                      <ci> dsp1ksp </ci>
                      <ci> P2 </ci>
                      <ci> univ </ci>
                    </apply>
                    <apply>
                      <power/>
                      <ci> Kd </ci>
                      <cn> 2 </cn>
                    </apply>
                  </apply>
                </apply>
                <cn> 0.5 </cn>
              </apply>
            </apply>
          </apply>
        </math>
            </assignmentRule>
    </listOfRules>
    <listOfReactions>
      <reaction id="___r1" metaid="_777163" reversible="false">
        <listOfProducts>
          <speciesReference metaid="_911588" species="P2"/>
        </listOfProducts>
        <kineticLaw metaid="_911600">
          <math xmlns="http://www.w3.org/1998/Math/MathML">          
            <apply>
              <divide/>
              <apply>
                <times/>
                <ci> ks </ci>
                <apply>
                  <plus/>
                  <ci> k0 </ci>
                  <apply>
                    <power/>
                    <apply>
                      <divide/>
                      <ci> dsp1p2kd </ci>
                      <ci> ka </ci>
                    </apply>
                    <ci> h </ci>
                  </apply>
                </apply>
              </apply>
              <apply>
                <plus/>
                <cn> 1 </cn>
                <apply>
                  <power/>
                  <apply>
                    <divide/>
                    <ci> dsp1p2kd </ci>
                    <ci> ka </ci>
                  </apply>
                  <ci> h </ci>
                </apply>
              </apply>
            </apply>
          </math>
                </kineticLaw>
      </reaction>
      <reaction id="___r2" metaid="_777164" reversible="false">
        <listOfReactants>
          <speciesReference metaid="_911612" species="P2"/>
        </listOfReactants>
        <kineticLaw metaid="_911624">
          <math xmlns="http://www.w3.org/1998/Math/MathML">          
            <apply>
              <times/>
              <ci> __RATE__ </ci>
              <ci> P2 </ci>
            </apply>
          </math>
                  <listOfParameters>
            <parameter id="__RATE__" metaid="_777168" value="0.1"/>
          </listOfParameters>
        </kineticLaw>
      </reaction>
      <reaction id="___r3" metaid="_777166" reversible="false">
        <listOfProducts>
          <speciesReference metaid="_911636" species="Target"/>
        </listOfProducts>
        <kineticLaw metaid="_911648">
          <math xmlns="http://www.w3.org/1998/Math/MathML">          
            <apply>
              <divide/>
              <apply>
                <times/>
                <ci> ks </ci>
                <apply>
                  <plus/>
                  <ci> k0 </ci>
                  <apply>
                    <power/>
                    <apply>
                      <divide/>
                      <ci> dsp1p2kd </ci>
                      <ci> ka </ci>
                    </apply>
                    <ci> h </ci>
                  </apply>
                </apply>
              </apply>
              <apply>
                <plus/>
                <cn> 1 </cn>
                <apply>
                  <power/>
                  <apply>
                    <divide/>
                    <ci> dsp1p2kd </ci>
                    <ci> ka </ci>
                  </apply>
                  <ci> h </ci>
                </apply>
              </apply>
            </apply>
          </math>
                </kineticLaw>
      </reaction>
      <reaction id="___r4" metaid="_777167" reversible="false">
        <listOfReactants>
          <speciesReference metaid="_911660" species="Target"/>
        </listOfReactants>
        <kineticLaw metaid="_911672">
          <math xmlns="http://www.w3.org/1998/Math/MathML">          
            <apply>
              <times/>
              <ci> __RATE__ </ci>
              <ci> Target </ci>
            </apply>
          </math>
                  <listOfParameters>
            <parameter id="__RATE__" metaid="_777170" value="0.1"/>
          </listOfParameters>
        </kineticLaw>
      </reaction>
    </listOfReactions>
  </model>
</sbml>