<?xml version='1.0' encoding='UTF-8' standalone='no'?>
<sbml xmlns="http://www.sbml.org/sbml/level2/version4" level="2" metaid="b4d94b34-bf0c-47fd-9f36-e6cc6139d1a0" version="4">
  <model id="MODEL1610100004" metaid="edc5020c-d1a4-4218-a46c-f62d25ae679a" name="Proctor2017- Role of microRNAs in osteoarthritis (Positive Feedforward Incoherent By MicroRNA)">
    <notes>
      <body xmlns="http://www.w3.org/1999/xhtml">
        <div class="dc:title">Proctor2017- Role of microRNAs in
osteoarthritis (Positive Feedforward Incoherent By MicroRNA)</div>
<div class="dc:bibliographicCitation">
  <p>This model is described in the article:</p>
  <div class="bibo:title">
    <a href="http://identifiers.org/pubmed/29095952" title="Access to this publication">Computer simulation models
    as a tool to investigate the role of microRNAs in
    osteoarthritis.</a>
  </div>
  <div class="bibo:authorList">Proctor CJ, Smith GR.</div>
  <div class="bibo:Journal">PLoS ONE 2017; 12(11): e0187568</div>
  <p>Abstract:</p>
  <div class="bibo:abstract">
    <p>The aim of this study was to show how computational models
    can be used to increase our understanding of the role of
    microRNAs in osteoarthritis (OA) using miR-140 as an example.
    Bioinformatics analysis and experimental results from the
    literature were used to create and calibrate models of gene
    regulatory networks in OA involving miR-140 along with key
    regulators such as NF-?B, SMAD3, and RUNX2. The individual
    models were created with the modelling standard, Systems
    Biology Markup Language, and integrated to examine the overall
    effect of miR-140 on cartilage homeostasis. Down-regulation of
    miR-140 may have either detrimental or protective effects for
    cartilage, indicating that the role of miR-140 is complex.
    Studies of individual networks in isolation may therefore lead
    to different conclusions. This indicated the need to combine
    the five chosen individual networks involving miR-140 into an
    integrated model. This model suggests that the overall effect
    of miR-140 is to change the response to an IL-1 stimulus from a
    prolonged increase in matrix degrading enzymes to a pulse-like
    response so that cartilage degradation is temporary. Our
    current model can easily be modified and extended as more
    experimental data become available about the role of miR-140 in
    OA. In addition, networks of other microRNAs that are important
    in OA could be incorporated. A fully integrated model could not
    only aid our understanding of the mechanisms of microRNAs in
    ageing cartilage but could also provide a useful tool to
    investigate the effect of potential interventions to prevent
    cartilage loss.</p>
  </div>
</div>
<div class="dc:publisher">
  <p>This model is hosted on 
  <a href="http://www.ebi.ac.uk/biomodels/">BioModels Database</a>
  and identified by: 
  <a href="http://identifiers.org/biomodels.db/MODEL1610100004">MODEL1610100004</a>.</p>
  <p>To cite BioModels Database, please use: 
  <a href="http://identifiers.org/pubmed/25414348" target="_blank">Chelliah V et al. BioModels: ten-year
  anniversary. Nucl. Acids Res. 2015, 43(Database
  issue):D542-8</a>.</p>
</div>
<div class="dc:license">
  <p>To the extent possible under law, all copyright and related or
  neighbouring rights to this encoded model have been dedicated to
  the public domain worldwide. Please refer to 
  <a href="http://creativecommons.org/publicdomain/zero/1.0/" title="Access to: CC0 1.0 Universal (CC0 1.0), Public Domain Dedication">CC0
  Public Domain Dedication</a> for more information.</p>
</div>
</body>
    </notes>
    <annotation>
	<rdf:RDF xmlns:rdf="http://www.w3.org/1999/02/22-rdf-syntax-ns#" xmlns:bqmodel="http://biomodels.net/model-qualifiers/" xmlns:dcterms="http://purl.org/dc/terms/">
        <rdf:Description rdf:about="#edc5020c-d1a4-4218-a46c-f62d25ae679a">
	<dcterms:created rdf:parseType="Resource">
	<dcterms:W3CDTF>2017-11-06T09:16:49Z</dcterms:W3CDTF>
	</dcterms:created>
	<dcterms:modified rdf:parseType="Resource">
	<dcterms:W3CDTF>2017-11-06T11:20:08Z</dcterms:W3CDTF>
	</dcterms:modified>
	<bqmodel:is>
	<rdf:Bag>
	<rdf:li rdf:resource="http://identifiers.org/biomodels.db/MODEL1610100004"/>
	</rdf:Bag>
	</bqmodel:is>
	<bqmodel:isDescribedBy>
	<rdf:Bag>
	<rdf:li rdf:resource="http://identifiers.org/pubmed/29095952"/>
	</rdf:Bag>
	</bqmodel:isDescribedBy>
	</rdf:Description>
	
	
	
	
	
	
	
	</rdf:RDF>
	</annotation>
      <listOfUnitDefinitions>
      <unitDefinition id="substance" metaid="_933092cf-f52b-45d3-9f80-6ea2341562d2">
        <listOfUnits>
          <unit kind="item" metaid="_1b0148d9-615b-4b51-a9c2-05c297e10e76"/>
        </listOfUnits>
      </unitDefinition>
    </listOfUnitDefinitions>
    <listOfCompartments>
      <compartment id="cell" metaid="deb2fd90-6bc9-4fd7-9987-f5596bb50fca" size="1"/>
    </listOfCompartments>
    <listOfSpecies>
      <species compartment="cell" hasOnlySubstanceUnits="true" id="miR" initialAmount="0" metaid="_6bb009a4-5406-4fd2-8755-984ca34920df"/>
      <species compartment="cell" hasOnlySubstanceUnits="true" id="TF1" initialAmount="0" metaid="_2c321c52-a9a2-43b8-8c35-a1015cb66622"/>
      <species compartment="cell" hasOnlySubstanceUnits="true" id="TF1target_mRNA" initialAmount="0" metaid="ac5c9fe4-7a68-4365-b4ce-45fb3e5f3dba"/>
      <species boundaryCondition="true" compartment="cell" constant="true" hasOnlySubstanceUnits="true" id="Sink" initialAmount="0" metaid="d436db32-8ce5-437b-92ac-aa70d06adcfd"/>
    </listOfSpecies>
    <listOfParameters>
      <parameter id="kdegMiR" metaid="_2abd9bfc-a638-4d68-97d5-cd42af6e4765" value="0.0004"/>
      <parameter id="kdegTF1targetmRNA" metaid="e71fa170-a598-4212-abc5-d861f98d2751" value="0.001"/>
      <parameter id="kdegTF1targetmRNAbyMiR" metaid="_5a414093-3aa6-49c2-949c-b052988a4b0e" value="5E-5"/>
      <parameter id="ksynTF1targetmRNA" metaid="_4d0e7284-f670-4070-aa54-6a34efb22706" value="0.004"/>
      <parameter id="ksynMiR" metaid="_5368c9ae-5afa-4a4b-9b61-521236dd91bb" value="0.0002"/>
    </listOfParameters>
    <listOfReactions>
      <reaction id="miR_synthesis" metaid="_4b723ff2-28e3-4697-aa5f-71e2a199529a" reversible="false">
        <listOfReactants>
          <speciesReference metaid="_26f6b1e4-5ca5-401e-9ef8-f6335133cff6" species="TF1"/>
        </listOfReactants>
        <listOfProducts>
          <speciesReference metaid="_8a7ccb68-d729-4194-9a02-b85e03e3568d" species="TF1"/>
          <speciesReference metaid="dcaac31c-5503-4d59-85f6-70efab36624b" species="miR"/>
        </listOfProducts>
        <kineticLaw metaid="_2510fa85-c183-4df2-9c20-988a1ff48697">
          <math xmlns="http://www.w3.org/1998/Math/MathML">          
            <apply>
              <times/>
              <ci> ksynMiR </ci>
              <ci> TF1 </ci>
            </apply>
          </math>
                </kineticLaw>
      </reaction>
      <reaction id="miR_degradation" metaid="_9a64f26e-4927-4b75-890b-c001221511f6" reversible="false">
        <listOfReactants>
          <speciesReference metaid="_2760a9cf-433a-4c00-8dc8-7b8da6eede13" species="miR"/>
        </listOfReactants>
        <listOfProducts>
          <speciesReference metaid="_7e95997e-2cb3-4a92-a0fe-9095e231a1d5" species="Sink"/>
        </listOfProducts>
        <kineticLaw metaid="_0216ba46-fcf9-4090-94f1-6e79bf402a43">
          <math xmlns="http://www.w3.org/1998/Math/MathML">          
            <apply>
              <times/>
              <ci> kdegMiR </ci>
              <ci> miR </ci>
            </apply>
          </math>
                </kineticLaw>
      </reaction>
      <reaction id="TF1target_transcription" metaid="_6986f74a-33d9-4096-8554-a4175b86b4c0" reversible="false">
        <listOfReactants>
          <speciesReference metaid="e5f51345-e18f-425d-a075-6f499258f181" species="TF1"/>
        </listOfReactants>
        <listOfProducts>
          <speciesReference metaid="d6b41dcf-a593-45a7-8b93-2c3ed1112277" species="TF1"/>
          <speciesReference metaid="df233203-396d-4e01-b063-d0fab7d7c5f1" species="TF1target_mRNA"/>
        </listOfProducts>
        <kineticLaw metaid="aa6e87db-7e45-448e-bc3e-7fae64d7f6e6">
          <math xmlns="http://www.w3.org/1998/Math/MathML">          
            <apply>
              <times/>
              <ci> ksynTF1targetmRNA </ci>
              <ci> TF1 </ci>
            </apply>
          </math>
                </kineticLaw>
      </reaction>
      <reaction id="TF1target_mRNA_degradation" metaid="_73c058a1-58db-424c-a842-65d620e963bb" reversible="false">
        <listOfReactants>
          <speciesReference metaid="b1bd6097-25a1-4f5f-b286-c75bb4fc6f96" species="TF1target_mRNA"/>
        </listOfReactants>
        <listOfProducts>
          <speciesReference metaid="_65f8029f-21dc-43c7-b708-ff0bf8cb1373" species="Sink"/>
        </listOfProducts>
        <kineticLaw metaid="caea54b8-bb25-419c-b6e2-a866427d17b6">
          <math xmlns="http://www.w3.org/1998/Math/MathML">          
            <apply>
              <times/>
              <ci> kdegTF1targetmRNA </ci>
              <ci> TF1target_mRNA </ci>
            </apply>
          </math>
                </kineticLaw>
      </reaction>
      <reaction id="TF1target_mRNA_degradation_via_MiR" metaid="_5c3b5598-1fde-4d85-8f8a-1b746a3be6f4" reversible="false">
        <listOfReactants>
          <speciesReference metaid="_1193f29b-ff7c-4b4f-af1a-349332bbbbba" species="TF1target_mRNA"/>
          <speciesReference metaid="ac6ba3f9-3477-4f9e-bcfa-a5ca0ba98b41" species="miR"/>
        </listOfReactants>
        <listOfProducts>
          <speciesReference metaid="aae909f9-74d2-43a7-970b-fc5205cc692d" species="Sink"/>
          <speciesReference metaid="_69f338fc-bea8-468b-af8c-3dad6947e60e" species="miR"/>
        </listOfProducts>
        <kineticLaw metaid="d9f91c9f-9966-4bf4-81cf-d68527fece42">
          <math xmlns="http://www.w3.org/1998/Math/MathML">          
            <apply>
              <times/>
              <ci> kdegTF1targetmRNAbyMiR </ci>
              <ci> TF1target_mRNA </ci>
              <ci> miR </ci>
            </apply>
          </math>
                </kineticLaw>
      </reaction>
    </listOfReactions>
    <listOfEvents>
      <event id="ActivateSignal" metaid="_6a2af89d-8dca-43c1-961f-4e9442b7b30c">
        <trigger metaid="_2e5d6c84-39e8-4e9f-8d11-57d30b5201c2">
          <math xmlns="http://www.w3.org/1998/Math/MathML">          
            <apply>
              <gt/>
              <csymbol encoding="text" definitionURL="http://www.sbml.org/sbml/symbols/time"> t </csymbol>
              <cn type="integer"> 3600 </cn>
            </apply>
          </math>
                </trigger>
        <listOfEventAssignments>
          <eventAssignment metaid="de33126a-e769-47f4-80ac-7cb656e5a883" variable="TF1">
            <math xmlns="http://www.w3.org/1998/Math/MathML">            
              <cn> 500 </cn>
            </math>
                    </eventAssignment>
        </listOfEventAssignments>
      </event>
    </listOfEvents>
  </model>
</sbml>