[{"file": "plot_morris_lecar_with_hopf_bifurcation_figure_12.csv"}, {"file": "HR SNIC Adaptation.png"}, {"file": "plot_morris_lecar_with_snic_figure_11.csv"}, {"file": "ML_SNIC.png"}, {"file": "plot.csv"}, {"file": "HR_Hopf_2D.sedml"}, {"file": "13408_2017_47_Fig4_HTML.jpg"}, {"file": "13408_2017_47_Fig5_HTML.jpg"}, {"file": "report.csv"}, {"file": "13408_2017_47_Fig3_HTML.jpg"}, {"file": "13408_2017_47_Fig2_HTML.jpg"}, {"file": "Unadapted f-I.png"}, {"file": "13408_2017_47_Fig11_HTML.jpg"}, {"file": "13408_2017_47_Fig10_HTML.jpg"}, {"file": "13408_2017_47_Fig9_HTML.jpg"}, {"file": "13408_2017_47_Fig8_HTML.jpg"}, {"file": "screenshot.png"}, {"file": "ML_Hopf.set"}, {"file": "readme.html"}, {"file": "HR_Hopf.sedml"}, {"file": "HR Hopf Adaptation.png"}, {"file": "13408_2017_47_Fig7_HTML.jpg"}, {"file": "13408_2017_47_Fig6_HTML.jpg"}, {"file": "HR_SNIC.sedml"}, {"file": "HR_SNIC_2D.png"}, {"file": "HR_SNIC_2D.sedml"}, {"file": "ML_SNIC.set"}, {"file": "report_morris_lecar_with_hopf_bifurcation_figure_12.csv"}, {"file": "ML_Hopf.png"}, {"file": "BD_2D.png"}, {"file": "ML.sedml"}, {"file": "13408_2017_47_Fig12_HTML.jpg"}, {"file": "report_morris_lecar_with_snic_figure_11.csv"}, {"file": "13408_2017_47_Fig1_HTML.jpg"}]