[{"file": "simulation_1.sedml"}, {"file": "yates_2007a.ai"}, {"file": "report.csv"}, {"file": "yates_stark_klein_antia_callard_2007_c.cellml"}, {"file": "simulation_0.sedml"}, {"file": "simulation_2.sedml"}, {"file": "yates_stark_klein_antia_callard_2007_a.cellml"}, {"file": "yates_2007c.svg"}, {"file": "yates_2007b.svg"}, {"file": "yates_2007a.svg"}, {"file": "yates_2007b.ai"}, {"file": "yates_2007b.xul"}, {"file": "yates_2007c.xul"}, {"file": "yates_2007a.xul"}, {"file": "yates_stark_klein_antia_callard_2007_b.cellml"}, {"file": "yates_2007a.png"}, {"file": "yates_2007b.png"}, {"file": "yates_2007c.ai"}, {"file": "yates_2007c.png"}]