<?xml version='1.0' encoding='UTF-8' standalone='no'?>
<sbml xmlns="http://www.sbml.org/sbml/level2/version4" level="2" version="4">
  <model id="Radosavljevic2009_BioterroristAttack_PanicProtection_1" metaid="COPASI0" name="Radosavljevic2009_BioterroristAttack_PanicProtection_1">
    <notes>
      <body xmlns="http://www.w3.org/1999/xhtml">
        <p>This model is from the article:      <br/>
        <strong>Epidemics of panic during a bioterrorist attack--a mathematical model.</strong>
        <br/>
          Radosavljevic V, Radunovic D, Belojevic G.      <em>Med Hypotheses</em>
          2009 Sep;73(3):342-6      <a href="http://www.ncbi.nlm.nih.gov/pubmed/19423234">19423234</a>
          ,      <br/>
        <strong>Abstract:</strong>
        <br/>
          A bioterrorist attacks usually cause epidemics of panic in a targeted population. We have presented epidemiologic aspect of this phenomenon as a three-component model--host, information on an attack and social network. We have proposed a mathematical model of panic and counter-measures as the function of time in a population exposed to a bioterrorist attack. The model comprises ordinary differential equations and graphically presented combinations of the equations parameters. Clinically, we have presented a model through a sequence of psychic conditions and disorders initiated by an act of bioterrorism. This model might be helpful for an attacked community to timely and properly apply counter-measures and to minimize human mental suffering during a bioterrorist attack.      </p>
        <p>To the extent possible under law, all copyright and related or neighbouring rights to this encoded model have been dedicated to the public domain worldwide. Please refer to      <a href="http://creativecommons.org/publicdomain/zero/1.0/" title="Creative Commons CC0">CC0 Public Domain Dedication</a>
          for more information.      </p>
        <p>In summary, you are entitled to use this encoded model in absolutely any manner you deem suitable, verbatim, or with modification, alone or embedded it in a larger context, redistribute it, commercially or not, in a restricted way or not.</p>
        <p>To cite BioModels Database, please use:      <a href="http://www.ncbi.nlm.nih.gov/pubmed/20587024" target="_blank">Li C, Donizelli M, Rodriguez N, Dharuri H, Endler L, Chelliah V, Li L, He E, Henry A, Stefan MI, Snoep JL, Hucka M, Le Novère N, Laibe C (2010) BioModels Database: An enhanced, curated and annotated resource for published quantitative kinetic models. BMC Syst Biol., 4:92.</a></p>
      </body>
    </notes>
    <annotation>
      <COPASI xmlns="http://www.copasi.org/static/sbml">
        <rdf:RDF xmlns:CopasiMT="http://www.copasi.org/RDF/MiriamTerms#" xmlns:bqbiol="http://biomodels.net/biology-qualifiers/" xmlns:dcterms="http://purl.org/dc/terms/" xmlns:rdf="http://www.w3.org/1999/02/22-rdf-syntax-ns#" xmlns:vCard="http://www.w3.org/2001/vcard-rdf/3.0#">
          <rdf:Description rdf:about="#COPASI0">
            <bqbiol:hasProperty rdf:resource="http://identifiers.org/biomodels.db/MODEL1203070000"/>
            <bqbiol:hasTaxon>
              <rdf:Bag>
                <rdf:li rdf:resource="http://identifiers.org/taxonomy/9606"/>
              </rdf:Bag>
            </bqbiol:hasTaxon>
            <dcterms:bibliographicCitation>
              <rdf:Bag>
                <rdf:li>
                  <rdf:Description>
                    <dcterms:description>Epidemics of panic during a bioterrorist attack--a mathematical model.</dcterms:description>
                    <CopasiMT:isDescribedBy rdf:resource="http://identifiers.org/pubmed/19423234"/>
                  </rdf:Description>
                </rdf:li>
              </rdf:Bag>
            </dcterms:bibliographicCitation>
            <dcterms:created>
              <rdf:Description>
                <dcterms:W3CDTF>2019-10-22T09:06:03Z</dcterms:W3CDTF>
              </rdf:Description>
            </dcterms:created>
            <dcterms:creator>
              <rdf:Description>
                <vCard:N>
                  <rdf:Description>
                    <vCard:Family>Sharif Shohan</vCard:Family>
                    <vCard:Given>Mohammad Umer Sharif Shohan</vCard:Given>
                  </rdf:Description>
                </vCard:N>
                <vCard:ORG>
                  <rdf:Description>
                    <vCard:Orgname>EMBL-EBI</vCard:Orgname>
                  </rdf:Description>
                </vCard:ORG>
              </rdf:Description>
            </dcterms:creator>
            <CopasiMT:isVersionOf>
              <rdf:Bag>
                <rdf:li rdf:resource="http://identifiers.org/go/GO:0042596"/>
              </rdf:Bag>
            </CopasiMT:isVersionOf>
            <CopasiMT:isVersionOf>
              <rdf:Bag>
                <rdf:li rdf:resource="http://identifiers.org/efo/0004262"/>
              </rdf:Bag>
            </CopasiMT:isVersionOf>
          </rdf:Description>
        </rdf:RDF>
      </COPASI>
      <rdf:RDF xmlns:rdf="http://www.w3.org/1999/02/22-rdf-syntax-ns#" xmlns:dc="http://purl.org/dc/elements/1.1/" xmlns:dcterms="http://purl.org/dc/terms/" xmlns:vCard="http://www.w3.org/2001/vcard-rdf/3.0#" xmlns:bqbiol="http://biomodels.net/biology-qualifiers/" xmlns:bqmodel="http://biomodels.net/model-qualifiers/">
        <rdf:Description rdf:about="#COPASI0">
	<dc:creator>
	<rdf:Bag>
	<rdf:li rdf:parseType="Resource">
	<vCard:N rdf:parseType="Resource">
	<vCard:Family>Sharif Shohan</vCard:Family>
	<vCard:Given>Mohammad Umer Sharif Shohan</vCard:Given>
	</vCard:N>
	<vCard:ORG rdf:parseType="Resource">
	<vCard:Orgname>EMBL-EBI</vCard:Orgname>
	</vCard:ORG>
	</rdf:li>
	</rdf:Bag>
	</dc:creator>
	<dcterms:created rdf:parseType="Resource">
	<dcterms:W3CDTF>2019-10-22T09:06:03Z</dcterms:W3CDTF>
	</dcterms:created>
	<dcterms:modified rdf:parseType="Resource">
	<dcterms:W3CDTF>2019-10-22T09:06:03Z</dcterms:W3CDTF>
	</dcterms:modified>
	<bqmodel:isDescribedBy>
	<rdf:Bag>
	<rdf:li rdf:resource="http://identifiers.org/pubmed/19423234"/>
	</rdf:Bag>
	</bqmodel:isDescribedBy>
	<bqbiol:isVersionOf>
	<rdf:Bag>
	<rdf:li rdf:resource="http://identifiers.org/go/GO:0042596"/>
	</rdf:Bag>
	</bqbiol:isVersionOf>
	<bqbiol:isVersionOf>
	<rdf:Bag>
	<rdf:li rdf:resource="http://identifiers.org/efo/0004262"/>
	</rdf:Bag>
	</bqbiol:isVersionOf>
	<bqbiol:hasProperty>
	<rdf:Bag>
	<rdf:li rdf:resource="http://identifiers.org/biomodels.db/MODEL1203070000"/>
	</rdf:Bag>
	</bqbiol:hasProperty>
	<bqbiol:hasTaxon>
	<rdf:Bag>
	<rdf:li rdf:resource="http://identifiers.org/taxonomy/9606"/>
	</rdf:Bag>
	</bqbiol:hasTaxon>
	<bqmodel:is>
	<rdf:Bag>
	<rdf:li rdf:resource="http://identifiers.org/biomodels.db/MODEL1203070000"/>
	<rdf:li rdf:resource="http://identifiers.org/biomodels.db/BIOMD0000000836"/>
	</rdf:Bag>
	</bqmodel:is>
	</rdf:Description>
	
      </rdf:RDF>
    </annotation>
      <listOfUnitDefinitions>
      <unitDefinition id="time" name="time">
        <listOfUnits>
          <unit exponent="1" kind="second" multiplier="86400" scale="0"/>
        </listOfUnits>
      </unitDefinition>
    </listOfUnitDefinitions>
    <listOfCompartments>
      <compartment constant="true" id="compartment" metaid="COPASI1" name="compartment" size="1" spatialDimensions="3">
        <annotation>
          <COPASI xmlns="http://www.copasi.org/static/sbml">
            <rdf:RDF xmlns:dcterms="http://purl.org/dc/terms/" xmlns:rdf="http://www.w3.org/1999/02/22-rdf-syntax-ns#">
              <rdf:Description rdf:about="#COPASI1">
                <dcterms:created>
                  <rdf:Description>
                    <dcterms:W3CDTF>2019-10-21T21:44:56Z</dcterms:W3CDTF>
                  </rdf:Description>
                </dcterms:created>
              </rdf:Description>
            </rdf:RDF>
          </COPASI>
        </annotation>
            </compartment>
    </listOfCompartments>
    <listOfSpecies>
      <species boundaryCondition="true" compartment="compartment" constant="false" id="S" initialConcentration="0.1" metaid="COPASI2" name="panic_intensity">
        <annotation>
          <COPASI xmlns="http://www.copasi.org/static/sbml">
            <rdf:RDF xmlns:dcterms="http://purl.org/dc/terms/" xmlns:rdf="http://www.w3.org/1999/02/22-rdf-syntax-ns#">
              <rdf:Description rdf:about="#COPASI2">
                <dcterms:created>
                  <rdf:Description>
                    <dcterms:W3CDTF>2019-10-21T21:44:56Z</dcterms:W3CDTF>
                  </rdf:Description>
                </dcterms:created>
              </rdf:Description>
            </rdf:RDF>
          </COPASI>
        </annotation>
            </species>
      <species boundaryCondition="true" compartment="compartment" constant="false" id="P" initialConcentration="0.1" metaid="COPASI3" name="protection+prevention_intensity">
        <annotation>
          <COPASI xmlns="http://www.copasi.org/static/sbml">
            <rdf:RDF xmlns:dcterms="http://purl.org/dc/terms/" xmlns:rdf="http://www.w3.org/1999/02/22-rdf-syntax-ns#">
              <rdf:Description rdf:about="#COPASI3">
                <dcterms:created>
                  <rdf:Description>
                    <dcterms:W3CDTF>2019-10-21T21:44:56Z</dcterms:W3CDTF>
                  </rdf:Description>
                </dcterms:created>
              </rdf:Description>
            </rdf:RDF>
          </COPASI>
        </annotation>
            </species>
    </listOfSpecies>
    <listOfParameters>
      <parameter constant="true" id="alpha" metaid="COPASI4" name="alpha" value="6">
        <annotation>
          <COPASI xmlns="http://www.copasi.org/static/sbml">
            <rdf:RDF xmlns:dcterms="http://purl.org/dc/terms/" xmlns:rdf="http://www.w3.org/1999/02/22-rdf-syntax-ns#">
              <rdf:Description rdf:about="#COPASI4">
                <dcterms:created>
                  <rdf:Description>
                    <dcterms:W3CDTF>2019-10-21T21:44:56Z</dcterms:W3CDTF>
                  </rdf:Description>
                </dcterms:created>
              </rdf:Description>
            </rdf:RDF>
          </COPASI>
        </annotation>
            </parameter>
      <parameter constant="true" id="beta" metaid="COPASI5" name="beta" value="2.8">
        <annotation>
          <COPASI xmlns="http://www.copasi.org/static/sbml">
            <rdf:RDF xmlns:dcterms="http://purl.org/dc/terms/" xmlns:rdf="http://www.w3.org/1999/02/22-rdf-syntax-ns#">
              <rdf:Description rdf:about="#COPASI5">
                <dcterms:created>
                  <rdf:Description>
                    <dcterms:W3CDTF>2019-10-21T21:44:56Z</dcterms:W3CDTF>
                  </rdf:Description>
                </dcterms:created>
              </rdf:Description>
            </rdf:RDF>
          </COPASI>
        </annotation>
            </parameter>
      <parameter constant="true" id="gamma" metaid="COPASI6" name="gamma" value="0">
        <annotation>
          <COPASI xmlns="http://www.copasi.org/static/sbml">
            <rdf:RDF xmlns:dcterms="http://purl.org/dc/terms/" xmlns:rdf="http://www.w3.org/1999/02/22-rdf-syntax-ns#">
              <rdf:Description rdf:about="#COPASI6">
                <dcterms:created>
                  <rdf:Description>
                    <dcterms:W3CDTF>2019-10-21T21:44:56Z</dcterms:W3CDTF>
                  </rdf:Description>
                </dcterms:created>
              </rdf:Description>
            </rdf:RDF>
          </COPASI>
        </annotation>
            </parameter>
      <parameter constant="true" id="delta" metaid="COPASI7" name="delta" value="1">
        <annotation>
          <COPASI xmlns="http://www.copasi.org/static/sbml">
            <rdf:RDF xmlns:dcterms="http://purl.org/dc/terms/" xmlns:rdf="http://www.w3.org/1999/02/22-rdf-syntax-ns#">
              <rdf:Description rdf:about="#COPASI7">
                <dcterms:created>
                  <rdf:Description>
                    <dcterms:W3CDTF>2019-10-21T21:44:56Z</dcterms:W3CDTF>
                  </rdf:Description>
                </dcterms:created>
              </rdf:Description>
            </rdf:RDF>
          </COPASI>
        </annotation>
            </parameter>
      <parameter constant="true" id="C" metaid="COPASI8" name="whole_population" value="10">
        <annotation>
          <COPASI xmlns="http://www.copasi.org/static/sbml">
            <rdf:RDF xmlns:dcterms="http://purl.org/dc/terms/" xmlns:rdf="http://www.w3.org/1999/02/22-rdf-syntax-ns#">
              <rdf:Description rdf:about="#COPASI8">
                <dcterms:created>
                  <rdf:Description>
                    <dcterms:W3CDTF>2019-10-21T21:44:56Z</dcterms:W3CDTF>
                  </rdf:Description>
                </dcterms:created>
              </rdf:Description>
            </rdf:RDF>
          </COPASI>
        </annotation>
            </parameter>
    </listOfParameters>
    <listOfRules>
      <rateRule variable="S">
        <math xmlns="http://www.w3.org/1998/Math/MathML">        
          <apply>
            <times/>
            <apply>
              <minus/>
              <apply>
                <times/>
                <ci> alpha </ci>
                <apply>
                  <minus/>
                  <cn> 1 </cn>
                  <apply>
                    <divide/>
                    <ci> S </ci>
                    <ci> C </ci>
                  </apply>
                </apply>
              </apply>
              <apply>
                <times/>
                <ci> beta </ci>
                <ci> P </ci>
              </apply>
            </apply>
            <ci> S </ci>
          </apply>
        </math>
            </rateRule>
      <rateRule variable="P">
        <math xmlns="http://www.w3.org/1998/Math/MathML">        
          <apply>
            <times/>
            <apply>
              <plus/>
              <apply>
                <minus/>
                <ci> gamma </ci>
              </apply>
              <apply>
                <times/>
                <ci> delta </ci>
                <ci> S </ci>
              </apply>
            </apply>
            <ci> P </ci>
          </apply>
        </math>
            </rateRule>
    </listOfRules>
  </model>
</sbml>