[{"file": "plot.csv"}, {"file": "2d-ML.sedml"}, {"file": "report.csv"}, {"file": "pcbi.1000198.g009.jpg"}, {"file": "pcbi.1000198.g008.jpg"}, {"file": "3d-ML.sedml"}, {"file": "readme.html"}, {"file": "pcbi.1000198.g003.jpg"}, {"file": "pcbi.1000198.g002.jpg"}, {"file": "pcbi.1000198.g001.jpg"}, {"file": "pcbi.1000198.g005.jpg"}, {"file": "pcbi.1000198.g011.jpg"}, {"file": "pcbi.1000198.g010.jpg"}, {"file": "pcbi.1000198.g004.jpg"}, {"file": "pcbi.1000198.g006.jpg"}, {"file": "pcbi.1000198.g007.jpg"}]