<?xml version='1.0' encoding='UTF-8' standalone='no'?>
<sbml xmlns="http://www.sbml.org/sbml/level3/version2/core" level="3" version="2">
  <notes>
    <body xmlns="http://www.w3.org/1999/xhtml">
     <p>Exported by VCell 7.3</p>
  </body>
  </notes>
  <model areaUnits="um2" extentUnits="umol" id="Histamine_RhoA_Model_FInal_Application1" lengthUnits="um" name="Histamine-RhoA Model_FInal_Application1" substanceUnits="umol" timeUnits="s" volumeUnits="l">
    <listOfUnitDefinitions>
      <unitDefinition id="umol">
        <listOfUnits>
          <unit exponent="1" kind="mole" multiplier="1" scale="-6"/>
        </listOfUnits>
      </unitDefinition>
      <unitDefinition id="l">
        <listOfUnits>
          <unit exponent="1" kind="litre" multiplier="1" scale="0"/>
        </listOfUnits>
      </unitDefinition>
      <unitDefinition id="um2">
        <listOfUnits>
          <unit exponent="2" kind="metre" multiplier="1" scale="-6"/>
        </listOfUnits>
      </unitDefinition>
      <unitDefinition id="um">
        <listOfUnits>
          <unit exponent="1" kind="metre" multiplier="1" scale="-6"/>
        </listOfUnits>
      </unitDefinition>
      <unitDefinition id="s">
        <listOfUnits>
          <unit exponent="1" kind="second" multiplier="1" scale="0"/>
        </listOfUnits>
      </unitDefinition>
      <unitDefinition id="K">
        <listOfUnits>
          <unit exponent="1" kind="kelvin" multiplier="1" scale="0"/>
        </listOfUnits>
      </unitDefinition>
      <unitDefinition id="_one_">
        <listOfUnits>
          <unit exponent="1" kind="dimensionless" multiplier="1" scale="0"/>
        </listOfUnits>
      </unitDefinition>
      <unitDefinition id="C_mol_1">
        <listOfUnits>
          <unit exponent="1" kind="coulomb" multiplier="1" scale="0"/>
          <unit exponent="-1" kind="mole" multiplier="1" scale="0"/>
        </listOfUnits>
      </unitDefinition>
      <unitDefinition id="C_nmol_1">
        <listOfUnits>
          <unit exponent="1" kind="coulomb" multiplier="1" scale="0"/>
          <unit exponent="-1" kind="mole" multiplier="1" scale="-9"/>
        </listOfUnits>
      </unitDefinition>
      <unitDefinition id="molecules_pmol_1">
        <listOfUnits>
          <unit exponent="1" kind="item" multiplier="1" scale="0"/>
          <unit exponent="-1" kind="mole" multiplier="1" scale="-12"/>
        </listOfUnits>
      </unitDefinition>
      <unitDefinition id="_one_000000000">
        <listOfUnits>
          <unit exponent="1" kind="dimensionless" multiplier="1000000000" scale="0"/>
        </listOfUnits>
      </unitDefinition>
      <unitDefinition id="mV_C_K_1_mol_1">
        <listOfUnits>
          <unit exponent="1" kind="volt" multiplier="1" scale="-3"/>
          <unit exponent="1" kind="coulomb" multiplier="1" scale="0"/>
          <unit exponent="-1" kind="kelvin" multiplier="1" scale="0"/>
          <unit exponent="-1" kind="mole" multiplier="1" scale="0"/>
        </listOfUnits>
      </unitDefinition>
      <unitDefinition id="mV_V_1">
        <listOfUnits>
          <unit exponent="1" kind="dimensionless" multiplier="1" scale="0"/>
        </listOfUnits>
      </unitDefinition>
      <unitDefinition id="uM_um3_molecules_1">
        <listOfUnits>
          <unit exponent="1" kind="mole" multiplier="1" scale="-6"/>
          <unit exponent="-1" kind="litre" multiplier="1" scale="0"/>
          <unit exponent="3" kind="metre" multiplier="1" scale="-6"/>
          <unit exponent="-1" kind="item" multiplier="1" scale="0"/>
        </listOfUnits>
      </unitDefinition>
      <unitDefinition id="l_s_1_umol_1">
        <listOfUnits>
          <unit exponent="1" kind="litre" multiplier="1" scale="0"/>
          <unit exponent="-1" kind="second" multiplier="1" scale="0"/>
          <unit exponent="-1" kind="mole" multiplier="1" scale="-6"/>
        </listOfUnits>
      </unitDefinition>
      <unitDefinition id="s_1">
        <listOfUnits>
          <unit exponent="-1" kind="second" multiplier="1" scale="0"/>
        </listOfUnits>
      </unitDefinition>
      <unitDefinition id="umol_l_1">
        <listOfUnits>
          <unit exponent="1" kind="mole" multiplier="1" scale="-6"/>
          <unit exponent="-1" kind="litre" multiplier="1" scale="0"/>
        </listOfUnits>
      </unitDefinition>
      <unitDefinition id="umol_l_1_s_1">
        <listOfUnits>
          <unit exponent="1" kind="mole" multiplier="1" scale="-6"/>
          <unit exponent="-1" kind="litre" multiplier="1" scale="0"/>
          <unit exponent="-1" kind="second" multiplier="1" scale="0"/>
        </listOfUnits>
      </unitDefinition>
    </listOfUnitDefinitions>
    <listOfCompartments>
      <compartment constant="true" id="c0" name="c0" size="5E-11" spatialDimensions="3" units="l"/>
    </listOfCompartments>
    <listOfSpecies>
      <species boundaryCondition="false" compartment="c0" constant="false" hasOnlySubstanceUnits="false" id="Gaq_act" initialConcentration="0" substanceUnits="umol"/>
      <species boundaryCondition="false" compartment="c0" constant="false" hasOnlySubstanceUnits="false" id="H1HR_act" initialConcentration="0" substanceUnits="umol"/>
      <species boundaryCondition="false" compartment="c0" constant="false" hasOnlySubstanceUnits="false" id="Histamine" initialConcentration="100" substanceUnits="umol"/>
      <species boundaryCondition="false" compartment="c0" constant="false" hasOnlySubstanceUnits="false" id="p63_act" initialConcentration="0" substanceUnits="umol"/>
      <species boundaryCondition="false" compartment="c0" constant="false" hasOnlySubstanceUnits="false" id="PLC_act" initialConcentration="0" substanceUnits="umol"/>
      <species boundaryCondition="false" compartment="c0" constant="false" hasOnlySubstanceUnits="false" id="PIP2" initialConcentration="48" substanceUnits="umol"/>
      <species boundaryCondition="false" compartment="c0" constant="false" hasOnlySubstanceUnits="false" id="DAG" initialConcentration="0.72" substanceUnits="umol"/>
      <species boundaryCondition="false" compartment="c0" constant="false" hasOnlySubstanceUnits="false" id="IP3" initialConcentration="1.2" substanceUnits="umol"/>
      <species boundaryCondition="false" compartment="c0" constant="false" hasOnlySubstanceUnits="false" id="RhoA_act" initialConcentration="0" substanceUnits="umol"/>
      <species boundaryCondition="false" compartment="c0" constant="false" hasOnlySubstanceUnits="false" id="Ca_cyto" initialConcentration="0.1" substanceUnits="umol"/>
      <species boundaryCondition="false" compartment="c0" constant="false" hasOnlySubstanceUnits="false" id="PKC_act" initialConcentration="0" substanceUnits="umol"/>
      <species boundaryCondition="false" compartment="c0" constant="false" hasOnlySubstanceUnits="false" id="p115_act" initialConcentration="0" substanceUnits="umol"/>
      <species boundaryCondition="false" compartment="c0" constant="false" hasOnlySubstanceUnits="false" id="RhoA_inact" initialConcentration="50" substanceUnits="umol"/>
      <species boundaryCondition="false" compartment="c0" constant="false" hasOnlySubstanceUnits="false" id="H1HR_inact" initialConcentration="5" substanceUnits="umol"/>
      <species boundaryCondition="false" compartment="c0" constant="false" hasOnlySubstanceUnits="false" id="Gaq_inact" initialConcentration="3.5" substanceUnits="umol"/>
      <species boundaryCondition="false" compartment="c0" constant="false" hasOnlySubstanceUnits="false" id="p63_inact" initialConcentration="1" substanceUnits="umol"/>
      <species boundaryCondition="false" compartment="c0" constant="false" hasOnlySubstanceUnits="false" id="p115_inact" initialConcentration="0.02" substanceUnits="umol"/>
      <species boundaryCondition="false" compartment="c0" constant="false" hasOnlySubstanceUnits="false" id="PKC_inact" initialConcentration="15" substanceUnits="umol"/>
      <species boundaryCondition="false" compartment="c0" constant="false" hasOnlySubstanceUnits="false" id="Ca_ER" initialConcentration="500" substanceUnits="umol"/>
      <species boundaryCondition="false" compartment="c0" constant="false" hasOnlySubstanceUnits="false" id="PLC_inact" initialConcentration="1" substanceUnits="umol"/>
      <species boundaryCondition="false" compartment="c0" constant="false" hasOnlySubstanceUnits="false" id="Ca_miscbound" initialConcentration="0" substanceUnits="umol"/>
      <species boundaryCondition="false" compartment="c0" constant="false" hasOnlySubstanceUnits="false" id="Ca_mito" initialConcentration="0" substanceUnits="umol"/>
      <species boundaryCondition="false" compartment="c0" constant="false" hasOnlySubstanceUnits="false" id="Ca_Ex" initialConcentration="0" substanceUnits="umol"/>
      <species boundaryCondition="false" compartment="c0" constant="false" hasOnlySubstanceUnits="false" id="phosphatase" initialConcentration="0.5" substanceUnits="umol"/>
      <species boundaryCondition="false" compartment="c0" constant="false" hasOnlySubstanceUnits="false" id="GAP_act" initialConcentration="3" substanceUnits="umol"/>
      <species boundaryCondition="false" compartment="c0" constant="false" hasOnlySubstanceUnits="false" id="SERCA" initialConcentration="15" substanceUnits="umol"/>
      <species boundaryCondition="false" compartment="c0" constant="false" hasOnlySubstanceUnits="false" id="PKC_Ca" initialConcentration="0" substanceUnits="umol"/>
      <species boundaryCondition="false" compartment="c0" constant="false" hasOnlySubstanceUnits="false" id="Expumps_out" initialConcentration="15.6" substanceUnits="umol"/>
      <species boundaryCondition="false" compartment="c0" constant="false" hasOnlySubstanceUnits="false" id="Expumps_in" initialConcentration="0.01" substanceUnits="umol"/>
      <species boundaryCondition="false" compartment="c0" constant="false" hasOnlySubstanceUnits="false" id="Pyrilamine" initialConcentration="0" substanceUnits="umol"/>
      <species boundaryCondition="false" compartment="c0" constant="false" hasOnlySubstanceUnits="false" id="PKC_act_translocate" initialConcentration="0" substanceUnits="umol"/>
      <species boundaryCondition="false" compartment="c0" constant="false" hasOnlySubstanceUnits="false" id="GDI_act" initialConcentration="0.5" substanceUnits="umol"/>
      <species boundaryCondition="false" compartment="c0" constant="false" hasOnlySubstanceUnits="false" id="GDI_inact" initialConcentration="0" substanceUnits="umol"/>
      <species boundaryCondition="false" compartment="c0" constant="false" hasOnlySubstanceUnits="false" id="GAP_inact" initialConcentration="0" substanceUnits="umol"/>
      <species boundaryCondition="false" compartment="c0" constant="false" hasOnlySubstanceUnits="false" id="DAG_deg" initialConcentration="0" substanceUnits="umol"/>
    </listOfSpecies>
    <listOfParameters>
      <parameter constant="true" id="_T_" units="K" value="300"/>
      <parameter constant="true" id="_PI_" units="_one_" value="3.141592653589793"/>
      <parameter constant="true" id="_F_" units="C_mol_1" value="9.64853321E4"/>
      <parameter constant="true" id="_F_nmol_" units="C_nmol_1" value="9.64853321E-5"/>
      <parameter constant="true" id="_N_pmol_" units="molecules_pmol_1" value="6.02214179E11"/>
      <parameter constant="true" id="_K_GHK_" units="_one_000000000" value="1E-9"/>
      <parameter constant="true" id="_R_" units="mV_C_K_1_mol_1" value="8314.46261815"/>
      <parameter constant="true" id="K_millivolts_per_volt" units="mV_V_1" value="1000"/>
      <parameter constant="true" id="KMOLE" units="uM_um3_molecules_1" value="0.001660538783162726"/>
      <parameter constant="true" id="Kf_r0" units="l_s_1_umol_1" value="0.0001"/>
      <parameter constant="true" id="Kr_r0" units="s_1" value="0.001"/>
      <parameter constant="true" id="Kf_r1" units="l_s_1_umol_1" value="0.015"/>
      <parameter constant="true" id="Kr_r1" units="s_1" value="7.2"/>
      <parameter constant="true" id="Kf_r2" units="l_s_1_umol_1" value="0.0042"/>
      <parameter constant="true" id="Kr_r2" units="s_1" value="1"/>
      <parameter constant="true" id="Kf_r3" units="l_s_1_umol_1" value="0.04"/>
      <parameter constant="true" id="Kr_r3" units="s_1" value="0.5"/>
      <parameter constant="true" id="Km_r4" units="umol_l_1" value="10"/>
      <parameter constant="false" id="Vmax_r4" units="umol_l_1_s_1"/>
      <parameter constant="true" id="Km_r5" units="umol_l_1" value="1.55"/>
      <parameter constant="false" id="Vmax_r5" units="umol_l_1_s_1"/>
      <parameter constant="true" id="Km_r6" units="umol_l_1" value="0.0813"/>
      <parameter constant="false" id="Vmax_r6" units="umol_l_1_s_1"/>
      <parameter constant="true" id="Km_r8" units="umol_l_1" value="1"/>
      <parameter constant="false" id="Vmax_r8" units="umol_l_1_s_1"/>
      <parameter constant="true" id="Km_r9" units="umol_l_1" value="1"/>
      <parameter constant="false" id="Vmax_r9" units="umol_l_1_s_1"/>
      <parameter constant="true" id="Kf_r10" units="s_1" value="2.43"/>
      <parameter constant="true" id="Kr_r10" units="s_1" value="1"/>
      <parameter constant="true" id="Km_r11" units="umol_l_1" value="114"/>
      <parameter constant="false" id="Vmax_r11" units="umol_l_1_s_1"/>
      <parameter constant="true" id="Km_r13" units="umol_l_1" value="7.2"/>
      <parameter constant="false" id="Vmax_r13" units="umol_l_1_s_1"/>
      <parameter constant="true" id="Km_r12" units="umol_l_1" value="2.31"/>
      <parameter constant="false" id="Vmax_r12" units="umol_l_1_s_1"/>
      <parameter constant="true" id="Kf_r14" units="s_1" value="0.506"/>
      <parameter constant="true" id="Kr_r14" units="s_1" value="0.476"/>
      <parameter constant="true" id="Km_r15" units="umol_l_1" value="0.52"/>
      <parameter constant="false" id="Vmax_r15" units="umol_l_1_s_1"/>
      <parameter constant="true" id="Kf_r16" units="s_1" value="0"/>
      <parameter constant="true" id="Kf_r7" units="l_s_1_umol_1" value="0.02"/>
      <parameter constant="true" id="Kr_r7" units="s_1" value="50"/>
      <parameter constant="true" id="Kf_r20" units="l_s_1_umol_1" value="1.5E-5"/>
      <parameter constant="true" id="Kr_r20" units="s_1" value="0.15"/>
      <parameter constant="true" id="Kr_r17" units="s_1" value="0"/>
      <parameter constant="false" id="Kf_r17" units="s_1"/>
      <parameter constant="true" id="Km_r21" units="umol_l_1" value="1"/>
      <parameter constant="false" id="Vmax_r21" units="umol_l_1_s_1"/>
      <parameter constant="true" id="Kf_r23" units="l_s_1_umol_1" value="0.0001"/>
      <parameter constant="true" id="Kr_r23" units="s_1" value="0"/>
      <parameter constant="true" id="Kf_r24" units="l_s_1_umol_1" value="0.0001"/>
      <parameter constant="true" id="Kr_r24" units="s_1" value="0"/>
      <parameter constant="true" id="Kf_r22" units="s_1" value="0.00203"/>
      <parameter constant="true" id="Kr_r22" units="s_1" value="0"/>
      <parameter constant="true" id="Kf_r26" units="l_s_1_umol_1" value="1"/>
      <parameter constant="true" id="Kr_r26" units="s_1" value="1"/>
      <parameter constant="true" id="Kf_r27" units="s_1" value="0.02"/>
      <parameter constant="true" id="Kr_r27" units="s_1" value="0.0087"/>
      <parameter constant="true" id="Km_r28" units="umol_l_1" value="7.2"/>
      <parameter constant="false" id="Vmax_r28" units="umol_l_1_s_1"/>
      <parameter constant="true" id="Km_r30" units="umol_l_1" value="1"/>
      <parameter constant="false" id="Vmax_r30" units="umol_l_1_s_1"/>
      <parameter constant="true" id="Km_r25" units="umol_l_1" value="7.2"/>
      <parameter constant="false" id="Vmax_r25" units="umol_l_1_s_1"/>
      <parameter constant="true" id="Km_r29" units="umol_l_1" value="1"/>
      <parameter constant="false" id="Vmax_r29" units="umol_l_1_s_1"/>
      <parameter constant="true" id="Km_r31" units="umol_l_1" value="17"/>
      <parameter constant="false" id="Vmax_r31" units="umol_l_1_s_1"/>
      <parameter constant="true" id="Kf_r18" units="s_1" value="1.5E-7"/>
      <parameter constant="true" id="Kr_r18" units="s_1" value="0"/>
    </listOfParameters>
    <listOfRules>
      <assignmentRule variable="Vmax_r4">
        <math xmlns="http://www.w3.org/1998/Math/MathML">        
          <ci> p63_act </ci>
        </math>
            </assignmentRule>
      <assignmentRule variable="Vmax_r5">
        <math xmlns="http://www.w3.org/1998/Math/MathML">        
          <apply>
            <times/>
            <cn> 800 </cn>
            <ci> PLC_act </ci>
          </apply>
        </math>
            </assignmentRule>
      <assignmentRule variable="Vmax_r6">
        <math xmlns="http://www.w3.org/1998/Math/MathML">        
          <apply>
            <times/>
            <cn> 10 </cn>
            <ci> IP3 </ci>
          </apply>
        </math>
            </assignmentRule>
      <assignmentRule variable="Vmax_r8">
        <math xmlns="http://www.w3.org/1998/Math/MathML">        
          <apply>
            <times/>
            <cn> 1.1 </cn>
            <ci> PKC_act_translocate </ci>
          </apply>
        </math>
            </assignmentRule>
      <assignmentRule variable="Vmax_r9">
        <math xmlns="http://www.w3.org/1998/Math/MathML">        
          <apply>
            <times/>
            <cn> 0.5 </cn>
            <ci> p115_act </ci>
          </apply>
        </math>
            </assignmentRule>
      <assignmentRule variable="Vmax_r11">
        <math xmlns="http://www.w3.org/1998/Math/MathML">        
          <apply>
            <times/>
            <cn> 0.754 </cn>
            <ci> SERCA </ci>
          </apply>
        </math>
            </assignmentRule>
      <assignmentRule variable="Vmax_r13">
        <math xmlns="http://www.w3.org/1998/Math/MathML">        
          <apply>
            <times/>
            <cn> 0.036 </cn>
            <ci> phosphatase </ci>
          </apply>
        </math>
            </assignmentRule>
      <assignmentRule variable="Vmax_r12">
        <math xmlns="http://www.w3.org/1998/Math/MathML">        
          <apply>
            <times/>
            <cn> 0.0541 </cn>
            <ci> GAP_act </ci>
          </apply>
        </math>
            </assignmentRule>
      <assignmentRule variable="Vmax_r15">
        <math xmlns="http://www.w3.org/1998/Math/MathML">        
          <apply>
            <times/>
            <cn> 0.26 </cn>
            <ci> Expumps_out </ci>
          </apply>
        </math>
            </assignmentRule>
      <assignmentRule variable="Kf_r17">
        <math xmlns="http://www.w3.org/1998/Math/MathML">        
          <ci> PLC_act </ci>
        </math>
            </assignmentRule>
      <assignmentRule variable="Vmax_r21">
        <math xmlns="http://www.w3.org/1998/Math/MathML">        
          <apply>
            <times/>
            <cn> 0.1 </cn>
            <ci> Expumps_in </ci>
          </apply>
        </math>
            </assignmentRule>
      <assignmentRule variable="Vmax_r28">
        <math xmlns="http://www.w3.org/1998/Math/MathML">        
          <apply>
            <times/>
            <cn> 0.036 </cn>
            <ci> phosphatase </ci>
          </apply>
        </math>
            </assignmentRule>
      <assignmentRule variable="Vmax_r30">
        <math xmlns="http://www.w3.org/1998/Math/MathML">        
          <apply>
            <times/>
            <cn> 1.1 </cn>
            <ci> PKC_act_translocate </ci>
          </apply>
        </math>
            </assignmentRule>
      <assignmentRule variable="Vmax_r25">
        <math xmlns="http://www.w3.org/1998/Math/MathML">        
          <apply>
            <times/>
            <cn> 0.036 </cn>
            <ci> phosphatase </ci>
          </apply>
        </math>
            </assignmentRule>
      <assignmentRule variable="Vmax_r29">
        <math xmlns="http://www.w3.org/1998/Math/MathML">        
          <apply>
            <times/>
            <cn> 1.1 </cn>
            <ci> PKC_act_translocate </ci>
          </apply>
        </math>
            </assignmentRule>
      <assignmentRule variable="Vmax_r31">
        <math xmlns="http://www.w3.org/1998/Math/MathML">        
          <apply>
            <times/>
            <cn> 0.0242 </cn>
            <ci> GDI_act </ci>
          </apply>
        </math>
            </assignmentRule>
    </listOfRules>
    <listOfReactions>
      <reaction id="r0" name="r0" reversible="true">
        <notes>
          <body xmlns="http://www.w3.org/1999/xhtml">
     <p>M Shahid Open Immun Journal 2009</p>
  </body>
        </notes>
        <listOfReactants>
          <speciesReference constant="true" id="r0_Histaminer" species="Histamine" stoichiometry="1"/>
          <speciesReference constant="true" id="r0_H1HR_inactr" species="H1HR_inact" stoichiometry="1"/>
        </listOfReactants>
        <listOfProducts>
          <speciesReference constant="true" id="r0_H1HR_actp" species="H1HR_act" stoichiometry="1"/>
        </listOfProducts>
        <kineticLaw>
          <math xmlns="http://www.w3.org/1998/Math/MathML">          
            <apply>
              <times/>
              <apply>
                <minus/>
                <apply>
                  <times/>
                  <apply>
                    <times/>
                    <ci> Kf_r0 </ci>
                    <ci> Histamine </ci>
                  </apply>
                  <ci> H1HR_inact </ci>
                </apply>
                <apply>
                  <times/>
                  <ci> Kr_r0 </ci>
                  <ci> H1HR_act </ci>
                </apply>
              </apply>
              <ci> c0 </ci>
            </apply>
          </math>
                </kineticLaw>
      </reaction>
      <reaction id="r1" name="r1" reversible="true">
        <notes>
          <body xmlns="http://www.w3.org/1999/xhtml">
     <p>BH Kim et al. PLoS One 2013</p>
  </body>
        </notes>
        <listOfReactants>
          <speciesReference constant="true" id="r1_Gaq_inactr" species="Gaq_inact" stoichiometry="1"/>
          <speciesReference constant="true" id="r1_H1HR_actr" species="H1HR_act" stoichiometry="1"/>
        </listOfReactants>
        <listOfProducts>
          <speciesReference constant="true" id="r1_Gaq_actp" species="Gaq_act" stoichiometry="1"/>
        </listOfProducts>
        <kineticLaw>
          <math xmlns="http://www.w3.org/1998/Math/MathML">          
            <apply>
              <times/>
              <apply>
                <minus/>
                <apply>
                  <times/>
                  <apply>
                    <times/>
                    <ci> Kf_r1 </ci>
                    <ci> Gaq_inact </ci>
                  </apply>
                  <ci> H1HR_act </ci>
                </apply>
                <apply>
                  <times/>
                  <ci> Kr_r1 </ci>
                  <ci> Gaq_act </ci>
                </apply>
              </apply>
              <ci> c0 </ci>
            </apply>
          </math>
                </kineticLaw>
      </reaction>
      <reaction id="r2" name="r2" reversible="true">
        <notes>
          <body xmlns="http://www.w3.org/1999/xhtml">
     <p>TJ Lukas Biophys Journal 2004</p>
  </body>
        </notes>
        <listOfReactants>
          <speciesReference constant="true" id="r2_Gaq_actr" species="Gaq_act" stoichiometry="1"/>
          <speciesReference constant="true" id="r2_PLC_inactr" species="PLC_inact" stoichiometry="1"/>
        </listOfReactants>
        <listOfProducts>
          <speciesReference constant="true" id="r2_PLC_actp" species="PLC_act" stoichiometry="1"/>
        </listOfProducts>
        <kineticLaw>
          <math xmlns="http://www.w3.org/1998/Math/MathML">          
            <apply>
              <times/>
              <apply>
                <minus/>
                <apply>
                  <times/>
                  <apply>
                    <times/>
                    <ci> Kf_r2 </ci>
                    <ci> Gaq_act </ci>
                  </apply>
                  <ci> PLC_inact </ci>
                </apply>
                <apply>
                  <times/>
                  <ci> Kr_r2 </ci>
                  <ci> PLC_act </ci>
                </apply>
              </apply>
              <ci> c0 </ci>
            </apply>
          </math>
                </kineticLaw>
      </reaction>
      <reaction id="r3" name="r3" reversible="true">
        <notes>
          <body xmlns="http://www.w3.org/1999/xhtml">
     <p>S Lutz et al Science 2007
fitted kf</p>
  </body>
        </notes>
        <listOfReactants>
          <speciesReference constant="true" id="r3_Gaq_actr" species="Gaq_act" stoichiometry="1"/>
          <speciesReference constant="true" id="r3_p63_inactr" species="p63_inact" stoichiometry="1"/>
        </listOfReactants>
        <listOfProducts>
          <speciesReference constant="true" id="r3_p63_actp" species="p63_act" stoichiometry="1"/>
        </listOfProducts>
        <kineticLaw>
          <math xmlns="http://www.w3.org/1998/Math/MathML">          
            <apply>
              <times/>
              <apply>
                <minus/>
                <apply>
                  <times/>
                  <apply>
                    <times/>
                    <ci> Kf_r3 </ci>
                    <ci> Gaq_act </ci>
                  </apply>
                  <ci> p63_inact </ci>
                </apply>
                <apply>
                  <times/>
                  <ci> Kr_r3 </ci>
                  <ci> p63_act </ci>
                </apply>
              </apply>
              <ci> c0 </ci>
            </apply>
          </math>
                </kineticLaw>
      </reaction>
      <reaction id="r4" name="r4" reversible="true">
        <notes>
          <body xmlns="http://www.w3.org/1999/xhtml">
     <p>fitted km
vmax numbers are extrapolated by comparing p115 kinetics to p63 kinetics
looked at p115 kobs from M Jaiswal et al JBC 2011
looked at p63 kobs from RJ Rojas et al JBC 2007</p>
  </body>
        </notes>
        <listOfReactants>
          <speciesReference constant="true" id="r4_RhoA_inactr" species="RhoA_inact" stoichiometry="1"/>
        </listOfReactants>
        <listOfProducts>
          <speciesReference constant="true" id="r4_RhoA_actp" species="RhoA_act" stoichiometry="1"/>
        </listOfProducts>
        <listOfModifiers>
          <modifierSpeciesReference species="p63_act"/>
        </listOfModifiers>
        <kineticLaw>
          <math xmlns="http://www.w3.org/1998/Math/MathML">          
            <apply>
              <times/>
              <apply>
                <divide/>
                <apply>
                  <times/>
                  <ci> Vmax_r4 </ci>
                  <ci> RhoA_inact </ci>
                </apply>
                <apply>
                  <plus/>
                  <ci> Km_r4 </ci>
                  <ci> RhoA_inact </ci>
                </apply>
              </apply>
              <ci> c0 </ci>
            </apply>
          </math>
                </kineticLaw>
      </reaction>
      <reaction id="r5" name="r5" reversible="true">
        <notes>
          <body xmlns="http://www.w3.org/1999/xhtml">
     <p>Km:
Cheng-Jing Zhou et al. Biochem J 1993
kcat:
BH Kim et al. PLoS One 2013
TJ Lukas Biophys Journal 2004 </p>
  </body>
        </notes>
        <listOfReactants>
          <speciesReference constant="true" id="r5_PIP2r" species="PIP2" stoichiometry="1"/>
        </listOfReactants>
        <listOfProducts>
          <speciesReference constant="true" id="r5_DAGp" species="DAG" stoichiometry="1"/>
          <speciesReference constant="true" id="r5_IP3p" species="IP3" stoichiometry="1"/>
        </listOfProducts>
        <listOfModifiers>
          <modifierSpeciesReference species="PLC_act"/>
        </listOfModifiers>
        <kineticLaw>
          <math xmlns="http://www.w3.org/1998/Math/MathML">          
            <apply>
              <times/>
              <apply>
                <divide/>
                <apply>
                  <times/>
                  <ci> Vmax_r5 </ci>
                  <ci> PIP2 </ci>
                </apply>
                <apply>
                  <plus/>
                  <ci> Km_r5 </ci>
                  <ci> PIP2 </ci>
                </apply>
              </apply>
              <ci> c0 </ci>
            </apply>
          </math>
                </kineticLaw>
      </reaction>
      <reaction id="r6" name="r6" reversible="true">
        <notes>
          <body xmlns="http://www.w3.org/1999/xhtml">
     <p>MR Maurya and S Subramanian Biophys J 2007
kcat went from .189 to 10</p>
  </body>
        </notes>
        <listOfReactants>
          <speciesReference constant="true" id="r6_Ca_ERr" species="Ca_ER" stoichiometry="1"/>
        </listOfReactants>
        <listOfProducts>
          <speciesReference constant="true" id="r6_Ca_cytop" species="Ca_cyto" stoichiometry="1"/>
        </listOfProducts>
        <listOfModifiers>
          <modifierSpeciesReference species="IP3"/>
        </listOfModifiers>
        <kineticLaw>
          <math xmlns="http://www.w3.org/1998/Math/MathML">          
            <apply>
              <times/>
              <apply>
                <divide/>
                <apply>
                  <times/>
                  <ci> Vmax_r6 </ci>
                  <ci> Ca_ER </ci>
                </apply>
                <apply>
                  <plus/>
                  <ci> Km_r6 </ci>
                  <ci> Ca_ER </ci>
                </apply>
              </apply>
              <ci> c0 </ci>
            </apply>
          </math>
                </kineticLaw>
      </reaction>
      <reaction id="r8" name="r8" reversible="true">
        <notes>
          <body xmlns="http://www.w3.org/1999/xhtml">
     <p>JH Kang et al. Proteomics 2008
Km and vmax is averaged for all PKCs

</p>
  </body>
        </notes>
        <listOfReactants>
          <speciesReference constant="true" id="r8_p115_inactr" species="p115_inact" stoichiometry="1"/>
        </listOfReactants>
        <listOfProducts>
          <speciesReference constant="true" id="r8_p115_actp" species="p115_act" stoichiometry="1"/>
        </listOfProducts>
        <listOfModifiers>
          <modifierSpeciesReference species="PKC_act_translocate"/>
        </listOfModifiers>
        <kineticLaw>
          <math xmlns="http://www.w3.org/1998/Math/MathML">          
            <apply>
              <times/>
              <apply>
                <divide/>
                <apply>
                  <times/>
                  <ci> Vmax_r8 </ci>
                  <ci> p115_inact </ci>
                </apply>
                <apply>
                  <plus/>
                  <ci> Km_r8 </ci>
                  <ci> p115_inact </ci>
                </apply>
              </apply>
              <ci> c0 </ci>
            </apply>
          </math>
                </kineticLaw>
      </reaction>
      <reaction id="r9" name="r9" reversible="true">
        <notes>
          <body xmlns="http://www.w3.org/1999/xhtml">
     <p>M Jaiswal et al JBC 2011</p>
  </body>
        </notes>
        <listOfReactants>
          <speciesReference constant="true" id="r9_RhoA_inactr" species="RhoA_inact" stoichiometry="1"/>
        </listOfReactants>
        <listOfProducts>
          <speciesReference constant="true" id="r9_RhoA_actp" species="RhoA_act" stoichiometry="1"/>
        </listOfProducts>
        <listOfModifiers>
          <modifierSpeciesReference species="p115_act"/>
        </listOfModifiers>
        <kineticLaw>
          <math xmlns="http://www.w3.org/1998/Math/MathML">          
            <apply>
              <times/>
              <apply>
                <divide/>
                <apply>
                  <times/>
                  <ci> Vmax_r9 </ci>
                  <ci> RhoA_inact </ci>
                </apply>
                <apply>
                  <plus/>
                  <ci> Km_r9 </ci>
                  <ci> RhoA_inact </ci>
                </apply>
              </apply>
              <ci> c0 </ci>
            </apply>
          </math>
                </kineticLaw>
      </reaction>
      <reaction id="r10" name="r10" reversible="true">
        <notes>
          <body xmlns="http://www.w3.org/1999/xhtml">
     <p>MR Maurya and S Subramanian Biophys J 2007
fitted kr</p>
  </body>
        </notes>
        <listOfReactants>
          <speciesReference constant="true" id="r10_Ca_cytor" species="Ca_cyto" stoichiometry="1"/>
        </listOfReactants>
        <listOfProducts>
          <speciesReference constant="true" id="r10_Ca_miscboundp" species="Ca_miscbound" stoichiometry="1"/>
        </listOfProducts>
        <kineticLaw>
          <math xmlns="http://www.w3.org/1998/Math/MathML">          
            <apply>
              <times/>
              <apply>
                <minus/>
                <apply>
                  <times/>
                  <ci> Kf_r10 </ci>
                  <ci> Ca_cyto </ci>
                </apply>
                <apply>
                  <times/>
                  <ci> Kr_r10 </ci>
                  <ci> Ca_miscbound </ci>
                </apply>
              </apply>
              <ci> c0 </ci>
            </apply>
          </math>
                </kineticLaw>
      </reaction>
      <reaction id="r11" name="r11" reversible="true">
        <notes>
          <body xmlns="http://www.w3.org/1999/xhtml">
     <p>MR Maurya and S Subramanian Biophys J 2007</p>
  </body>
        </notes>
        <listOfReactants>
          <speciesReference constant="true" id="r11_Ca_cytor" species="Ca_cyto" stoichiometry="1"/>
        </listOfReactants>
        <listOfProducts>
          <speciesReference constant="true" id="r11_Ca_ERp" species="Ca_ER" stoichiometry="1"/>
        </listOfProducts>
        <listOfModifiers>
          <modifierSpeciesReference species="SERCA"/>
        </listOfModifiers>
        <kineticLaw>
          <math xmlns="http://www.w3.org/1998/Math/MathML">          
            <apply>
              <times/>
              <apply>
                <divide/>
                <apply>
                  <times/>
                  <ci> Vmax_r11 </ci>
                  <ci> Ca_cyto </ci>
                </apply>
                <apply>
                  <plus/>
                  <ci> Km_r11 </ci>
                  <ci> Ca_cyto </ci>
                </apply>
              </apply>
              <ci> c0 </ci>
            </apply>
          </math>
                </kineticLaw>
      </reaction>
      <reaction id="r13" name="r13" reversible="true">
        <notes>
          <body xmlns="http://www.w3.org/1999/xhtml">
     <p>MD Pato et al. Biochem J 1993
averaged from caldesmon and calponin
changed .00364 to .0364</p>
  </body>
        </notes>
        <listOfReactants>
          <speciesReference constant="true" id="r13_p115_actr" species="p115_act" stoichiometry="1"/>
        </listOfReactants>
        <listOfProducts>
          <speciesReference constant="true" id="r13_p115_inactp" species="p115_inact" stoichiometry="1"/>
        </listOfProducts>
        <listOfModifiers>
          <modifierSpeciesReference species="phosphatase"/>
        </listOfModifiers>
        <kineticLaw>
          <math xmlns="http://www.w3.org/1998/Math/MathML">          
            <apply>
              <times/>
              <apply>
                <divide/>
                <apply>
                  <times/>
                  <ci> Vmax_r13 </ci>
                  <ci> p115_act </ci>
                </apply>
                <apply>
                  <plus/>
                  <ci> Km_r13 </ci>
                  <ci> p115_act </ci>
                </apply>
              </apply>
              <ci> c0 </ci>
            </apply>
          </math>
                </kineticLaw>
      </reaction>
      <reaction id="r12" name="r12" reversible="true">
        <notes>
          <body xmlns="http://www.w3.org/1999/xhtml">
     <p>averaged from p50GAP and p190GAP kinetic parameters
R Li et al. JBC 1997</p>
  </body>
        </notes>
        <listOfReactants>
          <speciesReference constant="true" id="r12_RhoA_actr" species="RhoA_act" stoichiometry="1"/>
        </listOfReactants>
        <listOfProducts>
          <speciesReference constant="true" id="r12_RhoA_inactp" species="RhoA_inact" stoichiometry="1"/>
        </listOfProducts>
        <listOfModifiers>
          <modifierSpeciesReference species="GAP_act"/>
        </listOfModifiers>
        <kineticLaw>
          <math xmlns="http://www.w3.org/1998/Math/MathML">          
            <apply>
              <times/>
              <apply>
                <divide/>
                <apply>
                  <times/>
                  <ci> Vmax_r12 </ci>
                  <ci> RhoA_act </ci>
                </apply>
                <apply>
                  <plus/>
                  <ci> Km_r12 </ci>
                  <ci> RhoA_act </ci>
                </apply>
              </apply>
              <ci> c0 </ci>
            </apply>
          </math>
                </kineticLaw>
      </reaction>
      <reaction id="r14" name="r14" reversible="true">
        <notes>
          <body xmlns="http://www.w3.org/1999/xhtml">
     <p>MR Maurya and S Subramanian Biophys J 2007</p>
  </body>
        </notes>
        <listOfReactants>
          <speciesReference constant="true" id="r14_Ca_cytor" species="Ca_cyto" stoichiometry="1"/>
        </listOfReactants>
        <listOfProducts>
          <speciesReference constant="true" id="r14_Ca_mitop" species="Ca_mito" stoichiometry="1"/>
        </listOfProducts>
        <kineticLaw>
          <math xmlns="http://www.w3.org/1998/Math/MathML">          
            <apply>
              <times/>
              <apply>
                <minus/>
                <apply>
                  <times/>
                  <ci> Kf_r14 </ci>
                  <ci> Ca_cyto </ci>
                </apply>
                <apply>
                  <times/>
                  <ci> Kr_r14 </ci>
                  <ci> Ca_mito </ci>
                </apply>
              </apply>
              <ci> c0 </ci>
            </apply>
          </math>
                </kineticLaw>
      </reaction>
      <reaction id="r15" name="r15" reversible="true">
        <notes>
          <body xmlns="http://www.w3.org/1999/xhtml">
     <p>MR Maurya and S Subramanian Biophys J 2007
averaged from PMCA and NCX</p>
  </body>
        </notes>
        <listOfReactants>
          <speciesReference constant="true" id="r15_Ca_cytor" species="Ca_cyto" stoichiometry="1"/>
        </listOfReactants>
        <listOfProducts>
          <speciesReference constant="true" id="r15_Ca_Exp" species="Ca_Ex" stoichiometry="1"/>
        </listOfProducts>
        <listOfModifiers>
          <modifierSpeciesReference species="Expumps_out"/>
        </listOfModifiers>
        <kineticLaw>
          <math xmlns="http://www.w3.org/1998/Math/MathML">          
            <apply>
              <times/>
              <apply>
                <divide/>
                <apply>
                  <times/>
                  <ci> Vmax_r15 </ci>
                  <ci> Ca_cyto </ci>
                </apply>
                <apply>
                  <plus/>
                  <ci> Km_r15 </ci>
                  <ci> Ca_cyto </ci>
                </apply>
              </apply>
              <ci> c0 </ci>
            </apply>
          </math>
                </kineticLaw>
      </reaction>
      <reaction id="r16" name="r16" reversible="true">
        <notes>
          <body xmlns="http://www.w3.org/1999/xhtml">
     <p>MR Maurya and S Subramanian Biophys J 2007</p>
  </body>
        </notes>
        <listOfReactants>
          <speciesReference constant="true" id="r16_Ca_ERr" species="Ca_ER" stoichiometry="1"/>
        </listOfReactants>
        <kineticLaw>
          <math xmlns="http://www.w3.org/1998/Math/MathML">          
            <apply>
              <times/>
              <apply>
                <times/>
                <ci> Kf_r16 </ci>
                <ci> Ca_ER </ci>
              </apply>
              <ci> c0 </ci>
            </apply>
          </math>
                  <listOfLocalParameters>
            <localParameter id="Kr" units="umol_l_1_s_1" value="0"/>
          </listOfLocalParameters>
        </kineticLaw>
      </reaction>
      <reaction id="r7" name="r7" reversible="true">
        <notes>
          <body xmlns="http://www.w3.org/1999/xhtml">
     <p>BH Kim et al. PLoS One 2013</p>
  </body>
        </notes>
        <listOfReactants>
          <speciesReference constant="true" id="r7_Ca_cytor" species="Ca_cyto" stoichiometry="1"/>
          <speciesReference constant="true" id="r7_PKC_inactr" species="PKC_inact" stoichiometry="1"/>
        </listOfReactants>
        <listOfProducts>
          <speciesReference constant="true" id="r7_PKC_Cap" species="PKC_Ca" stoichiometry="1"/>
        </listOfProducts>
        <kineticLaw>
          <math xmlns="http://www.w3.org/1998/Math/MathML">          
            <apply>
              <times/>
              <apply>
                <minus/>
                <apply>
                  <times/>
                  <apply>
                    <times/>
                    <ci> Kf_r7 </ci>
                    <ci> Ca_cyto </ci>
                  </apply>
                  <ci> PKC_inact </ci>
                </apply>
                <apply>
                  <times/>
                  <ci> Kr_r7 </ci>
                  <ci> PKC_Ca </ci>
                </apply>
              </apply>
              <ci> c0 </ci>
            </apply>
          </math>
                </kineticLaw>
      </reaction>
      <reaction id="r20" name="r20" reversible="true">
        <notes>
          <body xmlns="http://www.w3.org/1999/xhtml">
     <p>BH Kim et al. PLoS One 2013</p>
  </body>
        </notes>
        <listOfReactants>
          <speciesReference constant="true" id="r20_DAGr" species="DAG" stoichiometry="1"/>
          <speciesReference constant="true" id="r20_PKC_Car" species="PKC_Ca" stoichiometry="1"/>
        </listOfReactants>
        <listOfProducts>
          <speciesReference constant="true" id="r20_PKC_actp" species="PKC_act" stoichiometry="1"/>
        </listOfProducts>
        <kineticLaw>
          <math xmlns="http://www.w3.org/1998/Math/MathML">          
            <apply>
              <times/>
              <apply>
                <minus/>
                <apply>
                  <times/>
                  <apply>
                    <times/>
                    <ci> Kf_r20 </ci>
                    <ci> DAG </ci>
                  </apply>
                  <ci> PKC_Ca </ci>
                </apply>
                <apply>
                  <times/>
                  <ci> Kr_r20 </ci>
                  <ci> PKC_act </ci>
                </apply>
              </apply>
              <ci> c0 </ci>
            </apply>
          </math>
                </kineticLaw>
      </reaction>
      <reaction id="r17" name="r17" reversible="true">
        <notes>
          <body xmlns="http://www.w3.org/1999/xhtml">
     <p>BH Kim et al. PLoS One 2013</p>
  </body>
        </notes>
        <listOfReactants>
          <speciesReference constant="true" id="r17_Gaq_actr" species="Gaq_act" stoichiometry="1"/>
        </listOfReactants>
        <listOfProducts>
          <speciesReference constant="true" id="r17_Gaq_inactp" species="Gaq_inact" stoichiometry="1"/>
        </listOfProducts>
        <listOfModifiers>
          <modifierSpeciesReference species="PLC_act"/>
        </listOfModifiers>
        <kineticLaw>
          <math xmlns="http://www.w3.org/1998/Math/MathML">          
            <apply>
              <times/>
              <apply>
                <minus/>
                <apply>
                  <times/>
                  <ci> Kf_r17 </ci>
                  <ci> Gaq_act </ci>
                </apply>
                <apply>
                  <times/>
                  <ci> Kr_r17 </ci>
                  <ci> Gaq_inact </ci>
                </apply>
              </apply>
              <ci> c0 </ci>
            </apply>
          </math>
                </kineticLaw>
      </reaction>
      <reaction id="r21" name="r21" reversible="true">
        <notes>
          <body xmlns="http://www.w3.org/1999/xhtml">
     <p>MR Maurya and S Subramanian Biophys J 2007
looking at NCX</p>
  </body>
        </notes>
        <listOfReactants>
          <speciesReference constant="true" id="r21_Ca_Exr" species="Ca_Ex" stoichiometry="1"/>
        </listOfReactants>
        <listOfProducts>
          <speciesReference constant="true" id="r21_Ca_cytop" species="Ca_cyto" stoichiometry="1"/>
        </listOfProducts>
        <listOfModifiers>
          <modifierSpeciesReference species="Expumps_in"/>
        </listOfModifiers>
        <kineticLaw>
          <math xmlns="http://www.w3.org/1998/Math/MathML">          
            <apply>
              <times/>
              <apply>
                <divide/>
                <apply>
                  <times/>
                  <ci> Vmax_r21 </ci>
                  <ci> Ca_Ex </ci>
                </apply>
                <apply>
                  <plus/>
                  <ci> Km_r21 </ci>
                  <ci> Ca_Ex </ci>
                </apply>
              </apply>
              <ci> c0 </ci>
            </apply>
          </math>
                </kineticLaw>
      </reaction>
      <reaction id="r23" name="r23" reversible="true">
        <listOfReactants>
          <speciesReference constant="true" id="r23_Expumps_inr" species="Expumps_in" stoichiometry="1"/>
          <speciesReference constant="true" id="r23_Ca_cytor" species="Ca_cyto" stoichiometry="1"/>
        </listOfReactants>
        <listOfProducts>
          <speciesReference constant="true" id="r23_Expumps_outp" species="Expumps_out" stoichiometry="1"/>
        </listOfProducts>
        <kineticLaw>
          <math xmlns="http://www.w3.org/1998/Math/MathML">          
            <apply>
              <times/>
              <apply>
                <minus/>
                <apply>
                  <times/>
                  <apply>
                    <times/>
                    <ci> Kf_r23 </ci>
                    <ci> Expumps_in </ci>
                  </apply>
                  <ci> Ca_cyto </ci>
                </apply>
                <apply>
                  <times/>
                  <ci> Kr_r23 </ci>
                  <ci> Expumps_out </ci>
                </apply>
              </apply>
              <ci> c0 </ci>
            </apply>
          </math>
                </kineticLaw>
      </reaction>
      <reaction id="r24" name="r24" reversible="true">
        <listOfReactants>
          <speciesReference constant="true" id="r24_Ca_Exr" species="Ca_Ex" stoichiometry="1"/>
          <speciesReference constant="true" id="r24_Expumps_outr" species="Expumps_out" stoichiometry="1"/>
        </listOfReactants>
        <listOfProducts>
          <speciesReference constant="true" id="r24_Expumps_inp" species="Expumps_in" stoichiometry="1"/>
        </listOfProducts>
        <kineticLaw>
          <math xmlns="http://www.w3.org/1998/Math/MathML">          
            <apply>
              <times/>
              <apply>
                <minus/>
                <apply>
                  <times/>
                  <apply>
                    <times/>
                    <ci> Kf_r24 </ci>
                    <ci> Ca_Ex </ci>
                  </apply>
                  <ci> Expumps_out </ci>
                </apply>
                <apply>
                  <times/>
                  <ci> Kr_r24 </ci>
                  <ci> Expumps_in </ci>
                </apply>
              </apply>
              <ci> c0 </ci>
            </apply>
          </math>
                </kineticLaw>
      </reaction>
      <reaction id="r22" name="r22" reversible="true">
        <notes>
          <body xmlns="http://www.w3.org/1999/xhtml">
     <p>MR Maurya and S Subramanian Biophys J 2007
Ca ER leak</p>
  </body>
        </notes>
        <listOfReactants>
          <speciesReference constant="true" id="r22_Ca_ERr" species="Ca_ER" stoichiometry="1"/>
        </listOfReactants>
        <listOfProducts>
          <speciesReference constant="true" id="r22_Ca_cytop" species="Ca_cyto" stoichiometry="1"/>
        </listOfProducts>
        <kineticLaw>
          <math xmlns="http://www.w3.org/1998/Math/MathML">          
            <apply>
              <times/>
              <apply>
                <minus/>
                <apply>
                  <times/>
                  <ci> Kf_r22 </ci>
                  <ci> Ca_ER </ci>
                </apply>
                <apply>
                  <times/>
                  <ci> Kr_r22 </ci>
                  <ci> Ca_cyto </ci>
                </apply>
              </apply>
              <ci> c0 </ci>
            </apply>
          </math>
                </kineticLaw>
      </reaction>
      <reaction id="r26" name="r26" reversible="true">
        <listOfReactants>
          <speciesReference constant="true" id="r26_Pyrilaminer" species="Pyrilamine" stoichiometry="1"/>
          <speciesReference constant="true" id="r26_H1HR_actr" species="H1HR_act" stoichiometry="1"/>
        </listOfReactants>
        <listOfProducts>
          <speciesReference constant="true" id="r26_H1HR_inactp" species="H1HR_inact" stoichiometry="1"/>
        </listOfProducts>
        <kineticLaw>
          <math xmlns="http://www.w3.org/1998/Math/MathML">          
            <apply>
              <times/>
              <apply>
                <minus/>
                <apply>
                  <times/>
                  <apply>
                    <times/>
                    <ci> Kf_r26 </ci>
                    <ci> Pyrilamine </ci>
                  </apply>
                  <ci> H1HR_act </ci>
                </apply>
                <apply>
                  <times/>
                  <ci> Kr_r26 </ci>
                  <ci> H1HR_inact </ci>
                </apply>
              </apply>
              <ci> c0 </ci>
            </apply>
          </math>
                </kineticLaw>
      </reaction>
      <reaction id="r27" name="r27" reversible="true">
        <listOfReactants>
          <speciesReference constant="true" id="r27_PKC_actr" species="PKC_act" stoichiometry="1"/>
        </listOfReactants>
        <listOfProducts>
          <speciesReference constant="true" id="r27_PKC_act_translocatep" species="PKC_act_translocate" stoichiometry="1"/>
        </listOfProducts>
        <kineticLaw>
          <math xmlns="http://www.w3.org/1998/Math/MathML">          
            <apply>
              <times/>
              <apply>
                <minus/>
                <apply>
                  <times/>
                  <ci> Kf_r27 </ci>
                  <ci> PKC_act </ci>
                </apply>
                <apply>
                  <times/>
                  <ci> Kr_r27 </ci>
                  <ci> PKC_act_translocate </ci>
                </apply>
              </apply>
              <ci> c0 </ci>
            </apply>
          </math>
                </kineticLaw>
      </reaction>
      <reaction id="r28" name="r28" reversible="true">
        <listOfReactants>
          <speciesReference constant="true" id="r28_GDI_inactr" species="GDI_inact" stoichiometry="1"/>
        </listOfReactants>
        <listOfProducts>
          <speciesReference constant="true" id="r28_GDI_actp" species="GDI_act" stoichiometry="1"/>
        </listOfProducts>
        <listOfModifiers>
          <modifierSpeciesReference species="phosphatase"/>
        </listOfModifiers>
        <kineticLaw>
          <math xmlns="http://www.w3.org/1998/Math/MathML">          
            <apply>
              <times/>
              <apply>
                <divide/>
                <apply>
                  <times/>
                  <ci> Vmax_r28 </ci>
                  <ci> GDI_inact </ci>
                </apply>
                <apply>
                  <plus/>
                  <ci> Km_r28 </ci>
                  <ci> GDI_inact </ci>
                </apply>
              </apply>
              <ci> c0 </ci>
            </apply>
          </math>
                </kineticLaw>
      </reaction>
      <reaction id="r30" name="r30" reversible="true">
        <listOfReactants>
          <speciesReference constant="true" id="r30_GDI_actr" species="GDI_act" stoichiometry="1"/>
        </listOfReactants>
        <listOfProducts>
          <speciesReference constant="true" id="r30_GDI_inactp" species="GDI_inact" stoichiometry="1"/>
        </listOfProducts>
        <listOfModifiers>
          <modifierSpeciesReference species="PKC_act_translocate"/>
        </listOfModifiers>
        <kineticLaw>
          <math xmlns="http://www.w3.org/1998/Math/MathML">          
            <apply>
              <times/>
              <apply>
                <divide/>
                <apply>
                  <times/>
                  <ci> Vmax_r30 </ci>
                  <ci> GDI_act </ci>
                </apply>
                <apply>
                  <plus/>
                  <ci> Km_r30 </ci>
                  <ci> GDI_act </ci>
                </apply>
              </apply>
              <ci> c0 </ci>
            </apply>
          </math>
                </kineticLaw>
      </reaction>
      <reaction id="r25" name="r25" reversible="true">
        <listOfReactants>
          <speciesReference constant="true" id="r25_GAP_inactr" species="GAP_inact" stoichiometry="1"/>
        </listOfReactants>
        <listOfProducts>
          <speciesReference constant="true" id="r25_GAP_actp" species="GAP_act" stoichiometry="1"/>
        </listOfProducts>
        <listOfModifiers>
          <modifierSpeciesReference species="phosphatase"/>
        </listOfModifiers>
        <kineticLaw>
          <math xmlns="http://www.w3.org/1998/Math/MathML">          
            <apply>
              <times/>
              <apply>
                <divide/>
                <apply>
                  <times/>
                  <ci> Vmax_r25 </ci>
                  <ci> GAP_inact </ci>
                </apply>
                <apply>
                  <plus/>
                  <ci> Km_r25 </ci>
                  <ci> GAP_inact </ci>
                </apply>
              </apply>
              <ci> c0 </ci>
            </apply>
          </math>
                </kineticLaw>
      </reaction>
      <reaction id="r29" name="r29" reversible="true">
        <listOfReactants>
          <speciesReference constant="true" id="r29_GAP_actr" species="GAP_act" stoichiometry="1"/>
        </listOfReactants>
        <listOfProducts>
          <speciesReference constant="true" id="r29_GAP_inactp" species="GAP_inact" stoichiometry="1"/>
        </listOfProducts>
        <listOfModifiers>
          <modifierSpeciesReference species="PKC_act_translocate"/>
        </listOfModifiers>
        <kineticLaw>
          <math xmlns="http://www.w3.org/1998/Math/MathML">          
            <apply>
              <times/>
              <apply>
                <divide/>
                <apply>
                  <times/>
                  <ci> Vmax_r29 </ci>
                  <ci> GAP_act </ci>
                </apply>
                <apply>
                  <plus/>
                  <ci> Km_r29 </ci>
                  <ci> GAP_act </ci>
                </apply>
              </apply>
              <ci> c0 </ci>
            </apply>
          </math>
                </kineticLaw>
      </reaction>
      <reaction id="r31" name="r31" reversible="true">
        <listOfReactants>
          <speciesReference constant="true" id="r31_RhoA_actr" species="RhoA_act" stoichiometry="1"/>
        </listOfReactants>
        <listOfProducts>
          <speciesReference constant="true" id="r31_RhoA_inactp" species="RhoA_inact" stoichiometry="1"/>
        </listOfProducts>
        <listOfModifiers>
          <modifierSpeciesReference species="GDI_act"/>
        </listOfModifiers>
        <kineticLaw>
          <math xmlns="http://www.w3.org/1998/Math/MathML">          
            <apply>
              <times/>
              <apply>
                <divide/>
                <apply>
                  <times/>
                  <ci> Vmax_r31 </ci>
                  <ci> RhoA_act </ci>
                </apply>
                <apply>
                  <plus/>
                  <ci> Km_r31 </ci>
                  <ci> RhoA_act </ci>
                </apply>
              </apply>
              <ci> c0 </ci>
            </apply>
          </math>
                </kineticLaw>
      </reaction>
      <reaction id="r18" name="r18" reversible="true">
        <listOfReactants>
          <speciesReference constant="true" id="r18_DAGr" species="DAG" stoichiometry="1"/>
        </listOfReactants>
        <listOfProducts>
          <speciesReference constant="true" id="r18_DAG_degp" species="DAG_deg" stoichiometry="1"/>
        </listOfProducts>
        <kineticLaw>
          <math xmlns="http://www.w3.org/1998/Math/MathML">          
            <apply>
              <times/>
              <apply>
                <minus/>
                <apply>
                  <times/>
                  <ci> Kf_r18 </ci>
                  <ci> DAG </ci>
                </apply>
                <apply>
                  <times/>
                  <ci> Kr_r18 </ci>
                  <ci> DAG_deg </ci>
                </apply>
              </apply>
              <ci> c0 </ci>
            </apply>
          </math>
                </kineticLaw>
      </reaction>
    </listOfReactions>
    <listOfEvents>
      <event id="event0" useValuesFromTriggerTime="true">
        <trigger initialValue="false" persistent="true">
          <math xmlns="http://www.w3.org/1998/Math/MathML">          
            <apply>
              <geq/>
              <csymbol encoding="text" definitionURL="http://www.sbml.org/sbml/symbols/time"> t </csymbol>
              <cn> 1200 </cn>
            </apply>
          </math>
                </trigger>
        <listOfEventAssignments>
          <eventAssignment variable="Pyrilamine">
            <math xmlns="http://www.w3.org/1998/Math/MathML">            
              <cn> 100 </cn>
            </math>
                    </eventAssignment>
        </listOfEventAssignments>
      </event>
    </listOfEvents>
  </model>
</sbml>