[{"file": "calcium_gillespie.py"}, {"file": "ip3r_model_mesh_gcamp.py"}, {"file": "utils.h"}, {"file": "cl1000.map"}, {"file": "ip3r_model_mesh_gcamp.pyc"}, {"file": "params.h"}, {"file": "clist.h"}, {"file": "report.csv"}, {"file": "pcbi.1006795.g005.jpg"}, {"file": "makefile"}, {"file": "3d_gcamp.py"}, {"file": "pcbi.1006795.g004.jpg"}, {"file": "cell.h"}, {"file": "pcbi.1006795.g006.jpg"}, {"file": "part.c"}, {"file": "pcbi.1006795.g007.jpg"}, {"file": "receptor.c"}, {"file": "pcbi.1006795.g003.jpg"}, {"file": "IP3R_model.sedml"}, {"file": "pcbi.1006795.g002.jpg"}, {"file": "pcbi.1006795.g001.jpg"}, {"file": "README"}, {"file": "d4s_spont.c"}, {"file": "utils.c"}, {"file": "astrocyte.inp"}, {"file": "clist.c"}, {"file": "part.h"}, {"file": "gillespie_functions.py"}, {"file": "cell.c"}, {"file": "3d_gcamp_visual.py"}, {"file": "receptor.h"}]