<?xml version="1.0" encoding="UTF-8"?>
<sbml xmlns="http://www.sbml.org/sbml/level2/version4" level="2" version="4">
  <model metaid="COPASI0" id="Kwang2003___The_influence_of_RKIP_on_the_ERK_signaling_pathway" name="Kwang2003 - The influence of RKIP on the ERK signaling pathway">
    <notes>
      <body xmlns="http://www.w3.org/1999/xhtml">
        <div class="dc:title">Kwang2003 - The influence of RKIP on the ERK
signaling pathway</div>
        <div class="dc:bibliographicCitation">
          <p>This model is described in the article:</p>
          <div class="bibo:title">
            <a href="http://identifiers.org/doi/10.1007/3-540-36481-1_11" title="Access to this publication">Mathematical Modeling of the
    Influence of RKIP on the ERK Signaling Pathway</a>
          </div>
          <div class="bibo:authorList">Kwang-Hyun Cho, Sung-Young Shin,
  Hyun-Woo Kim, Olaf Wolkenhauer, Brian McFerran and Walter
  Kolch</div>
          <div class="bibo:Journal">Computational Methods in Systems
  Biology: First International Workshop, CMSB 2003 Rovereto, Italy,
  February 24â??26, 2003 Proceedings</div>
          <p>Abstract:</p>
          <div class="bibo:abstract">
            <p>This paper investigates the influence of the Raf Kinase
    Inhibitor Pro- tein (RKIP) on the Extracellular signal
    Regulated Kinase (ERK) signaling pathway through mathematical
    modeling and simulation. Using nonlinear ordi- nary
    differential equations to represent biochemical reactions in
    the pathway, we suggest a technique for parameter estimation,
    utilizing time series data of proteins involved in the
    signaling pathway. The mathematical model allows the simulation
    the sensitivity of the ERK pathway to variations of initial
    RKIP and ERK-PP (phosphorylated ERK) concentrations along with
    time. Throughout the simulation study, we can qualitatively
    validate the proposed mathematical model compared with
    experimental results.</p>
          </div>
        </div>
        <div class="dc:publisher">
          <p>This model is hosted on 
  <a href="http://www.ebi.ac.uk/biomodels/">BioModels Database</a>
  and identified by: 
  <a href="http://identifiers.org/biomodels.db/BIOMD0000000647">BIOMD0000000647</a>.</p>
          <p>To cite BioModels Database, please use: 
  <a href="http://identifiers.org/pubmed/25414348" target="_blank">Chelliah V et al. BioModels: ten-year
  anniversary. Nucl. Acids Res. 2015, 43(Database
  issue):D542-8</a>.</p>
        </div>
        <div class="dc:license">
          <p>To the extent possible under law, all copyright and related or
  neighbouring rights to this encoded model have been dedicated to
  the public domain worldwide. Please refer to 
  <a href="http://creativecommons.org/publicdomain/zero/1.0/" title="Access to: CC0 1.0 Universal (CC0 1.0), Public Domain Dedication">CC0
  Public Domain Dedication</a> for more information.</p>
        </div>
      </body>
    </notes>
    <annotation>
      <rdf:RDF xmlns:rdf="http://www.w3.org/1999/02/22-rdf-syntax-ns#" xmlns:dc="http://purl.org/dc/elements/1.1/" xmlns:dcterms="http://purl.org/dc/terms/" xmlns:vCard="http://www.w3.org/2001/vcard-rdf/3.0#" xmlns:bqbiol="http://biomodels.net/biology-qualifiers/" xmlns:bqmodel="http://biomodels.net/model-qualifiers/">
        <rdf:Description rdf:about="#COPASI0">
          <dc:creator>
            <rdf:Bag>
              <rdf:li rdf:parseType="Resource">
                <vCard:N rdf:parseType="Resource">
                  <vCard:Family>Roberts</vCard:Family>
                  <vCard:Given>Matthew Grant</vCard:Given>
                </vCard:N>
                <vCard:EMAIL>mroberts@ebi.ac.uk</vCard:EMAIL>
                <vCard:ORG rdf:parseType="Resource">
                  <vCard:Orgname>EMBL-EBI</vCard:Orgname>
                </vCard:ORG>
              </rdf:li>
              <rdf:li rdf:parseType="Resource">
                <vCard:N rdf:parseType="Resource">
                  <vCard:Family>Kothamachu</vCard:Family>
                  <vCard:Given>Varun</vCard:Given>
                </vCard:N>
                <vCard:EMAIL>kothamav@babraham.ac.uk</vCard:EMAIL>
                <vCard:ORG rdf:parseType="Resource">
                  <vCard:Orgname>Babraham Institute</vCard:Orgname>
                </vCard:ORG>
              </rdf:li>
              <rdf:li rdf:parseType="Resource">
                <vCard:N rdf:parseType="Resource">
                  <vCard:Family>Fairbanks</vCard:Family>
                  <vCard:Given>Emma Louise</vCard:Given>
                </vCard:N>
                <vCard:EMAIL>efairbanks@ebi.ac.uk</vCard:EMAIL>
                <vCard:ORG rdf:parseType="Resource">
                  <vCard:Orgname>EMBL-EBI</vCard:Orgname>
                </vCard:ORG>
              </rdf:li>
            </rdf:Bag>
          </dc:creator>
          <dcterms:created rdf:parseType="Resource">
            <dcterms:W3CDTF>2017-06-20T12:07:13Z</dcterms:W3CDTF>
          </dcterms:created>
          <dcterms:modified rdf:parseType="Resource">
            <dcterms:W3CDTF>2017-10-26T15:22:33Z</dcterms:W3CDTF>
          </dcterms:modified>
          <bqbiol:hasPart>
            <rdf:Bag>
              <rdf:li rdf:resource="http://identifiers.org/kegg.pathway/map04010"/>
            </rdf:Bag>
          </bqbiol:hasPart>
          <bqmodel:is>
            <rdf:Bag>
              <rdf:li rdf:resource="http://identifiers.org/biomodels.db/MODEL1708250000"/>
            </rdf:Bag>
          </bqmodel:is>
          <bqmodel:is>
            <rdf:Bag>
              <rdf:li rdf:resource="http://identifiers.org/biomodels.db/BIOMD0000000647"/>
            </rdf:Bag>
          </bqmodel:is>
          <bqbiol:hasProperty>
            <rdf:Bag>
              <rdf:li rdf:resource="http://identifiers.org/go/GO:0070372"/>
            </rdf:Bag>
          </bqbiol:hasProperty>
          <bqbiol:hasProperty>
            <rdf:Bag>
              <rdf:li rdf:resource="http://identifiers.org/mamo/MAMO_0000046"/>
            </rdf:Bag>
          </bqbiol:hasProperty>
          <bqmodel:isDescribedBy>
            <rdf:Bag>
              <rdf:li rdf:resource="http://identifiers.org/doi/10.1007/3-540-36481-1_11"/>
            </rdf:Bag>
          </bqmodel:isDescribedBy>
        </rdf:Description>
      </rdf:RDF>
      <COPASI xmlns="http://www.copasi.org/static/sbml">
        <rdf:RDF xmlns:CopasiMT="http://www.copasi.org/RDF/MiriamTerms#" xmlns:bqbiol="http://biomodels.net/biology-qualifiers/" xmlns:dcterms="http://purl.org/dc/terms/" xmlns:rdf="http://www.w3.org/1999/02/22-rdf-syntax-ns#" xmlns:vCard="http://www.w3.org/2001/vcard-rdf/3.0#">
          <rdf:Description rdf:about="#COPASI0">
            <bqbiol:hasProperty rdf:resource="urn:miriam:go:GO:0070372"/>
            <bqbiol:hasProperty rdf:resource="urn:miriam:mamo:MAMO_0000046"/>
            <dcterms:bibliographicCitation>
              <rdf:Bag>
                <rdf:li>
                  <rdf:Description>
                    <CopasiMT:isDescribedBy rdf:resource="http://identifiers.org/doi/10.1007/3-540-36481-1_11"/>
                  </rdf:Description>
                </rdf:li>
              </rdf:Bag>
            </dcterms:bibliographicCitation>
            <dcterms:created>
              <rdf:Description>
                <dcterms:W3CDTF>2017-06-20T12:07:13Z</dcterms:W3CDTF>
              </rdf:Description>
            </dcterms:created>
            <dcterms:creator>
              <rdf:Description>
                <vCard:EMAIL>mroberts@ebi.ac.uk</vCard:EMAIL>
                <vCard:N>
                  <rdf:Description>
                    <vCard:Family>Roberts</vCard:Family>
                    <vCard:Given>Matthew Grant</vCard:Given>
                  </rdf:Description>
                </vCard:N>
                <vCard:ORG>
                  <rdf:Description>
                    <vCard:Orgname>EMBL-EBI</vCard:Orgname>
                  </rdf:Description>
                </vCard:ORG>
              </rdf:Description>
            </dcterms:creator>
            <dcterms:creator>
              <rdf:Bag>
                <rdf:li>
                  <rdf:Description>
                    <vCard:EMAIL>kothamav@babraham.ac.uk</vCard:EMAIL>
                    <vCard:N>
                      <rdf:Description>
                        <vCard:Family>Kothamachu</vCard:Family>
                        <vCard:Given>Varun</vCard:Given>
                      </rdf:Description>
                    </vCard:N>
                    <vCard:ORG>
                      <rdf:Description>
                        <vCard:Orgname>Babraham Institute</vCard:Orgname>
                      </rdf:Description>
                    </vCard:ORG>
                  </rdf:Description>
                </rdf:li>
                <rdf:li>
                  <rdf:Description>
                    <vCard:EMAIL>efairbanks@ebi.ac.uk</vCard:EMAIL>
                    <vCard:N>
                      <rdf:Description>
                        <vCard:Family>Fairbanks</vCard:Family>
                        <vCard:Given>Emma Louise</vCard:Given>
                      </rdf:Description>
                    </vCard:N>
                    <vCard:ORG>
                      <rdf:Description>
                        <vCard:Orgname>EMBL-EBI</vCard:Orgname>
                      </rdf:Description>
                    </vCard:ORG>
                  </rdf:Description>
                </rdf:li>
              </rdf:Bag>
            </dcterms:creator>
            <dcterms:modified>
              <rdf:Description>
                <dcterms:W3CDTF>2017-10-26T15:22:33Z</dcterms:W3CDTF>
              </rdf:Description>
            </dcterms:modified>
            <CopasiMT:hasPart rdf:resource="urn:miriam:kegg.pathway:map04010"/>
            <CopasiMT:is>
              <rdf:Bag>
                <rdf:li rdf:resource="http://identifiers.org/biomodels.db/MODEL1708250000"/>
              </rdf:Bag>
            </CopasiMT:is>
            <CopasiMT:is>
              <rdf:Bag>
                <rdf:li rdf:resource="http://identifiers.org/biomodels.db/BIOMD0000000647"/>
              </rdf:Bag>
            </CopasiMT:is>
          </rdf:Description>
        </rdf:RDF>
      </COPASI>
    </annotation>
    <listOfUnitDefinitions>
      <unitDefinition id="substance" name="substance">
        <listOfUnits>
          <unit kind="mole" exponent="1" scale="-6" multiplier="1"/>
        </listOfUnits>
      </unitDefinition>
    </listOfUnitDefinitions>
    <listOfCompartments>
      <compartment metaid="COPASI1" id="cytoplasm" name="cytoplasm" spatialDimensions="3" size="1" constant="true">
        <annotation>
          <COPASI xmlns="http://www.copasi.org/static/sbml">
            <rdf:RDF xmlns:dcterms="http://purl.org/dc/terms/" xmlns:rdf="http://www.w3.org/1999/02/22-rdf-syntax-ns#">
              <rdf:Description rdf:about="#COPASI1">
                <dcterms:created>
                  <rdf:Description>
                    <dcterms:W3CDTF>2018-01-26T16:40:40Z</dcterms:W3CDTF>
                  </rdf:Description>
                </dcterms:created>
              </rdf:Description>
            </rdf:RDF>
          </COPASI>
        </annotation>
      </compartment>
    </listOfCompartments>
    <listOfSpecies>
      <species metaid="COPASI2" id="Raf1" name="Raf1" compartment="cytoplasm" initialConcentration="2" boundaryCondition="false" constant="false">
        <annotation>
          <rdf:RDF xmlns:rdf="http://www.w3.org/1999/02/22-rdf-syntax-ns#" xmlns:dc="http://purl.org/dc/elements/1.1/" xmlns:dcterms="http://purl.org/dc/terms/" xmlns:vCard="http://www.w3.org/2001/vcard-rdf/3.0#" xmlns:bqbiol="http://biomodels.net/biology-qualifiers/" xmlns:bqmodel="http://biomodels.net/model-qualifiers/">
            <rdf:Description rdf:about="#COPASI2">
              <bqbiol:isVersionOf>
                <rdf:Bag>
                  <rdf:li rdf:resource="http://identifiers.org/uniprot/P04049"/>
                </rdf:Bag>
              </bqbiol:isVersionOf>
            </rdf:Description>
          </rdf:RDF>
          <COPASI xmlns="http://www.copasi.org/static/sbml">
            <rdf:RDF xmlns:CopasiMT="http://www.copasi.org/RDF/MiriamTerms#" xmlns:dcterms="http://purl.org/dc/terms/" xmlns:rdf="http://www.w3.org/1999/02/22-rdf-syntax-ns#">
              <rdf:Description rdf:about="#COPASI2">
                <dcterms:created>
                  <rdf:Description>
                    <dcterms:W3CDTF>2018-01-26T17:08:18Z</dcterms:W3CDTF>
                  </rdf:Description>
                </dcterms:created>
                <CopasiMT:isVersionOf rdf:resource="urn:miriam:uniprot:P04049"/>
              </rdf:Description>
            </rdf:RDF>
          </COPASI>
        </annotation>
      </species>
      <species metaid="COPASI3" id="RKIP" name="RKIP" compartment="cytoplasm" initialConcentration="2.5" boundaryCondition="false" constant="false">
        <annotation>
          <rdf:RDF xmlns:rdf="http://www.w3.org/1999/02/22-rdf-syntax-ns#" xmlns:dc="http://purl.org/dc/elements/1.1/" xmlns:dcterms="http://purl.org/dc/terms/" xmlns:vCard="http://www.w3.org/2001/vcard-rdf/3.0#" xmlns:bqbiol="http://biomodels.net/biology-qualifiers/" xmlns:bqmodel="http://biomodels.net/model-qualifiers/">
            <rdf:Description rdf:about="#COPASI3">
              <bqbiol:isVersionOf>
                <rdf:Bag>
                  <rdf:li rdf:resource="http://identifiers.org/ncit/C2336"/>
                </rdf:Bag>
              </bqbiol:isVersionOf>
            </rdf:Description>
          </rdf:RDF>
          <COPASI xmlns="http://www.copasi.org/static/sbml">
            <rdf:RDF xmlns:CopasiMT="http://www.copasi.org/RDF/MiriamTerms#" xmlns:dcterms="http://purl.org/dc/terms/" xmlns:rdf="http://www.w3.org/1999/02/22-rdf-syntax-ns#">
              <rdf:Description rdf:about="#COPASI3">
                <dcterms:created>
                  <rdf:Description>
                    <dcterms:W3CDTF>2018-01-26T17:31:32Z</dcterms:W3CDTF>
                  </rdf:Description>
                </dcterms:created>
                <CopasiMT:isVersionOf rdf:resource="urn:miriam:ncit:C2336"/>
              </rdf:Description>
            </rdf:RDF>
          </COPASI>
        </annotation>
      </species>
      <species metaid="COPASI4" id="Raf1_RKIP" name="Raf1_RKIP" compartment="cytoplasm" initialConcentration="0" boundaryCondition="false" constant="false">
        <annotation>
          <rdf:RDF xmlns:rdf="http://www.w3.org/1999/02/22-rdf-syntax-ns#" xmlns:dc="http://purl.org/dc/elements/1.1/" xmlns:dcterms="http://purl.org/dc/terms/" xmlns:vCard="http://www.w3.org/2001/vcard-rdf/3.0#" xmlns:bqbiol="http://biomodels.net/biology-qualifiers/" xmlns:bqmodel="http://biomodels.net/model-qualifiers/">
            <rdf:Description rdf:about="#COPASI4">
              <bqbiol:hasPart>
                <rdf:Bag>
                  <rdf:li rdf:resource="http://identifiers.org/uniprot/P04049"/>
                </rdf:Bag>
              </bqbiol:hasPart>
              <bqbiol:hasPart>
                <rdf:Bag>
                  <rdf:li rdf:resource="http://identifiers.org/ncit/C2336"/>
                </rdf:Bag>
              </bqbiol:hasPart>
              <bqbiol:isVersionOf>
                <rdf:Bag>
                  <rdf:li rdf:resource="http://identifiers.org/go/GO:0043234"/>
                </rdf:Bag>
              </bqbiol:isVersionOf>
            </rdf:Description>
          </rdf:RDF>
          <COPASI xmlns="http://www.copasi.org/static/sbml">
            <rdf:RDF xmlns:CopasiMT="http://www.copasi.org/RDF/MiriamTerms#" xmlns:dcterms="http://purl.org/dc/terms/" xmlns:rdf="http://www.w3.org/1999/02/22-rdf-syntax-ns#">
              <rdf:Description rdf:about="#COPASI4">
                <dcterms:created>
                  <rdf:Description>
                    <dcterms:W3CDTF>2018-01-26T17:19:50Z</dcterms:W3CDTF>
                  </rdf:Description>
                </dcterms:created>
                <CopasiMT:hasPart rdf:resource="urn:miriam:ncit:C2336"/>
                <CopasiMT:hasPart rdf:resource="urn:miriam:uniprot:P04049"/>
                <CopasiMT:isVersionOf rdf:resource="urn:miriam:go:GO:0043234"/>
              </rdf:Description>
            </rdf:RDF>
          </COPASI>
        </annotation>
      </species>
      <species metaid="COPASI5" id="Raf1_RKIP_ERKPP" name="Raf1_RKIP_ERKPP" compartment="cytoplasm" initialConcentration="0" boundaryCondition="false" constant="false">
        <annotation>
          <rdf:RDF xmlns:rdf="http://www.w3.org/1999/02/22-rdf-syntax-ns#" xmlns:dc="http://purl.org/dc/elements/1.1/" xmlns:dcterms="http://purl.org/dc/terms/" xmlns:vCard="http://www.w3.org/2001/vcard-rdf/3.0#" xmlns:bqbiol="http://biomodels.net/biology-qualifiers/" xmlns:bqmodel="http://biomodels.net/model-qualifiers/">
            <rdf:Description rdf:about="#COPASI5">
              <bqbiol:hasPart>
                <rdf:Bag>
                  <rdf:li rdf:resource="http://identifiers.org/uniprot/P27361"/>
                </rdf:Bag>
              </bqbiol:hasPart>
              <bqbiol:hasPart>
                <rdf:Bag>
                  <rdf:li rdf:resource="http://identifiers.org/uniprot/P04049"/>
                </rdf:Bag>
              </bqbiol:hasPart>
              <bqbiol:hasPart>
                <rdf:Bag>
                  <rdf:li rdf:resource="http://identifiers.org/ncit/C2336"/>
                </rdf:Bag>
              </bqbiol:hasPart>
              <bqbiol:isVersionOf>
                <rdf:Bag>
                  <rdf:li rdf:resource="http://identifiers.org/go/GO:0043234"/>
                </rdf:Bag>
              </bqbiol:isVersionOf>
            </rdf:Description>
          </rdf:RDF>
          <COPASI xmlns="http://www.copasi.org/static/sbml">
            <rdf:RDF xmlns:CopasiMT="http://www.copasi.org/RDF/MiriamTerms#" xmlns:dcterms="http://purl.org/dc/terms/" xmlns:rdf="http://www.w3.org/1999/02/22-rdf-syntax-ns#">
              <rdf:Description rdf:about="#COPASI5">
                <dcterms:created>
                  <rdf:Description>
                    <dcterms:W3CDTF>2018-01-26T17:30:25Z</dcterms:W3CDTF>
                  </rdf:Description>
                </dcterms:created>
                <CopasiMT:hasPart rdf:resource="urn:miriam:ncit:C2336"/>
                <CopasiMT:hasPart rdf:resource="urn:miriam:uniprot:P04049"/>
                <CopasiMT:hasPart rdf:resource="urn:miriam:uniprot:P27361"/>
                <CopasiMT:isVersionOf rdf:resource="urn:miriam:go:GO:0043234"/>
              </rdf:Description>
            </rdf:RDF>
          </COPASI>
        </annotation>
      </species>
      <species metaid="COPASI6" id="ERK" name="ERK" compartment="cytoplasm" initialConcentration="0" boundaryCondition="false" constant="false">
        <annotation>
          <rdf:RDF xmlns:rdf="http://www.w3.org/1999/02/22-rdf-syntax-ns#" xmlns:dc="http://purl.org/dc/elements/1.1/" xmlns:dcterms="http://purl.org/dc/terms/" xmlns:vCard="http://www.w3.org/2001/vcard-rdf/3.0#" xmlns:bqbiol="http://biomodels.net/biology-qualifiers/" xmlns:bqmodel="http://biomodels.net/model-qualifiers/">
            <rdf:Description rdf:about="#COPASI6">
              <bqbiol:isVersionOf>
                <rdf:Bag>
                  <rdf:li rdf:resource="http://identifiers.org/uniprot/P27361"/>
                </rdf:Bag>
              </bqbiol:isVersionOf>
            </rdf:Description>
          </rdf:RDF>
          <COPASI xmlns="http://www.copasi.org/static/sbml">
            <rdf:RDF xmlns:CopasiMT="http://www.copasi.org/RDF/MiriamTerms#" xmlns:dcterms="http://purl.org/dc/terms/" xmlns:rdf="http://www.w3.org/1999/02/22-rdf-syntax-ns#">
              <rdf:Description rdf:about="#COPASI6">
                <dcterms:created>
                  <rdf:Description>
                    <dcterms:W3CDTF>2018-01-26T16:40:43Z</dcterms:W3CDTF>
                  </rdf:Description>
                </dcterms:created>
                <CopasiMT:isVersionOf rdf:resource="urn:miriam:uniprot:P27361"/>
              </rdf:Description>
            </rdf:RDF>
          </COPASI>
        </annotation>
      </species>
      <species metaid="COPASI7" id="RKIPP" name="RKIPP" compartment="cytoplasm" initialConcentration="0" boundaryCondition="false" constant="false">
        <annotation>
          <rdf:RDF xmlns:rdf="http://www.w3.org/1999/02/22-rdf-syntax-ns#" xmlns:dc="http://purl.org/dc/elements/1.1/" xmlns:dcterms="http://purl.org/dc/terms/" xmlns:vCard="http://www.w3.org/2001/vcard-rdf/3.0#" xmlns:bqbiol="http://biomodels.net/biology-qualifiers/" xmlns:bqmodel="http://biomodels.net/model-qualifiers/">
            <rdf:Description rdf:about="#COPASI7">
              <bqbiol:isVersionOf>
                <rdf:Bag>
                  <rdf:li rdf:resource="http://identifiers.org/ncit/C2336"/>
                </rdf:Bag>
              </bqbiol:isVersionOf>
            </rdf:Description>
          </rdf:RDF>
          <COPASI xmlns="http://www.copasi.org/static/sbml">
            <rdf:RDF xmlns:CopasiMT="http://www.copasi.org/RDF/MiriamTerms#" xmlns:dcterms="http://purl.org/dc/terms/" xmlns:rdf="http://www.w3.org/1999/02/22-rdf-syntax-ns#">
              <rdf:Description rdf:about="#COPASI7">
                <dcterms:created>
                  <rdf:Description>
                    <dcterms:W3CDTF>2018-01-26T17:33:53Z</dcterms:W3CDTF>
                  </rdf:Description>
                </dcterms:created>
                <CopasiMT:isVersionOf rdf:resource="urn:miriam:ncit:C2336"/>
              </rdf:Description>
            </rdf:RDF>
          </COPASI>
        </annotation>
      </species>
      <species metaid="COPASI8" id="MEKPP" name="MEKPP" compartment="cytoplasm" initialConcentration="2.5" boundaryCondition="false" constant="false">
        <annotation>
          <rdf:RDF xmlns:rdf="http://www.w3.org/1999/02/22-rdf-syntax-ns#" xmlns:dc="http://purl.org/dc/elements/1.1/" xmlns:dcterms="http://purl.org/dc/terms/" xmlns:vCard="http://www.w3.org/2001/vcard-rdf/3.0#" xmlns:bqbiol="http://biomodels.net/biology-qualifiers/" xmlns:bqmodel="http://biomodels.net/model-qualifiers/">
            <rdf:Description rdf:about="#COPASI8">
              <bqbiol:isVersionOf>
                <rdf:Bag>
                  <rdf:li rdf:resource="http://identifiers.org/uniprot/Q02750"/>
                </rdf:Bag>
              </bqbiol:isVersionOf>
            </rdf:Description>
          </rdf:RDF>
          <COPASI xmlns="http://www.copasi.org/static/sbml">
            <rdf:RDF xmlns:CopasiMT="http://www.copasi.org/RDF/MiriamTerms#" xmlns:dcterms="http://purl.org/dc/terms/" xmlns:rdf="http://www.w3.org/1999/02/22-rdf-syntax-ns#">
              <rdf:Description rdf:about="#COPASI8">
                <dcterms:created>
                  <rdf:Description>
                    <dcterms:W3CDTF>2018-01-26T17:04:28Z</dcterms:W3CDTF>
                  </rdf:Description>
                </dcterms:created>
                <CopasiMT:isVersionOf rdf:resource="urn:miriam:uniprot:Q02750"/>
              </rdf:Description>
            </rdf:RDF>
          </COPASI>
        </annotation>
      </species>
      <species metaid="COPASI9" id="MEKPP_ERK" name="MEKPP_ERK" compartment="cytoplasm" initialConcentration="0" boundaryCondition="false" constant="false">
        <annotation>
          <rdf:RDF xmlns:rdf="http://www.w3.org/1999/02/22-rdf-syntax-ns#" xmlns:dc="http://purl.org/dc/elements/1.1/" xmlns:dcterms="http://purl.org/dc/terms/" xmlns:vCard="http://www.w3.org/2001/vcard-rdf/3.0#" xmlns:bqbiol="http://biomodels.net/biology-qualifiers/" xmlns:bqmodel="http://biomodels.net/model-qualifiers/">
            <rdf:Description rdf:about="#COPASI9">
              <bqbiol:hasPart>
                <rdf:Bag>
                  <rdf:li rdf:resource="http://identifiers.org/uniprot/P27361"/>
                </rdf:Bag>
              </bqbiol:hasPart>
              <bqbiol:hasPart>
                <rdf:Bag>
                  <rdf:li rdf:resource="http://identifiers.org/uniprot/Q02750"/>
                </rdf:Bag>
              </bqbiol:hasPart>
              <bqbiol:isVersionOf>
                <rdf:Bag>
                  <rdf:li rdf:resource="http://identifiers.org/go/GO:0043234"/>
                </rdf:Bag>
              </bqbiol:isVersionOf>
            </rdf:Description>
          </rdf:RDF>
          <COPASI xmlns="http://www.copasi.org/static/sbml">
            <rdf:RDF xmlns:CopasiMT="http://www.copasi.org/RDF/MiriamTerms#" xmlns:dcterms="http://purl.org/dc/terms/" xmlns:rdf="http://www.w3.org/1999/02/22-rdf-syntax-ns#">
              <rdf:Description rdf:about="#COPASI9">
                <dcterms:created>
                  <rdf:Description>
                    <dcterms:W3CDTF>2018-01-26T17:05:45Z</dcterms:W3CDTF>
                  </rdf:Description>
                </dcterms:created>
                <CopasiMT:hasPart rdf:resource="urn:miriam:uniprot:P27361"/>
                <CopasiMT:hasPart rdf:resource="urn:miriam:uniprot:Q02750"/>
                <CopasiMT:isVersionOf rdf:resource="urn:miriam:go:GO:0043234"/>
              </rdf:Description>
            </rdf:RDF>
          </COPASI>
        </annotation>
      </species>
      <species metaid="COPASI10" id="ERKPP" name="ERKPP" compartment="cytoplasm" initialConcentration="2.5" boundaryCondition="false" constant="false">
        <annotation>
          <rdf:RDF xmlns:rdf="http://www.w3.org/1999/02/22-rdf-syntax-ns#" xmlns:dc="http://purl.org/dc/elements/1.1/" xmlns:dcterms="http://purl.org/dc/terms/" xmlns:vCard="http://www.w3.org/2001/vcard-rdf/3.0#" xmlns:bqbiol="http://biomodels.net/biology-qualifiers/" xmlns:bqmodel="http://biomodels.net/model-qualifiers/">
            <rdf:Description rdf:about="#COPASI10">
              <bqbiol:isVersionOf>
                <rdf:Bag>
                  <rdf:li rdf:resource="http://identifiers.org/uniprot/P27361"/>
                </rdf:Bag>
              </bqbiol:isVersionOf>
            </rdf:Description>
          </rdf:RDF>
          <COPASI xmlns="http://www.copasi.org/static/sbml">
            <rdf:RDF xmlns:CopasiMT="http://www.copasi.org/RDF/MiriamTerms#" xmlns:dcterms="http://purl.org/dc/terms/" xmlns:rdf="http://www.w3.org/1999/02/22-rdf-syntax-ns#">
              <rdf:Description rdf:about="#COPASI10">
                <dcterms:created>
                  <rdf:Description>
                    <dcterms:W3CDTF>2018-01-26T17:00:15Z</dcterms:W3CDTF>
                  </rdf:Description>
                </dcterms:created>
                <CopasiMT:isVersionOf rdf:resource="urn:miriam:uniprot:P27361"/>
              </rdf:Description>
            </rdf:RDF>
          </COPASI>
        </annotation>
      </species>
      <species metaid="COPASI11" id="RP" name="RP" compartment="cytoplasm" initialConcentration="3" boundaryCondition="false" constant="false">
        <annotation>
          <rdf:RDF xmlns:rdf="http://www.w3.org/1999/02/22-rdf-syntax-ns#" xmlns:dc="http://purl.org/dc/elements/1.1/" xmlns:dcterms="http://purl.org/dc/terms/" xmlns:vCard="http://www.w3.org/2001/vcard-rdf/3.0#" xmlns:bqbiol="http://biomodels.net/biology-qualifiers/" xmlns:bqmodel="http://biomodels.net/model-qualifiers/">
            <rdf:Description rdf:about="#COPASI11">
              <bqbiol:isVersionOf>
                <rdf:Bag>
                  <rdf:li rdf:resource="http://identifiers.org/ncit/C16981"/>
                </rdf:Bag>
              </bqbiol:isVersionOf>
            </rdf:Description>
          </rdf:RDF>
          <COPASI xmlns="http://www.copasi.org/static/sbml">
            <rdf:RDF xmlns:CopasiMT="http://www.copasi.org/RDF/MiriamTerms#" xmlns:dcterms="http://purl.org/dc/terms/" xmlns:rdf="http://www.w3.org/1999/02/22-rdf-syntax-ns#">
              <rdf:Description rdf:about="#COPASI11">
                <dcterms:created>
                  <rdf:Description>
                    <dcterms:W3CDTF>2018-01-26T17:34:04Z</dcterms:W3CDTF>
                  </rdf:Description>
                </dcterms:created>
                <CopasiMT:isVersionOf rdf:resource="urn:miriam:ncit:C16981"/>
              </rdf:Description>
            </rdf:RDF>
          </COPASI>
        </annotation>
      </species>
      <species metaid="COPASI12" id="RKIPP_RP" name="RKIPP_RP" compartment="cytoplasm" initialConcentration="0" boundaryCondition="false" constant="false">
        <annotation>
          <rdf:RDF xmlns:rdf="http://www.w3.org/1999/02/22-rdf-syntax-ns#" xmlns:dc="http://purl.org/dc/elements/1.1/" xmlns:dcterms="http://purl.org/dc/terms/" xmlns:vCard="http://www.w3.org/2001/vcard-rdf/3.0#" xmlns:bqbiol="http://biomodels.net/biology-qualifiers/" xmlns:bqmodel="http://biomodels.net/model-qualifiers/">
            <rdf:Description rdf:about="#COPASI12">
              <bqbiol:isVersionOf>
                <rdf:Bag>
                  <rdf:li rdf:resource="http://identifiers.org/ncit/C2336"/>
                </rdf:Bag>
              </bqbiol:isVersionOf>
            </rdf:Description>
          </rdf:RDF>
          <COPASI xmlns="http://www.copasi.org/static/sbml">
            <rdf:RDF xmlns:CopasiMT="http://www.copasi.org/RDF/MiriamTerms#" xmlns:dcterms="http://purl.org/dc/terms/" xmlns:rdf="http://www.w3.org/1999/02/22-rdf-syntax-ns#">
              <rdf:Description rdf:about="#COPASI12">
                <dcterms:created>
                  <rdf:Description>
                    <dcterms:W3CDTF>2018-01-26T17:34:04Z</dcterms:W3CDTF>
                  </rdf:Description>
                </dcterms:created>
                <CopasiMT:isVersionOf rdf:resource="urn:miriam:ncit:C2336"/>
              </rdf:Description>
            </rdf:RDF>
          </COPASI>
        </annotation>
      </species>
    </listOfSpecies>
    <listOfParameters>
      <parameter id="k1" name="k1" value="0.53" constant="true"/>
      <parameter id="k2" name="k2" value="0.0072" constant="true"/>
      <parameter id="k3" name="k3" value="0.625" constant="true"/>
      <parameter id="k4" name="k4" value="0.00245" constant="true"/>
      <parameter id="k5" name="k5" value="0.0315" constant="true"/>
      <parameter id="k6" name="k6" value="0.8" constant="true"/>
      <parameter id="k7" name="k7" value="0.0075" constant="true"/>
      <parameter id="k8" name="k8" value="0.071" constant="true"/>
      <parameter id="k9" name="k9" value="0.92" constant="true"/>
      <parameter metaid="COPASI13" id="k10" name="k10" value="0.00122" constant="true">
        <annotation>
          <COPASI xmlns="http://www.copasi.org/static/sbml">
            <rdf:RDF xmlns:dcterms="http://purl.org/dc/terms/" xmlns:rdf="http://www.w3.org/1999/02/22-rdf-syntax-ns#">
              <rdf:Description rdf:about="#COPASI13">
                <dcterms:created>
                  <rdf:Description>
                    <dcterms:W3CDTF>2017-06-26T12:09:34Z</dcterms:W3CDTF>
                  </rdf:Description>
                </dcterms:created>
              </rdf:Description>
            </rdf:RDF>
          </COPASI>
        </annotation>
      </parameter>
      <parameter id="k11" name="k11" value="0.87" constant="true"/>
    </listOfParameters>
    <listOfReactions>
      <reaction metaid="COPASI14" id="Raf1_RKIP_complex_formation" name="Raf1_RKIP complex formation" reversible="false">
        <annotation>
          <rdf:RDF xmlns:rdf="http://www.w3.org/1999/02/22-rdf-syntax-ns#" xmlns:dc="http://purl.org/dc/elements/1.1/" xmlns:dcterms="http://purl.org/dc/terms/" xmlns:vCard="http://www.w3.org/2001/vcard-rdf/3.0#" xmlns:bqbiol="http://biomodels.net/biology-qualifiers/" xmlns:bqmodel="http://biomodels.net/model-qualifiers/">
            <rdf:Description rdf:about="#COPASI14">
              <bqbiol:isVersionOf>
                <rdf:Bag>
                  <rdf:li rdf:resource="http://identifiers.org/sbo/SBO:0000526"/>
                </rdf:Bag>
              </bqbiol:isVersionOf>
            </rdf:Description>
          </rdf:RDF>
          <COPASI xmlns="http://www.copasi.org/static/sbml">
            <rdf:RDF xmlns:CopasiMT="http://www.copasi.org/RDF/MiriamTerms#" xmlns:dcterms="http://purl.org/dc/terms/" xmlns:rdf="http://www.w3.org/1999/02/22-rdf-syntax-ns#">
              <rdf:Description rdf:about="#COPASI14">
                <dcterms:created>
                  <rdf:Description>
                    <dcterms:W3CDTF>2018-01-26T17:47:19Z</dcterms:W3CDTF>
                  </rdf:Description>
                </dcterms:created>
                <CopasiMT:isVersionOf rdf:resource="urn:miriam:sbo:SBO:0000526"/>
              </rdf:Description>
            </rdf:RDF>
          </COPASI>
        </annotation>
        <listOfReactants>
          <speciesReference species="Raf1" stoichiometry="1"/>
          <speciesReference species="RKIP" stoichiometry="1"/>
        </listOfReactants>
        <listOfProducts>
          <speciesReference species="Raf1_RKIP" stoichiometry="1"/>
        </listOfProducts>
        <kineticLaw>
          <math xmlns="http://www.w3.org/1998/Math/MathML">
            <apply>
              <times/>
              <ci> cytoplasm </ci>
              <ci> k1 </ci>
              <ci> Raf1 </ci>
              <ci> RKIP </ci>
            </apply>
          </math>
        </kineticLaw>
      </reaction>
      <reaction metaid="COPASI15" id="Raf1_RKIP_complex_disassembly" name="Raf1_RKIP complex disassembly" reversible="false">
        <annotation>
          <rdf:RDF xmlns:rdf="http://www.w3.org/1999/02/22-rdf-syntax-ns#" xmlns:dc="http://purl.org/dc/elements/1.1/" xmlns:dcterms="http://purl.org/dc/terms/" xmlns:vCard="http://www.w3.org/2001/vcard-rdf/3.0#" xmlns:bqbiol="http://biomodels.net/biology-qualifiers/" xmlns:bqmodel="http://biomodels.net/model-qualifiers/">
            <rdf:Description rdf:about="#COPASI15">
              <bqbiol:isVersionOf>
                <rdf:Bag>
                  <rdf:li rdf:resource="http://identifiers.org/ncit/C52475"/>
                </rdf:Bag>
              </bqbiol:isVersionOf>
            </rdf:Description>
          </rdf:RDF>
          <COPASI xmlns="http://www.copasi.org/static/sbml">
            <rdf:RDF xmlns:CopasiMT="http://www.copasi.org/RDF/MiriamTerms#" xmlns:dcterms="http://purl.org/dc/terms/" xmlns:rdf="http://www.w3.org/1999/02/22-rdf-syntax-ns#">
              <rdf:Description rdf:about="#COPASI15">
                <dcterms:created>
                  <rdf:Description>
                    <dcterms:W3CDTF>2018-01-26T17:46:54Z</dcterms:W3CDTF>
                  </rdf:Description>
                </dcterms:created>
                <CopasiMT:isVersionOf rdf:resource="urn:miriam:ncit:C52475"/>
              </rdf:Description>
            </rdf:RDF>
          </COPASI>
        </annotation>
        <listOfReactants>
          <speciesReference species="Raf1_RKIP" stoichiometry="1"/>
        </listOfReactants>
        <listOfProducts>
          <speciesReference species="Raf1" stoichiometry="1"/>
          <speciesReference species="RKIP" stoichiometry="1"/>
        </listOfProducts>
        <kineticLaw>
          <math xmlns="http://www.w3.org/1998/Math/MathML">
            <apply>
              <times/>
              <ci> cytoplasm </ci>
              <ci> k2 </ci>
              <ci> Raf1_RKIP </ci>
            </apply>
          </math>
        </kineticLaw>
      </reaction>
      <reaction metaid="COPASI16" id="Raf1_RKIP_ERKPP_complex_formation" name="Raf1_RKIP_ERKPP complex formation" reversible="false">
        <annotation>
          <rdf:RDF xmlns:rdf="http://www.w3.org/1999/02/22-rdf-syntax-ns#" xmlns:dc="http://purl.org/dc/elements/1.1/" xmlns:dcterms="http://purl.org/dc/terms/" xmlns:vCard="http://www.w3.org/2001/vcard-rdf/3.0#" xmlns:bqbiol="http://biomodels.net/biology-qualifiers/" xmlns:bqmodel="http://biomodels.net/model-qualifiers/">
            <rdf:Description rdf:about="#COPASI16">
              <bqbiol:isVersionOf>
                <rdf:Bag>
                  <rdf:li rdf:resource="http://identifiers.org/sbo/SBO:0000526"/>
                </rdf:Bag>
              </bqbiol:isVersionOf>
            </rdf:Description>
          </rdf:RDF>
          <COPASI xmlns="http://www.copasi.org/static/sbml">
            <rdf:RDF xmlns:CopasiMT="http://www.copasi.org/RDF/MiriamTerms#" xmlns:dcterms="http://purl.org/dc/terms/" xmlns:rdf="http://www.w3.org/1999/02/22-rdf-syntax-ns#">
              <rdf:Description rdf:about="#COPASI16">
                <dcterms:created>
                  <rdf:Description>
                    <dcterms:W3CDTF>2018-01-26T17:51:52Z</dcterms:W3CDTF>
                  </rdf:Description>
                </dcterms:created>
                <CopasiMT:isVersionOf rdf:resource="urn:miriam:sbo:SBO:0000526"/>
              </rdf:Description>
            </rdf:RDF>
          </COPASI>
        </annotation>
        <listOfReactants>
          <speciesReference species="Raf1_RKIP" stoichiometry="1"/>
          <speciesReference species="ERKPP" stoichiometry="1"/>
        </listOfReactants>
        <listOfProducts>
          <speciesReference species="Raf1_RKIP_ERKPP" stoichiometry="1"/>
        </listOfProducts>
        <kineticLaw>
          <math xmlns="http://www.w3.org/1998/Math/MathML">
            <apply>
              <times/>
              <ci> cytoplasm </ci>
              <ci> k3 </ci>
              <ci> Raf1_RKIP </ci>
              <ci> ERKPP </ci>
            </apply>
          </math>
        </kineticLaw>
      </reaction>
      <reaction metaid="COPASI17" id="Raf1_RKIP_ERKPP_complex_disassembly__ERK_phosphorylation" name="Raf1_RKIP_ERKPP complex disassembly (ERK phosphorylation)" reversible="false">
        <annotation>
          <rdf:RDF xmlns:rdf="http://www.w3.org/1999/02/22-rdf-syntax-ns#" xmlns:dc="http://purl.org/dc/elements/1.1/" xmlns:dcterms="http://purl.org/dc/terms/" xmlns:vCard="http://www.w3.org/2001/vcard-rdf/3.0#" xmlns:bqbiol="http://biomodels.net/biology-qualifiers/" xmlns:bqmodel="http://biomodels.net/model-qualifiers/">
            <rdf:Description rdf:about="#COPASI17">
              <bqbiol:isVersionOf>
                <rdf:Bag>
                  <rdf:li rdf:resource="http://identifiers.org/go/GO:0016310"/>
                </rdf:Bag>
              </bqbiol:isVersionOf>
              <bqbiol:isVersionOf>
                <rdf:Bag>
                  <rdf:li rdf:resource="http://identifiers.org/ncit/C52475"/>
                </rdf:Bag>
              </bqbiol:isVersionOf>
            </rdf:Description>
          </rdf:RDF>
          <COPASI xmlns="http://www.copasi.org/static/sbml">
            <rdf:RDF xmlns:CopasiMT="http://www.copasi.org/RDF/MiriamTerms#" xmlns:dcterms="http://purl.org/dc/terms/" xmlns:rdf="http://www.w3.org/1999/02/22-rdf-syntax-ns#">
              <rdf:Description rdf:about="#COPASI17">
                <dcterms:created>
                  <rdf:Description>
                    <dcterms:W3CDTF>2018-01-26T17:49:32Z</dcterms:W3CDTF>
                  </rdf:Description>
                </dcterms:created>
                <CopasiMT:isVersionOf rdf:resource="urn:miriam:go:GO:0016310"/>
                <CopasiMT:isVersionOf rdf:resource="urn:miriam:ncit:C52475"/>
              </rdf:Description>
            </rdf:RDF>
          </COPASI>
        </annotation>
        <listOfReactants>
          <speciesReference species="Raf1_RKIP_ERKPP" stoichiometry="1"/>
        </listOfReactants>
        <listOfProducts>
          <speciesReference species="Raf1_RKIP" stoichiometry="1"/>
          <speciesReference species="ERKPP" stoichiometry="1"/>
        </listOfProducts>
        <kineticLaw>
          <math xmlns="http://www.w3.org/1998/Math/MathML">
            <apply>
              <times/>
              <ci> cytoplasm </ci>
              <ci> k4 </ci>
              <ci> Raf1_RKIP_ERKPP </ci>
            </apply>
          </math>
        </kineticLaw>
      </reaction>
      <reaction metaid="COPASI18" id="Raf1_RKIP_ERKPP_complex_disassembly__RKIP_phosphorylation" name="Raf1_RKIP_ERKPP complex disassembly (RKIP phosphorylation)" reversible="false">
        <annotation>
          <rdf:RDF xmlns:rdf="http://www.w3.org/1999/02/22-rdf-syntax-ns#" xmlns:dc="http://purl.org/dc/elements/1.1/" xmlns:dcterms="http://purl.org/dc/terms/" xmlns:vCard="http://www.w3.org/2001/vcard-rdf/3.0#" xmlns:bqbiol="http://biomodels.net/biology-qualifiers/" xmlns:bqmodel="http://biomodels.net/model-qualifiers/">
            <rdf:Description rdf:about="#COPASI18">
              <bqbiol:isVersionOf>
                <rdf:Bag>
                  <rdf:li rdf:resource="http://identifiers.org/ncit/C52475"/>
                </rdf:Bag>
              </bqbiol:isVersionOf>
              <bqbiol:isVersionOf>
                <rdf:Bag>
                  <rdf:li rdf:resource="http://identifiers.org/go/GO:0016310"/>
                </rdf:Bag>
              </bqbiol:isVersionOf>
            </rdf:Description>
          </rdf:RDF>
          <COPASI xmlns="http://www.copasi.org/static/sbml">
            <rdf:RDF xmlns:CopasiMT="http://www.copasi.org/RDF/MiriamTerms#" xmlns:dcterms="http://purl.org/dc/terms/" xmlns:rdf="http://www.w3.org/1999/02/22-rdf-syntax-ns#">
              <rdf:Description rdf:about="#COPASI18">
                <dcterms:created>
                  <rdf:Description>
                    <dcterms:W3CDTF>2018-01-26T17:51:26Z</dcterms:W3CDTF>
                  </rdf:Description>
                </dcterms:created>
                <CopasiMT:isVersionOf rdf:resource="urn:miriam:go:GO:0016310"/>
                <CopasiMT:isVersionOf rdf:resource="urn:miriam:ncit:C52475"/>
              </rdf:Description>
            </rdf:RDF>
          </COPASI>
        </annotation>
        <listOfReactants>
          <speciesReference species="Raf1_RKIP_ERKPP" stoichiometry="1"/>
        </listOfReactants>
        <listOfProducts>
          <speciesReference species="Raf1" stoichiometry="1"/>
          <speciesReference species="ERK" stoichiometry="1"/>
          <speciesReference species="RKIPP" stoichiometry="1"/>
        </listOfProducts>
        <kineticLaw>
          <math xmlns="http://www.w3.org/1998/Math/MathML">
            <apply>
              <times/>
              <ci> cytoplasm </ci>
              <ci> k5 </ci>
              <ci> Raf1_RKIP_ERKPP </ci>
            </apply>
          </math>
        </kineticLaw>
      </reaction>
      <reaction metaid="COPASI19" id="MEKPP_ERK_complex_formation" name="MEKPP_ERK complex formation" reversible="false">
        <annotation>
          <rdf:RDF xmlns:rdf="http://www.w3.org/1999/02/22-rdf-syntax-ns#" xmlns:dc="http://purl.org/dc/elements/1.1/" xmlns:dcterms="http://purl.org/dc/terms/" xmlns:vCard="http://www.w3.org/2001/vcard-rdf/3.0#" xmlns:bqbiol="http://biomodels.net/biology-qualifiers/" xmlns:bqmodel="http://biomodels.net/model-qualifiers/">
            <rdf:Description rdf:about="#COPASI19">
              <bqbiol:isVersionOf>
                <rdf:Bag>
                  <rdf:li rdf:resource="http://identifiers.org/sbo/SBO:0000526"/>
                </rdf:Bag>
              </bqbiol:isVersionOf>
            </rdf:Description>
          </rdf:RDF>
          <COPASI xmlns="http://www.copasi.org/static/sbml">
            <rdf:RDF xmlns:CopasiMT="http://www.copasi.org/RDF/MiriamTerms#" xmlns:dcterms="http://purl.org/dc/terms/" xmlns:rdf="http://www.w3.org/1999/02/22-rdf-syntax-ns#">
              <rdf:Description rdf:about="#COPASI19">
                <dcterms:created>
                  <rdf:Description>
                    <dcterms:W3CDTF>2018-01-26T17:44:19Z</dcterms:W3CDTF>
                  </rdf:Description>
                </dcterms:created>
                <CopasiMT:isVersionOf rdf:resource="urn:miriam:sbo:SBO:0000526"/>
              </rdf:Description>
            </rdf:RDF>
          </COPASI>
        </annotation>
        <listOfReactants>
          <speciesReference species="ERK" stoichiometry="1"/>
          <speciesReference species="MEKPP" stoichiometry="1"/>
        </listOfReactants>
        <listOfProducts>
          <speciesReference species="MEKPP_ERK" stoichiometry="1"/>
        </listOfProducts>
        <kineticLaw>
          <math xmlns="http://www.w3.org/1998/Math/MathML">
            <apply>
              <times/>
              <ci> cytoplasm </ci>
              <ci> k6 </ci>
              <ci> ERK </ci>
              <ci> MEKPP </ci>
            </apply>
          </math>
        </kineticLaw>
      </reaction>
      <reaction metaid="COPASI20" id="MEKPP_ERK_complex_disassembly__ERK_unphosphorylated" name="MEKPP_ERK complex disassembly (ERK unphosphorylated)" reversible="false">
        <annotation>
          <rdf:RDF xmlns:rdf="http://www.w3.org/1999/02/22-rdf-syntax-ns#" xmlns:dc="http://purl.org/dc/elements/1.1/" xmlns:dcterms="http://purl.org/dc/terms/" xmlns:vCard="http://www.w3.org/2001/vcard-rdf/3.0#" xmlns:bqbiol="http://biomodels.net/biology-qualifiers/" xmlns:bqmodel="http://biomodels.net/model-qualifiers/">
            <rdf:Description rdf:about="#COPASI20">
              <bqbiol:isVersionOf>
                <rdf:Bag>
                  <rdf:li rdf:resource="http://identifiers.org/go/GO:0016310"/>
                </rdf:Bag>
              </bqbiol:isVersionOf>
              <bqbiol:isVersionOf>
                <rdf:Bag>
                  <rdf:li rdf:resource="http://identifiers.org/ncit/C52475"/>
                </rdf:Bag>
              </bqbiol:isVersionOf>
            </rdf:Description>
          </rdf:RDF>
          <COPASI xmlns="http://www.copasi.org/static/sbml">
            <rdf:RDF xmlns:CopasiMT="http://www.copasi.org/RDF/MiriamTerms#" xmlns:dcterms="http://purl.org/dc/terms/" xmlns:rdf="http://www.w3.org/1999/02/22-rdf-syntax-ns#">
              <rdf:Description rdf:about="#COPASI20">
                <dcterms:created>
                  <rdf:Description>
                    <dcterms:W3CDTF>2018-01-26T17:43:23Z</dcterms:W3CDTF>
                  </rdf:Description>
                </dcterms:created>
                <CopasiMT:isVersionOf rdf:resource="urn:miriam:go:GO:0016310"/>
                <CopasiMT:isVersionOf rdf:resource="urn:miriam:ncit:C52475"/>
              </rdf:Description>
            </rdf:RDF>
          </COPASI>
        </annotation>
        <listOfReactants>
          <speciesReference species="MEKPP_ERK" stoichiometry="1"/>
        </listOfReactants>
        <listOfProducts>
          <speciesReference species="ERK" stoichiometry="1"/>
          <speciesReference species="MEKPP" stoichiometry="1"/>
        </listOfProducts>
        <kineticLaw>
          <math xmlns="http://www.w3.org/1998/Math/MathML">
            <apply>
              <times/>
              <ci> cytoplasm </ci>
              <ci> k7 </ci>
              <ci> MEKPP_ERK </ci>
            </apply>
          </math>
        </kineticLaw>
      </reaction>
      <reaction metaid="COPASI21" id="MEKPP_ERK_complex_disassembly__ERK_phosphorylated" name="MEKPP_ERK complex disassembly (ERK phosphorylated)" reversible="false">
        <annotation>
          <rdf:RDF xmlns:rdf="http://www.w3.org/1999/02/22-rdf-syntax-ns#" xmlns:dc="http://purl.org/dc/elements/1.1/" xmlns:dcterms="http://purl.org/dc/terms/" xmlns:vCard="http://www.w3.org/2001/vcard-rdf/3.0#" xmlns:bqbiol="http://biomodels.net/biology-qualifiers/" xmlns:bqmodel="http://biomodels.net/model-qualifiers/">
            <rdf:Description rdf:about="#COPASI21">
              <bqbiol:isVersionOf>
                <rdf:Bag>
                  <rdf:li rdf:resource="http://identifiers.org/go/GO:0016310"/>
                </rdf:Bag>
              </bqbiol:isVersionOf>
              <bqbiol:isVersionOf>
                <rdf:Bag>
                  <rdf:li rdf:resource="http://identifiers.org/ncit/C52475"/>
                </rdf:Bag>
              </bqbiol:isVersionOf>
            </rdf:Description>
          </rdf:RDF>
          <COPASI xmlns="http://www.copasi.org/static/sbml">
            <rdf:RDF xmlns:CopasiMT="http://www.copasi.org/RDF/MiriamTerms#" xmlns:dcterms="http://purl.org/dc/terms/" xmlns:rdf="http://www.w3.org/1999/02/22-rdf-syntax-ns#">
              <rdf:Description rdf:about="#COPASI21">
                <dcterms:created>
                  <rdf:Description>
                    <dcterms:W3CDTF>2018-01-26T17:38:20Z</dcterms:W3CDTF>
                  </rdf:Description>
                </dcterms:created>
                <CopasiMT:isVersionOf rdf:resource="urn:miriam:go:GO:0016310"/>
                <CopasiMT:isVersionOf rdf:resource="urn:miriam:ncit:C52475"/>
              </rdf:Description>
            </rdf:RDF>
          </COPASI>
        </annotation>
        <listOfReactants>
          <speciesReference species="MEKPP_ERK" stoichiometry="1"/>
        </listOfReactants>
        <listOfProducts>
          <speciesReference species="MEKPP" stoichiometry="1"/>
          <speciesReference species="ERKPP" stoichiometry="1"/>
        </listOfProducts>
        <kineticLaw>
          <math xmlns="http://www.w3.org/1998/Math/MathML">
            <apply>
              <times/>
              <ci> cytoplasm </ci>
              <ci> k8 </ci>
              <ci> MEKPP_ERK </ci>
            </apply>
          </math>
        </kineticLaw>
      </reaction>
      <reaction metaid="COPASI22" id="RKIPP_RP_comlex_formation" name="RKIPP_RP comlex formation" reversible="false">
        <annotation>
          <COPASI xmlns="http://www.copasi.org/static/sbml">
            <rdf:RDF xmlns:dcterms="http://purl.org/dc/terms/" xmlns:rdf="http://www.w3.org/1999/02/22-rdf-syntax-ns#">
              <rdf:Description rdf:about="#COPASI22">
                <dcterms:created>
                  <rdf:Description>
                    <dcterms:W3CDTF>2018-01-26T17:52:07Z</dcterms:W3CDTF>
                  </rdf:Description>
                </dcterms:created>
              </rdf:Description>
            </rdf:RDF>
          </COPASI>
        </annotation>
        <listOfReactants>
          <speciesReference species="RKIPP" stoichiometry="1"/>
          <speciesReference species="RP" stoichiometry="1"/>
        </listOfReactants>
        <listOfProducts>
          <speciesReference species="RKIPP_RP" stoichiometry="1"/>
        </listOfProducts>
        <kineticLaw>
          <math xmlns="http://www.w3.org/1998/Math/MathML">
            <apply>
              <times/>
              <ci> cytoplasm </ci>
              <ci> k9 </ci>
              <ci> RKIPP </ci>
              <ci> RP </ci>
            </apply>
          </math>
        </kineticLaw>
      </reaction>
      <reaction metaid="COPASI23" id="RKIPP_RP_complex_disassembly__phosphorylated_RKIP" name="RKIPP_RP complex disassembly (phosphorylated RKIP)" reversible="false">
        <annotation>
          <rdf:RDF xmlns:rdf="http://www.w3.org/1999/02/22-rdf-syntax-ns#" xmlns:dc="http://purl.org/dc/elements/1.1/" xmlns:dcterms="http://purl.org/dc/terms/" xmlns:vCard="http://www.w3.org/2001/vcard-rdf/3.0#" xmlns:bqbiol="http://biomodels.net/biology-qualifiers/" xmlns:bqmodel="http://biomodels.net/model-qualifiers/">
            <rdf:Description rdf:about="#COPASI23">
              <bqbiol:isVersionOf>
                <rdf:Bag>
                  <rdf:li rdf:resource="http://identifiers.org/go/GO:0016310"/>
                </rdf:Bag>
              </bqbiol:isVersionOf>
              <bqbiol:isVersionOf>
                <rdf:Bag>
                  <rdf:li rdf:resource="http://identifiers.org/ncit/C52475"/>
                </rdf:Bag>
              </bqbiol:isVersionOf>
            </rdf:Description>
          </rdf:RDF>
          <COPASI xmlns="http://www.copasi.org/static/sbml">
            <rdf:RDF xmlns:CopasiMT="http://www.copasi.org/RDF/MiriamTerms#" xmlns:dcterms="http://purl.org/dc/terms/" xmlns:rdf="http://www.w3.org/1999/02/22-rdf-syntax-ns#">
              <rdf:Description rdf:about="#COPASI23">
                <dcterms:created>
                  <rdf:Description>
                    <dcterms:W3CDTF>2018-01-26T17:54:22Z</dcterms:W3CDTF>
                  </rdf:Description>
                </dcterms:created>
                <CopasiMT:isVersionOf rdf:resource="urn:miriam:go:GO:0016310"/>
                <CopasiMT:isVersionOf rdf:resource="urn:miriam:ncit:C52475"/>
              </rdf:Description>
            </rdf:RDF>
          </COPASI>
        </annotation>
        <listOfReactants>
          <speciesReference species="RKIPP_RP" stoichiometry="1"/>
        </listOfReactants>
        <listOfProducts>
          <speciesReference species="RP" stoichiometry="1"/>
          <speciesReference species="RKIPP" stoichiometry="1"/>
        </listOfProducts>
        <kineticLaw>
          <math xmlns="http://www.w3.org/1998/Math/MathML">
            <apply>
              <times/>
              <ci> cytoplasm </ci>
              <ci> k10 </ci>
              <ci> RKIPP_RP </ci>
            </apply>
          </math>
        </kineticLaw>
      </reaction>
      <reaction metaid="COPASI24" id="RKIPP_RP_complex_disassembly__unphosphorylated_RKIP" name="RKIPP_RP complex disassembly (unphosphorylated RKIP)" reversible="false">
        <annotation>
          <rdf:RDF xmlns:rdf="http://www.w3.org/1999/02/22-rdf-syntax-ns#" xmlns:dc="http://purl.org/dc/elements/1.1/" xmlns:dcterms="http://purl.org/dc/terms/" xmlns:vCard="http://www.w3.org/2001/vcard-rdf/3.0#" xmlns:bqbiol="http://biomodels.net/biology-qualifiers/" xmlns:bqmodel="http://biomodels.net/model-qualifiers/">
            <rdf:Description rdf:about="#COPASI24">
              <bqbiol:isVersionOf>
                <rdf:Bag>
                  <rdf:li rdf:resource="http://identifiers.org/go/GO:0016310"/>
                </rdf:Bag>
              </bqbiol:isVersionOf>
              <bqbiol:isVersionOf>
                <rdf:Bag>
                  <rdf:li rdf:resource="http://identifiers.org/ncit/C52475"/>
                </rdf:Bag>
              </bqbiol:isVersionOf>
            </rdf:Description>
          </rdf:RDF>
          <COPASI xmlns="http://www.copasi.org/static/sbml">
            <rdf:RDF xmlns:CopasiMT="http://www.copasi.org/RDF/MiriamTerms#" xmlns:dcterms="http://purl.org/dc/terms/" xmlns:rdf="http://www.w3.org/1999/02/22-rdf-syntax-ns#">
              <rdf:Description rdf:about="#COPASI24">
                <dcterms:created>
                  <rdf:Description>
                    <dcterms:W3CDTF>2018-01-26T17:54:44Z</dcterms:W3CDTF>
                  </rdf:Description>
                </dcterms:created>
                <CopasiMT:isVersionOf rdf:resource="urn:miriam:go:GO:0016310"/>
                <CopasiMT:isVersionOf rdf:resource="urn:miriam:ncit:C52475"/>
              </rdf:Description>
            </rdf:RDF>
          </COPASI>
        </annotation>
        <listOfReactants>
          <speciesReference species="RKIPP_RP" stoichiometry="1"/>
        </listOfReactants>
        <listOfProducts>
          <speciesReference species="RP" stoichiometry="1"/>
          <speciesReference species="RKIP" stoichiometry="1"/>
        </listOfProducts>
        <kineticLaw>
          <math xmlns="http://www.w3.org/1998/Math/MathML">
            <apply>
              <times/>
              <ci> cytoplasm </ci>
              <ci> k11 </ci>
              <ci> RKIPP_RP </ci>
            </apply>
          </math>
        </kineticLaw>
      </reaction>
    </listOfReactions>
  </model>
</sbml>
