[{"file": "simulation_3.sedml"}, {"file": "simulation_1.sedml"}, {"file": "jung-10-lesion-documentation.html"}, {"file": "index.html"}, {"file": "report.csv"}, {"file": "simulation_0.sedml"}, {"file": "simulation_2.sedml"}, {"file": "arrhenius-cell-death-documentation.html"}, {"file": "oneill_cell_death_fast.cellml"}, {"file": "oneill-2011-documentation.html"}, {"file": "arrhenius-cell-death.cellml"}, {"file": "oneill-fig.png"}, {"file": "cell-death-schem.png"}, {"file": "cell-death-schem.svg"}, {"file": "moussa-documentation.html"}, {"file": "moussa.cellml"}, {"file": "jung-10-lesion.cellml"}]