<?xml version='1.0' encoding='UTF-8' standalone='no'?>
<sbml xmlns="http://www.sbml.org/sbml/level2" level="2" metaid="metaid_0000001" version="1">
  <model id="Curien2003_MetThr_synthesis" metaid="metaid_0000002" name="Curien2003_MetThr_synthesis">
    <notes>
      <body xmlns="http://www.w3.org/1999/xhtml">
        <p>This a model from the article:      <br/>
                <strong>A kinetic model of the branch-point between the methionine and threonine biosynthesis pathways in Arabidopsis thaliana.</strong>
                <br/>
          Curien G,  Ravanel S, Dumas R      <em>Eur. J. Biochem.</em>
          2003 Dec; Volume: 270 (Issue: 23 )]:4615-27      <a href="http://www.ncbi.nlm.nih.gov/pubmed/14622248">14622248</a>
          ,      <br/>
                <strong>Abstract:</strong>
                <br/>
          This work proposes a model of the metabolic branch-point between the methionine and threonine biosynthesis pathways in Arabidopsis thaliana which involves kinetic competition for phosphohomoserine between the allosteric enzyme threonine synthase and the two-substrate enzyme cystathionine gamma-synthase. Threonine synthase is activated by S-adenosylmethionine and inhibited by AMP. Cystathionine gamma-synthase condenses phosphohomoserine to cysteine via a ping-pong mechanism. Reactions are irreversible and inhibited by inorganic phosphate. The modelling procedure included an examination of the kinetic links, the determination of the operating conditions in chloroplasts and the establishment of a computer model using the enzyme rate equations. To test the model, the branch-point was reconstituted with purified enzymes. The computer model showed a partial agreement with the in vitro results. The model was subsequently improved and was then found consistent with flux partition in vitro and in vivo. Under near physiological conditions, S-adenosylmethionine, but not AMP, modulates the partition of a steady-state flux of phosphohomoserine. The computer model indicates a high sensitivity of cystathionine flux to enzyme and S-adenosylmethionine concentrations. Cystathionine flux is sensitive to modulation of threonine flux whereas the reverse is not true. The cystathionine gamma-synthase kinetic mechanism favours a low sensitivity of the fluxes to cysteine. Though sensitivity to inorganic phosphate is low, its concentration conditions the dynamics of the system. Threonine synthase and cystathionine gamma-synthase display similar kinetic efficiencies in the metabolic context considered and are first-order for the phosphohomoserine substrate. Under these conditions outflows are coordinated.      </p>
            <br/>
            <p align="left">      <font face="Arial, Helvetica, sans-serif">        <b>          <a href="http://www.sbml.org/">SBML</a>
              level 2 code generated for the JWS Online project by Jacky Snoep using          <a href="http://pysces.sourceforge.net/">PySCeS</a>
                        <br/>
              Run this model online at          <a href="http://jjj.biochem.sun.ac.za/">http://jjj.biochem.sun.ac.za</a>
                        <br/>
              To cite JWS Online please refer to: Olivier, B.G. and Snoep, J.L. (2004)          <a href="http://bioinformatics.oupjournals.org/cgi/content/abstract/20/13/2143">Web-based 
modelling using JWS Online</a>
              , Bioinformatics, 20:2143-2144          </b>
                    </font>
                </p>
            <p>      <u>Biomodels Curation</u>
          The model simulates the flux for TS and CGS under conditions given in Table 2 and reproduces the dotted lines given in Table 3 of the paper. There is a typo in the equation for the apparent specificity constant for Phser, Kts (equation13). This was changed after communication with the authors to be: Kts = 5.9E-4+6.2E-2*pow(AdoMet,2.9)/(pow(32,2.9)+pow(AdoMet,2.9)). The model was successfully tested on Jarnac and Copasi. Due to a suggestion from Pedro Mendez the parameter AdoMet, TS and CGS where made constant species.      </p>
            <p>This model originates from BioModels Database: A Database of Annotated Published Models (http://www.ebi.ac.uk/biomodels/). It is copyright (c) 2005-2010 The BioModels.net Team.      <br/>
          For more information see the      <a href="http://www.ebi.ac.uk/biomodels/legal.html" target="_blank">terms of use</a>
          .      <br/>
          To cite BioModels Database, please use:      <a href="http://www.ncbi.nlm.nih.gov/pubmed/20587024" target="_blank">Li C, Donizelli M, Rodriguez N, Dharuri H, Endler L, Chelliah V, Li L, He E, Henry A, Stefan MI, Snoep JL, Hucka M, Le Novère N, Laibe C (2010) BioModels Database: An enhanced, curated and annotated resource for published quantitative kinetic models. BMC Syst Biol., 4:92.</a>
                </p>
            </body>
      
    </notes>
    <annotation>
      <rdf:RDF xmlns:rdf="http://www.w3.org/1999/02/22-rdf-syntax-ns#" xmlns:bqmodel="http://biomodels.net/model-qualifiers/" xmlns:vCard="http://www.w3.org/2001/vcard-rdf/3.0#" xmlns:dc="http://purl.org/dc/elements/1.1/" xmlns:dcterms="http://purl.org/dc/terms/" xmlns:bqbiol="http://biomodels.net/biology-qualifiers/">
        <rdf:Description rdf:about="#metaid_0000002">
	<dc:creator>
	<rdf:Bag>
	<rdf:li rdf:parseType="Resource">
	<vCard:N rdf:parseType="Resource">
	<vCard:Family>Snoep</vCard:Family>
	<vCard:Given>Jacky L</vCard:Given>
	</vCard:N>
	<vCard:EMAIL>jls@sun.ac.za</vCard:EMAIL>
	<vCard:ORG rdf:parseType="Resource">
	<vCard:Orgname>Stellenbosh University</vCard:Orgname>
	</vCard:ORG>
	</rdf:li>
	
	<rdf:li rdf:parseType="Resource">
	<vCard:N rdf:parseType="Resource">
	<vCard:Family>Endler</vCard:Family>
	<vCard:Given>Lukas</vCard:Given>
	</vCard:N>
	<vCard:EMAIL>lukas@ebi.ac.uk</vCard:EMAIL>
	<vCard:ORG rdf:parseType="Resource">
	<vCard:Orgname>EMBL-EBI</vCard:Orgname>
	</vCard:ORG>
	</rdf:li>
	<rdf:li rdf:parseType="Resource">
	<vCard:N rdf:parseType="Resource">
	<vCard:Family>Dharuri</vCard:Family>
	<vCard:Given>Harish</vCard:Given>
	</vCard:N>
	<vCard:EMAIL>hdharuri@cds.caltech.edu</vCard:EMAIL>
	<vCard:ORG rdf:parseType="Resource">
	<vCard:Orgname>California Institute of Technology</vCard:Orgname>
	</vCard:ORG>
	</rdf:li>
	</rdf:Bag>
	</dc:creator>
	<dcterms:created rdf:parseType="Resource">
	<dcterms:W3CDTF>2006-08-30T21:46:53Z</dcterms:W3CDTF>
	</dcterms:created>
	<dcterms:modified rdf:parseType="Resource">
	<dcterms:W3CDTF>2012-05-16T10:20:30Z</dcterms:W3CDTF>
	</dcterms:modified>
	<bqmodel:is>
	<rdf:Bag>
	<rdf:li rdf:resource="http://identifiers.org/biomodels.db/MODEL6624146302"/>
	</rdf:Bag>
	</bqmodel:is>
	<bqmodel:is>
	<rdf:Bag>
	<rdf:li rdf:resource="http://identifiers.org/biomodels.db/BIOMD0000000068"/>
	</rdf:Bag>
	</bqmodel:is>
	<bqmodel:isDescribedBy>
	<rdf:Bag>
	<rdf:li rdf:resource="http://identifiers.org/pubmed/14622248"/>
	</rdf:Bag>
	</bqmodel:isDescribedBy>
	<bqbiol:hasPart>
	<rdf:Bag>
	<rdf:li rdf:resource="http://identifiers.org/go/GO:0019283"/>
	<rdf:li rdf:resource="http://identifiers.org/go/GO:0009088"/>
	</rdf:Bag>
	</bqbiol:hasPart>
	<bqbiol:hasPart>
	<rdf:Bag>
	<rdf:li rdf:resource="http://identifiers.org/kegg.pathway/map00260"/>
	<rdf:li rdf:resource="http://identifiers.org/kegg.pathway/map00271"/>
	</rdf:Bag>
	</bqbiol:hasPart>
	<bqbiol:hasTaxon>
	<rdf:Bag>
	<rdf:li rdf:resource="http://identifiers.org/taxonomy/3702"/>
	</rdf:Bag>
	</bqbiol:hasTaxon>
	</rdf:Description>
	
      </rdf:RDF>
    </annotation>
      <listOfUnitDefinitions>
      <unitDefinition id="substance" metaid="metaid_0000013" name="micromole">
        <listOfUnits>
          <unit kind="mole" metaid="_824617" scale="-6"/>
        </listOfUnits>
      </unitDefinition>
      <unitDefinition id="microM" metaid="metaid_0000014" name="microM">
        <listOfUnits>
          <unit kind="mole" metaid="_824629" scale="-6"/>
          <unit exponent="-1" kind="litre" metaid="_824641"/>
        </listOfUnits>
      </unitDefinition>
      <unitDefinition id="sec_inverse" metaid="metaid_0000015" name="sec_inverse">
        <listOfUnits>
          <unit exponent="-1" kind="second" metaid="_824653"/>
        </listOfUnits>
      </unitDefinition>
      <unitDefinition id="microM_per_second" metaid="metaid_0000016" name="microM_per_second">
        <listOfUnits>
          <unit kind="mole" metaid="_824665" scale="-6"/>
          <unit exponent="-1" kind="litre" metaid="_824677"/>
          <unit exponent="-1" kind="second" metaid="_824689"/>
        </listOfUnits>
      </unitDefinition>
    </listOfUnitDefinitions>
    <listOfCompartments>
      <compartment id="compartment" metaid="metaid_0000003" name="Cell" size="1">
        <annotation>
          <rdf:RDF xmlns:rdf="http://www.w3.org/1999/02/22-rdf-syntax-ns#" xmlns:bqmodel="http://biomodels.net/model-qualifiers/" xmlns:bqbiol="http://biomodels.net/biology-qualifiers/">
            <rdf:Description rdf:about="#metaid_0000003">
	<bqbiol:is>
	<rdf:Bag>
	<rdf:li rdf:resource="http://identifiers.org/go/GO:0005623"/>
	</rdf:Bag>
	</bqbiol:is>
	</rdf:Description>
	
          </rdf:RDF>
        </annotation>
            </compartment>
    </listOfCompartments>
    <listOfSpecies>
      <species compartment="compartment" id="Phser" initialConcentration="0" metaid="metaid_0000004" name="Phosphohomoserine">
        <annotation>
          <rdf:RDF xmlns:rdf="http://www.w3.org/1999/02/22-rdf-syntax-ns#" xmlns:bqmodel="http://biomodels.net/model-qualifiers/" xmlns:bqbiol="http://biomodels.net/biology-qualifiers/">
            <rdf:Description rdf:about="#metaid_0000004">
	<bqbiol:is>
	<rdf:Bag>
	<rdf:li rdf:resource="http://identifiers.org/chebi/CHEBI:15961"/>
	<rdf:li rdf:resource="http://identifiers.org/kegg.compound/C01102"/>
	</rdf:Bag>
	</bqbiol:is>
	</rdf:Description>
	
          </rdf:RDF>
        </annotation>
            </species>
      <species boundaryCondition="true" compartment="compartment" id="Thr" initialConcentration="0" metaid="metaid_0000005" name="Threonine">
        <annotation>
          <rdf:RDF xmlns:rdf="http://www.w3.org/1999/02/22-rdf-syntax-ns#" xmlns:bqmodel="http://biomodels.net/model-qualifiers/" xmlns:bqbiol="http://biomodels.net/biology-qualifiers/">
            <rdf:Description rdf:about="#metaid_0000005">
	<bqbiol:is>
	<rdf:Bag>
	<rdf:li rdf:resource="http://identifiers.org/chebi/CHEBI:16857"/>
	<rdf:li rdf:resource="http://identifiers.org/kegg.compound/C00188"/>
	</rdf:Bag>
	</bqbiol:is>
	</rdf:Description>
	
          </rdf:RDF>
        </annotation>
            </species>
      <species boundaryCondition="true" compartment="compartment" id="Cystathionine" initialConcentration="0" metaid="metaid_0000006" name="Cystathionine">
        <annotation>
          <rdf:RDF xmlns:rdf="http://www.w3.org/1999/02/22-rdf-syntax-ns#" xmlns:bqmodel="http://biomodels.net/model-qualifiers/" xmlns:bqbiol="http://biomodels.net/biology-qualifiers/">
            <rdf:Description rdf:about="#metaid_0000006">
	<bqbiol:is>
	<rdf:Bag>
	<rdf:li rdf:resource="http://identifiers.org/chebi/CHEBI:17482"/>
	<rdf:li rdf:resource="http://identifiers.org/kegg.compound/C02291"/>
	</rdf:Bag>
	</bqbiol:is>
	</rdf:Description>
	
          </rdf:RDF>
        </annotation>
            </species>
      <species boundaryCondition="true" compartment="compartment" id="Hser" initialConcentration="0" metaid="metaid_0000007" name="Homoserine">
        <annotation>
          <rdf:RDF xmlns:rdf="http://www.w3.org/1999/02/22-rdf-syntax-ns#" xmlns:bqmodel="http://biomodels.net/model-qualifiers/" xmlns:bqbiol="http://biomodels.net/biology-qualifiers/">
            <rdf:Description rdf:about="#metaid_0000007">
	<bqbiol:is>
	<rdf:Bag>
	<rdf:li rdf:resource="http://identifiers.org/chebi/CHEBI:15699"/>
	<rdf:li rdf:resource="http://identifiers.org/kegg.compound/C00263"/>
	</rdf:Bag>
	</bqbiol:is>
	</rdf:Description>
	
          </rdf:RDF>
        </annotation>
            </species>
      <species boundaryCondition="true" compartment="compartment" id="Phi" initialConcentration="10000" metaid="metaid_0000008" name="Inorganic phosphate">
        <annotation>
          <rdf:RDF xmlns:rdf="http://www.w3.org/1999/02/22-rdf-syntax-ns#" xmlns:bqmodel="http://biomodels.net/model-qualifiers/" xmlns:bqbiol="http://biomodels.net/biology-qualifiers/">
            <rdf:Description rdf:about="#metaid_0000008">
	<bqbiol:is>
	<rdf:Bag>
	<rdf:li rdf:resource="http://identifiers.org/chebi/CHEBI:18367"/>
	<rdf:li rdf:resource="http://identifiers.org/kegg.compound/C00009"/>
	</rdf:Bag>
	</bqbiol:is>
	</rdf:Description>
	
          </rdf:RDF>
        </annotation>
            </species>
      <species boundaryCondition="true" compartment="compartment" id="Cys" initialConcentration="15" metaid="metaid_0000009" name="Cysteine">
        <annotation>
          <rdf:RDF xmlns:rdf="http://www.w3.org/1999/02/22-rdf-syntax-ns#" xmlns:bqmodel="http://biomodels.net/model-qualifiers/" xmlns:bqbiol="http://biomodels.net/biology-qualifiers/">
            <rdf:Description rdf:about="#metaid_0000009">
	<bqbiol:is>
	<rdf:Bag>
	<rdf:li rdf:resource="http://identifiers.org/chebi/CHEBI:17561"/>
	<rdf:li rdf:resource="http://identifiers.org/kegg.compound/C00097"/>
	</rdf:Bag>
	</bqbiol:is>
	</rdf:Description>
	
          </rdf:RDF>
        </annotation>
            </species>
      <species compartment="compartment" constant="true" id="AdoMet" initialConcentration="20" metaid="metaid_0000017" name="S-adenosylmethionine">
        <annotation>
          <rdf:RDF xmlns:rdf="http://www.w3.org/1999/02/22-rdf-syntax-ns#" xmlns:bqmodel="http://biomodels.net/model-qualifiers/" xmlns:bqbiol="http://biomodels.net/biology-qualifiers/">
            <rdf:Description rdf:about="#metaid_0000017">
	<bqbiol:is>
	<rdf:Bag>
	<rdf:li rdf:resource="http://identifiers.org/chebi/CHEBI:15414"/>
	<rdf:li rdf:resource="http://identifiers.org/kegg.compound/C00019"/>
	</rdf:Bag>
	</bqbiol:is>
	</rdf:Description>
	
          </rdf:RDF>
        </annotation>
            </species>
      <species compartment="compartment" constant="true" id="CGS" initialConcentration="0.7" metaid="metaid_0000018" name="Cystathionine gamma-synthase">
        <annotation>
          <rdf:RDF xmlns:rdf="http://www.w3.org/1999/02/22-rdf-syntax-ns#" xmlns:bqmodel="http://biomodels.net/model-qualifiers/" xmlns:bqbiol="http://biomodels.net/biology-qualifiers/">
            <rdf:Description rdf:about="#metaid_0000018">
	<bqbiol:isVersionOf>
	<rdf:Bag>
	<rdf:li rdf:resource="http://identifiers.org/uniprot/P55217"/>
	</rdf:Bag>
	</bqbiol:isVersionOf>
	</rdf:Description>
	
          </rdf:RDF>
        </annotation>
            </species>
      <species compartment="compartment" constant="true" id="TS" initialConcentration="5" metaid="metaid_0000019" name="Threonine synthase">
        <annotation>
          <rdf:RDF xmlns:rdf="http://www.w3.org/1999/02/22-rdf-syntax-ns#" xmlns:bqmodel="http://biomodels.net/model-qualifiers/" xmlns:bqbiol="http://biomodels.net/biology-qualifiers/">
            <rdf:Description rdf:about="#metaid_0000019">
	<bqbiol:isVersionOf>
	<rdf:Bag>
	<rdf:li rdf:resource="http://identifiers.org/uniprot/Q9S7B5"/>
	</rdf:Bag>
	</bqbiol:isVersionOf>
	</rdf:Description>
	
          </rdf:RDF>
        </annotation>
            </species>
    </listOfSpecies>
    <listOfReactions>
      <reaction id="v1" metaid="metaid_0000010" name="Phosphohomoserine synthesis">
        <annotation>
          <rdf:RDF xmlns:rdf="http://www.w3.org/1999/02/22-rdf-syntax-ns#" xmlns:bqmodel="http://biomodels.net/model-qualifiers/" xmlns:bqbiol="http://biomodels.net/biology-qualifiers/">
            <rdf:Description rdf:about="#metaid_0000010">
              <bqbiol:isVersionOf>
	<rdf:Bag>
	<rdf:li rdf:resource="http://identifiers.org/ec-code/2.7.1.39"/>
	<rdf:li rdf:resource="http://identifiers.org/go/GO:0004413"/>
	</rdf:Bag>
	</bqbiol:isVersionOf>
	
	<bqbiol:is>
	<rdf:Bag>
	<rdf:li rdf:resource="http://identifiers.org/kegg.reaction/R01775"/>
	</rdf:Bag>
	</bqbiol:is>
	</rdf:Description>
	
          </rdf:RDF>
        </annotation>
              <listOfReactants>
          <speciesReference metaid="_824701" species="Hser"/>
        </listOfReactants>
        <listOfProducts>
          <speciesReference metaid="_824713" species="Phser"/>
        </listOfProducts>
        <kineticLaw metaid="_824725">
          <math xmlns="http://www.w3.org/1998/Math/MathML">          
            <apply>
              <times/>
              <ci> compartment </ci>
              <ci> V0 </ci>
            </apply>
          </math>
                  <listOfParameters>
            <parameter id="V0" metaid="_195964" units="microM_per_second" value="1"/>
          </listOfParameters>
        </kineticLaw>
      </reaction>
      <reaction id="vCys" metaid="metaid_0000011" name="Cystathionine gamma-synthase">
        <annotation>
          <rdf:RDF xmlns:rdf="http://www.w3.org/1999/02/22-rdf-syntax-ns#" xmlns:bqmodel="http://biomodels.net/model-qualifiers/" xmlns:bqbiol="http://biomodels.net/biology-qualifiers/">
            <rdf:Description rdf:about="#metaid_0000011">
	<bqbiol:isVersionOf>
	<rdf:Bag>
	<rdf:li rdf:resource="http://identifiers.org/ec-code/2.5.1.48"/>
	<rdf:li rdf:resource="http://identifiers.org/go/GO:0003962"/>
	</rdf:Bag>
	</bqbiol:isVersionOf>
	</rdf:Description>
	
          </rdf:RDF>
        </annotation>
              <listOfReactants>
          <speciesReference metaid="_824737" species="Phser"/>
          <speciesReference metaid="_824750" species="Cys"/>
        </listOfReactants>
        <listOfProducts>
          <speciesReference metaid="_824762" species="Cystathionine"/>
          <speciesReference metaid="_824774" species="Phi"/>
        </listOfProducts>
        <listOfModifiers>
          <modifierSpeciesReference metaid="_824786" species="CGS"/>
        </listOfModifiers>
        <kineticLaw metaid="_824799">
          <math xmlns="http://www.w3.org/1998/Math/MathML">          
            <apply>
              <divide/>
              <apply>
                <times/>
                <ci> CGS </ci>
                <apply>
                  <divide/>
                  <ci> kcat2 </ci>
                  <apply>
                    <plus/>
                    <cn type="integer"> 1 </cn>
                    <apply>
                      <divide/>
                      <ci> KmCYS </ci>
                      <ci> Cys </ci>
                    </apply>
                  </apply>
                </apply>
                <ci> Phser </ci>
              </apply>
              <apply>
                <plus/>
                <ci> Phser </ci>
                <apply>
                  <divide/>
                  <apply>
                    <times/>
                    <ci> KmPHSER </ci>
                    <apply>
                      <plus/>
                      <cn type="integer"> 1 </cn>
                      <apply>
                        <divide/>
                        <ci> Phi </ci>
                        <ci> Ki2 </ci>
                      </apply>
                    </apply>
                  </apply>
                  <apply>
                    <plus/>
                    <cn type="integer"> 1 </cn>
                    <apply>
                      <divide/>
                      <ci> KmCYS </ci>
                      <ci> Cys </ci>
                    </apply>
                  </apply>
                </apply>
              </apply>
            </apply>
          </math>
                  <listOfParameters>
            <parameter id="kcat2" metaid="_195965" units="microM" value="30"/>
            <parameter id="KmCYS" metaid="_195966" units="microM" value="460"/>
            <parameter id="KmPHSER" metaid="_195969" units="microM" value="2500"/>
            <parameter id="Ki2" metaid="_195972" units="microM" value="2000"/>
          </listOfParameters>
        </kineticLaw>
      </reaction>
      <reaction id="vThr" metaid="metaid_0000012" name="Threonine Synthase">
        <annotation>
          <rdf:RDF xmlns:rdf="http://www.w3.org/1999/02/22-rdf-syntax-ns#" xmlns:bqmodel="http://biomodels.net/model-qualifiers/" xmlns:bqbiol="http://biomodels.net/biology-qualifiers/">
            <rdf:Description rdf:about="#metaid_0000012">
              <bqbiol:is>
	<rdf:Bag>
	<rdf:li rdf:resource="http://identifiers.org/kegg.reaction/R01466"/>
	</rdf:Bag>
	</bqbiol:is>
	
	<bqbiol:isVersionOf>
	<rdf:Bag>
	<rdf:li rdf:resource="http://identifiers.org/ec-code/4.2.3.1"/>
	<rdf:li rdf:resource="http://identifiers.org/go/GO:0004795"/>
	</rdf:Bag>
	</bqbiol:isVersionOf>
	</rdf:Description>
	
          </rdf:RDF>
        </annotation>
              <listOfReactants>
          <speciesReference metaid="_824811" species="Phser"/>
        </listOfReactants>
        <listOfProducts>
          <speciesReference metaid="_824823" species="Thr"/>
          <speciesReference metaid="_824835" species="Phi"/>
        </listOfProducts>
        <listOfModifiers>
          <modifierSpeciesReference metaid="_824847" species="AdoMet"/>
          <modifierSpeciesReference metaid="_824859" species="TS"/>
        </listOfModifiers>
        <kineticLaw metaid="_824871">
          <math xmlns="http://www.w3.org/1998/Math/MathML">          
            <apply>
              <divide/>
              <apply>
                <times/>
                <ci> TS </ci>
                <apply>
                  <plus/>
                  <cn type="e-notation">5.9 <sep/> -4 </cn>
                  <apply>
                    <divide/>
                    <apply>
                      <times/>
                      <cn> 0.062 </cn>
                      <apply>
                        <power/>
                        <ci> AdoMet </ci>
                        <cn> 2.9 </cn>
                      </apply>
                    </apply>
                    <apply>
                      <plus/>
                      <apply>
                        <power/>
                        <cn type="integer"> 32 </cn>
                        <cn> 2.9 </cn>
                      </apply>
                      <apply>
                        <power/>
                        <ci> AdoMet </ci>
                        <cn> 2.9 </cn>
                      </apply>
                    </apply>
                  </apply>
                </apply>
                <ci> Phser </ci>
              </apply>
              <apply>
                <plus/>
                <cn type="integer"> 1 </cn>
                <apply>
                  <divide/>
                  <ci> Phi </ci>
                  <ci> Ki3 </ci>
                </apply>
              </apply>
            </apply>
          </math>
                  <listOfParameters>
            <parameter id="Ki3" metaid="_195973" units="microM" value="1000"/>
          </listOfParameters>
        </kineticLaw>
      </reaction>
    </listOfReactions>
  </model>
</sbml>