[{"file": "Fig1 population collapse.png"}, {"file": "Lewkiewics2019 - effects of aging on naive T cell populations and diversity.sedml"}, {"file": "autogen_report_for_task1.csv"}, {"file": "curation_image.png"}, {"file": "plot_1_task1.csv"}, {"file": "FIg1 unbounded growth.png"}, {"file": "BIOMD0000000824_tellurium_A_Mathematical_Model_of_the_Ef.ant"}, {"file": "Lewkiewics2019 - effects of aging on naive T cell populations and diversity.cps"}, {"file": "Lewkiewics2019 - effects of aging on naive T cell populations and diversity.xml"}]